dataset_id,assay,tissue,state_a,state_b,normal_contrast,n_eligible_cell_types,n_cells_pair,n_donors_pair,n_donors_state_a,n_donors_state_b,eligible_cell_types
19053a82-9c89-4fb8-bd19-d7b1800b0b7b,10x 3' v2,colon,normal,ulcerative colitis,True,40,44560,11,6,5,"CD16-negative, CD56-bright natural killer cell, human; CD4-positive, alpha-beta memory T cell; CD8-positive, alpha-beta memory T cell; IgA plasma cell; IgG plasma cell; IgM plasma cell; T follicular helper cell; T-helper 17 cell; TREM2-positive macrophage; capillary endothelial cell; colonocyte; conventional dendritic cell; cycling T cell; dendritic cell, human; effector memory CD8-positive, alpha-beta T cell; endothelial cell of artery; endothelial cell of lymphatic vessel; enteroglial cell; fibroblast; fibroblast of gingiva; fibroblastic reticular cell; gamma-delta T cell; gastrointestinal tract (lamina propria) macrophage; germinal center B cell; group 3 innate lymphoid cell; intestine goblet cell; macrophage; mast cell; memory B cell; monocyte; mucosal invariant T cell; myofibroblast cell; naive B cell; naive thymus-derived CD4-positive, alpha-beta T cell; naive thymus-derived CD8-positive, alpha-beta T cell; pericyte; regulatory T cell; transit amplifying cell; vascular associated smooth muscle cell; vein endothelial cell"
19053a82-9c89-4fb8-bd19-d7b1800b0b7b,10x 3' v2,colon,colorectal cancer,normal,True,40,28156,6,3,6,"BEST4+ enterocyte; CD16-negative, CD56-bright natural killer cell, human; CD4-positive, alpha-beta memory T cell; CD8-positive, alpha-beta memory T cell; IgA plasma cell; IgG plasma cell; IgM plasma cell; T follicular helper cell; T-helper 17 cell; TREM2-positive macrophage; capillary endothelial cell; colonocyte; conventional dendritic cell; cycling T cell; dendritic cell, human; effector memory CD8-positive, alpha-beta T cell; endothelial cell of artery; enteroglial cell; fibroblast; fibroblast of gingiva; gamma-delta T cell; gastrointestinal tract (lamina propria) macrophage; germinal center B cell; group 3 innate lymphoid cell; intestinal crypt stem cell; intestine goblet cell; macrophage; mast cell; memory B cell; monocyte; mucosal invariant T cell; myofibroblast cell; naive B cell; naive thymus-derived CD4-positive, alpha-beta T cell; naive thymus-derived CD8-positive, alpha-beta T cell; pericyte; regulatory T cell; transit amplifying cell; vascular associated smooth muscle cell; vein endothelial cell"
16023185-de21-4c0d-a9c8-73abdd52d142,10x 3' v2,colorectum,colon adenocarcinoma,normal,True,38,266604,43,43,32,"CD4-positive, CD25-positive, alpha-beta regulatory T cell; CD4-positive, alpha-beta T cell; CD8-positive, alpha-beta T cell; CD8-positive, alpha-beta memory T cell; IgA plasma cell; IgG plasma cell; T cell; T follicular helper cell; T-helper 17 cell; activated CD4-positive, alpha-beta T cell; capillary endothelial cell; conventional dendritic cell; dendritic cell; effector CD8-positive, alpha-beta T cell; endothelial cell of artery; endothelial cell of lymphatic vessel; endothelial cell of venule; enterocyte; enteroendocrine cell; fibroblast; gamma-delta T cell; germinal center B cell; glandular secretory epithelial cell; goblet cell; group 3 innate lymphoid cell; intestinal epithelial cell; macrophage; mast cell; mature B cell; mature NK T cell; mature conventional dendritic cell; monocyte; natural killer cell; pericyte; plasmacytoid dendritic cell; smooth muscle cell; stem cell; tuft cell of colon"
19053a82-9c89-4fb8-bd19-d7b1800b0b7b,10x 3' v2,ileum,Crohn disease,normal,True,38,57792,10,10,10,"CD16-negative, CD56-bright natural killer cell, human; CD16-positive, CD56-dim natural killer cell, human; CD4-positive, alpha-beta memory T cell; CD8-positive, alpha-beta memory T cell; IgA plasma cell; IgG plasma cell; IgM plasma cell; T follicular helper cell; T-helper 17 cell; TREM2-positive macrophage; capillary endothelial cell; conventional dendritic cell; cycling T cell; effector memory CD8-positive, alpha-beta T cell; endothelial cell of artery; endothelial cell of lymphatic vessel; enterocyte; enteroglial cell; fibroblast; gamma-delta T cell; gastrointestinal tract (lamina propria) macrophage; germinal center B cell; group 3 innate lymphoid cell; intestinal crypt stem cell; intestine goblet cell; macrophage; mast cell; memory B cell; monocyte; mucosal invariant T cell; naive B cell; naive thymus-derived CD4-positive, alpha-beta T cell; naive thymus-derived CD8-positive, alpha-beta T cell; pericyte; regulatory T cell; transit amplifying cell; vascular associated smooth muscle cell; vein endothelial cell"
19053a82-9c89-4fb8-bd19-d7b1800b0b7b,10x 3' v2,stomach,gastric cancer,normal,True,37,120436,33,28,9,"CD16-negative, CD56-bright natural killer cell, human; CD16-positive, CD56-dim natural killer cell, human; CD4-positive, alpha-beta memory T cell; CD8-positive, alpha-beta memory T cell; IgA plasma cell; IgG plasma cell; IgM plasma cell; T follicular helper cell; T-helper 17 cell; capillary endothelial cell; conventional dendritic cell; effector memory CD8-positive, alpha-beta T cell; endothelial cell of artery; enterocyte; enteroendocrine cell; epithelial cell; fibroblast; foveolar cell of stomach; gamma-delta T cell; germinal center B cell; group 3 innate lymphoid cell; intestine goblet cell; mast cell; memory B cell; monocyte; mucosal invariant T cell; mucous neck cell of gastric gland; naive B cell; naive thymus-derived CD4-positive, alpha-beta T cell; parietal cell; peptic cell; pericyte; regulatory T cell; type EC enteroendocrine cell; type G enteroendocrine cell; type X enteroendocrine cell; vascular associated smooth muscle cell"
d68a8b48-abf0-4bd5-8834-155d34ec448a,10x 3' v3,middle lobe of right lung,bronchopulmonary dysplasia,normal,True,35,255204,21,13,8,"B cell; CD8-positive, alpha-beta cytotoxic T cell; alveolar adventitial fibroblast; alveolar capillary type 1 endothelial cell; alveolar capillary type 2 endothelial cell; alveolar macrophage; alveolar type 1 fibroblast cell; basal cell; brush cell of tracheobronchial tree; ciliated cell; classical monocyte; conventional dendritic cell; endothelial cell of artery; endothelial cell of respiratory system lymphatic vessel; helper T cell; lung interstitial macrophage; lung megakaryocyte; lung secretory cell; mast cell; mucus secreting cell of tracheobronchial tree submucosal gland; natural killer cell; non-classical monocyte; pericyte; plasmacytoid dendritic cell; pulmonary alveolar type 1 cell; pulmonary alveolar type 2 cell; pulmonary neuroendocrine cell; regulatory T cell; secondary crest myofibroblast; secretory cell; serous secreting cell; tracheobronchial smooth muscle cell; vascular associated smooth muscle cell; vein endothelial cell; vein endothelial cell of respiratory system"
e522d2cd-7927-4e59-a4ed-064009569279,10x 3' v3,blood,cytomegalovirus infection,normal,True,34,263917,16,3,13,"Be cell; CD14-low, CD16-positive monocyte; CD14-positive, CD16-negative classical monocyte; CD16-negative, CD56-bright natural killer cell, human; CD16-positive, CD56-dim natural killer cell, human; CD1c-positive myeloid dendritic cell; CD4-positive, alpha-beta memory T cell; CD8-positive, alpha-beta memory T cell; CD8-positive, alpha-beta regulatory T cell; CD8aa(I) thymocyte; T cell; central memory CD4-positive, alpha-beta T cell; central memory CD8-positive, alpha-beta T cell; common myeloid progenitor; double negative thymocyte; effector memory CD4-positive, alpha-beta T cell; effector memory CD8-positive, alpha-beta T cell; erythrocyte; innate lymphoid cell; intermediate monocyte; mature gamma-delta T cell; memory B cell; memory CCR4-positive regulatory T cell; memory regulatory T cell; mucosal invariant T cell; naive B cell; naive regulatory T cell; naive thymus-derived CD4-positive, alpha-beta T cell; naive thymus-derived CD8-positive, alpha-beta T cell; natural killer cell; plasma cell; plasmacytoid dendritic cell; platelet; transitional stage B cell"
f14bc322-1322-4184-8d16-409557525ea5,10x 5' v2,lung,interstitial lung disease,normal,True,33,343215,93,51,42,"B cell; CD8-positive, alpha-beta cytotoxic T cell; adventitial fibroblast; alveolar macrophage; alveolar type 1 fibroblast cell; basal cell; ciliated cell; classical monocyte; conventional dendritic cell; endothelial cell of arteriole; endothelial cell of respiratory system lymphatic vessel; epithelial cell of lung; granzyme K-associated CD8 T cell; helper T cell; hematopoietic cell; lung interstitial macrophage; lung secretory cell; macrophage; mast cell; mesothelial cell of pleura; monocyte; myeloid dendritic cell, human; myofibroblast cell; natural killer cell; pericyte; plasma cell; plasmacytoid dendritic cell; pulmonary alveolar type 1 cell; pulmonary alveolar type 2 cell; pulmonary capillary endothelial cell; pulmonary neuroendocrine cell; smooth muscle cell; vein endothelial cell of respiratory system"
f14bc322-1322-4184-8d16-409557525ea5,10x 5' v2,lung,normal,pulmonary sarcoidosis,True,32,123609,46,42,4,"B cell; CD8-positive, alpha-beta cytotoxic T cell; adventitial fibroblast; alveolar macrophage; alveolar type 1 fibroblast cell; basal cell; ciliated cell; classical monocyte; conventional dendritic cell; endothelial cell of arteriole; endothelial cell of respiratory system lymphatic vessel; epithelial cell of lung; granzyme K-associated CD8 T cell; helper T cell; hematopoietic cell; lung interstitial macrophage; lung secretory cell; macrophage; mast cell; mesothelial cell of pleura; monocyte; myeloid dendritic cell, human; myofibroblast cell; natural killer cell; pericyte; plasma cell; plasmacytoid dendritic cell; pulmonary alveolar type 1 cell; pulmonary alveolar type 2 cell; pulmonary capillary endothelial cell; smooth muscle cell; vein endothelial cell of respiratory system"
16023185-de21-4c0d-a9c8-73abdd52d142,10x 3' v3,colorectum,colon adenocarcinoma,normal,True,32,103511,20,20,5,"CD4-positive, CD25-positive, alpha-beta regulatory T cell; CD4-positive, alpha-beta T cell; CD8-positive, alpha-beta T cell; CD8-positive, alpha-beta memory T cell; IgA plasma cell; IgG plasma cell; Schwann cell; T follicular helper cell; activated CD4-positive, alpha-beta T cell; capillary endothelial cell; effector CD8-positive, alpha-beta T cell; endothelial cell of artery; endothelial cell of venule; enterocyte; enteroendocrine cell; fibroblast; gamma-delta T cell; germinal center B cell; glandular secretory epithelial cell; goblet cell; group 3 innate lymphoid cell; intestinal epithelial cell; macrophage; mast cell; mature B cell; mature NK T cell; monocyte; pericyte; plasmacytoid dendritic cell; smooth muscle cell; stem cell; tuft cell of colon"
f14bc322-1322-4184-8d16-409557525ea5,10x 5' v2,lung,anthracosis,normal,True,31,116073,45,3,42,"B cell; CD8-positive, alpha-beta cytotoxic T cell; adventitial fibroblast; alveolar macrophage; alveolar type 1 fibroblast cell; basal cell; ciliated cell; classical monocyte; conventional dendritic cell; endothelial cell of arteriole; endothelial cell of respiratory system lymphatic vessel; epithelial cell of lung; helper T cell; hematopoietic cell; lung interstitial macrophage; lung secretory cell; macrophage; mast cell; mesothelial cell of pleura; monocyte; myeloid dendritic cell, human; myofibroblast cell; natural killer cell; pericyte; plasma cell; plasmacytoid dendritic cell; pulmonary alveolar type 1 cell; pulmonary alveolar type 2 cell; pulmonary capillary endothelial cell; smooth muscle cell; vein endothelial cell of respiratory system"
f14bc322-1322-4184-8d16-409557525ea5,10x 5' v2,lung,non-specific interstitial pneumonia,normal,True,30,116198,46,4,42,"B cell; CD8-positive, alpha-beta cytotoxic T cell; adventitial fibroblast; alveolar macrophage; alveolar type 1 fibroblast cell; basal cell; ciliated cell; classical monocyte; conventional dendritic cell; endothelial cell of arteriole; endothelial cell of respiratory system lymphatic vessel; epithelial cell of lung; helper T cell; hematopoietic cell; lung interstitial macrophage; lung secretory cell; macrophage; mesothelial cell of pleura; monocyte; myeloid dendritic cell, human; myofibroblast cell; natural killer cell; pericyte; plasma cell; plasmacytoid dendritic cell; pulmonary alveolar type 1 cell; pulmonary alveolar type 2 cell; pulmonary capillary endothelial cell; smooth muscle cell; vein endothelial cell of respiratory system"
f14bc322-1322-4184-8d16-409557525ea5,10x 5' v2,lung,lymphoid interstitial pneumonia,normal,True,28,111551,44,2,42,"B cell; CD8-positive, alpha-beta cytotoxic T cell; adventitial fibroblast; alveolar macrophage; alveolar type 1 fibroblast cell; basal cell; ciliated cell; classical monocyte; conventional dendritic cell; endothelial cell of arteriole; endothelial cell of respiratory system lymphatic vessel; epithelial cell of lung; helper T cell; hematopoietic cell; lung interstitial macrophage; lung secretory cell; macrophage; mast cell; mesothelial cell of pleura; monocyte; myeloid dendritic cell, human; myofibroblast cell; natural killer cell; pulmonary alveolar type 1 cell; pulmonary alveolar type 2 cell; pulmonary capillary endothelial cell; smooth muscle cell; vein endothelial cell of respiratory system"
f14bc322-1322-4184-8d16-409557525ea5,10x 5' v2,lung,hypersensitivity pneumonitis,normal,True,26,104558,45,3,42,"CD8-positive, alpha-beta cytotoxic T cell; adventitial fibroblast; alveolar macrophage; alveolar type 1 fibroblast cell; basal cell; ciliated cell; classical monocyte; conventional dendritic cell; endothelial cell of arteriole; endothelial cell of respiratory system lymphatic vessel; epithelial cell of lung; helper T cell; hematopoietic cell; lung interstitial macrophage; lung secretory cell; macrophage; monocyte; myeloid dendritic cell, human; myofibroblast cell; pericyte; plasma cell; pulmonary alveolar type 1 cell; pulmonary alveolar type 2 cell; pulmonary capillary endothelial cell; smooth muscle cell; vein endothelial cell of respiratory system"
19053a82-9c89-4fb8-bd19-d7b1800b0b7b,10x 5' v1,colon,inflammatory bowel disease,normal,True,26,51675,11,5,6,"BEST4+ enterocyte; CD16-negative, CD56-bright natural killer cell, human; CD16-positive, CD56-dim natural killer cell, human; CD4-positive, alpha-beta memory T cell; CD8-positive, alpha-beta memory T cell; IgA plasma cell; IgG plasma cell; T follicular helper cell; T-helper 17 cell; colonocyte; conventional dendritic cell; effector memory CD8-positive, alpha-beta T cell; gamma-delta T cell; germinal center B cell; group 3 innate lymphoid cell; intestine goblet cell; macrophage; memory B cell; mucosal invariant T cell; naive B cell; naive thymus-derived CD4-positive, alpha-beta T cell; naive thymus-derived CD8-positive, alpha-beta T cell; plasmablast; regulatory T cell; transit amplifying cell; tuft cell of small intestine"
30c2a6fd-d547-460f-a5e7-44c62a2af7ad,10x 5' v2,blood,normal,open-angle glaucoma,True,25,207952,8,3,5,"CD14-low, CD16-positive monocyte; CD14-positive, CD16-negative classical monocyte; CD141-positive myeloid dendritic cell; CD16-negative, CD56-bright natural killer cell, human; CD1c-positive myeloid dendritic cell; CD4-negative, CD8-negative, alpha-beta intraepithelial T cell; CD4-positive, alpha-beta cytotoxic T cell; CD4-positive, alpha-beta memory T cell; CD8-positive, alpha-beta memory T cell; activated CD4-positive, alpha-beta T cell; dendritic cell; effector CD4-positive, alpha-beta T cell; gamma-delta T cell; hematopoietic precursor cell; innate lymphoid cell; mature B cell; memory B cell; mucosal invariant T cell; naive B cell; naive thymus-derived CD4-positive, alpha-beta T cell; naive thymus-derived CD8-positive, alpha-beta T cell; natural killer cell; plasmablast; plasmacytoid dendritic cell; regulatory T cell"
19053a82-9c89-4fb8-bd19-d7b1800b0b7b,10x 3' v2,sigmoid colon,colorectal cancer,normal,True,24,10954,4,3,3,"CD4-positive, alpha-beta memory T cell; CD8-positive, alpha-beta memory T cell; IgA plasma cell; IgG plasma cell; T follicular helper cell; T-helper 17 cell; colonocyte; conventional dendritic cell; effector memory CD8-positive, alpha-beta T cell; enteroglial cell; fibroblast; gamma-delta T cell; gastrointestinal tract (lamina propria) macrophage; intestinal crypt stem cell; intestine goblet cell; macrophage; mast cell; memory B cell; monocyte; naive thymus-derived CD4-positive, alpha-beta T cell; regulatory T cell; transit amplifying cell; vascular associated smooth muscle cell; vein endothelial cell"
5c97eeeb-7e52-44b3-b010-b832b1f5424c,10x 3' v3,dorsolateral prefrontal cortex,bipolar I disorder,normal,True,23,875177,178,32,146,GABAergic neuron; L2/3 intratelencephalic projecting glutamatergic neuron; L2/3-6 intratelencephalic projecting glutamatergic neuron; L5 extratelencephalic projecting glutamatergic cortical neuron; L5/6 near-projecting glutamatergic neuron; L6 corticothalamic-projecting glutamatergic cortical neuron; L6 intratelencephalic projecting glutamatergic neuron; L6b glutamatergic neuron of the primary motor cortex; T cell; VIP GABAergic cortical interneuron; astrocyte; endothelial cell; lamp5 GABAergic cortical interneuron; microglial cell; natural killer cell; oligodendrocyte; oligodendrocyte precursor cell; pericyte; perivascular macrophage; pvalb GABAergic cortical interneuron; smooth muscle cell; sst GABAergic cortical interneuron; vascular leptomeningeal cell
5c97eeeb-7e52-44b3-b010-b832b1f5424c,10x 3' v3,dorsolateral prefrontal cortex,atherosclerosis,normal,True,23,864497,170,24,146,GABAergic neuron; L2/3 intratelencephalic projecting glutamatergic neuron; L2/3-6 intratelencephalic projecting glutamatergic neuron; L5 extratelencephalic projecting glutamatergic cortical neuron; L5/6 near-projecting glutamatergic neuron; L6 corticothalamic-projecting glutamatergic cortical neuron; L6 intratelencephalic projecting glutamatergic neuron; L6b glutamatergic neuron of the primary motor cortex; T cell; VIP GABAergic cortical interneuron; astrocyte; endothelial cell; lamp5 GABAergic cortical interneuron; microglial cell; natural killer cell; oligodendrocyte; oligodendrocyte precursor cell; pericyte; perivascular macrophage; pvalb GABAergic cortical interneuron; smooth muscle cell; sst GABAergic cortical interneuron; vascular leptomeningeal cell
5c97eeeb-7e52-44b3-b010-b832b1f5424c,10x 3' v3,dorsolateral prefrontal cortex,normal,schizophrenia,True,23,823704,167,146,21,GABAergic neuron; L2/3 intratelencephalic projecting glutamatergic neuron; L2/3-6 intratelencephalic projecting glutamatergic neuron; L5 extratelencephalic projecting glutamatergic cortical neuron; L5/6 near-projecting glutamatergic neuron; L6 corticothalamic-projecting glutamatergic cortical neuron; L6 intratelencephalic projecting glutamatergic neuron; L6b glutamatergic neuron of the primary motor cortex; T cell; VIP GABAergic cortical interneuron; astrocyte; endothelial cell; lamp5 GABAergic cortical interneuron; microglial cell; natural killer cell; oligodendrocyte; oligodendrocyte precursor cell; pericyte; perivascular macrophage; pvalb GABAergic cortical interneuron; smooth muscle cell; sst GABAergic cortical interneuron; vascular leptomeningeal cell
5e57cd50-8e42-42d6-940d-5c1660d06864,10x 3' v3,dorsolateral prefrontal cortex,dementia || Alzheimer disease,normal,True,23,296769,67,41,26,GABAergic neuron; L2/3 intratelencephalic projecting glutamatergic neuron; L2/3-6 intratelencephalic projecting glutamatergic neuron; L5 extratelencephalic projecting glutamatergic cortical neuron; L5/6 near-projecting glutamatergic neuron; L6 corticothalamic-projecting glutamatergic cortical neuron; L6 intratelencephalic projecting glutamatergic neuron; L6b glutamatergic neuron of the primary motor cortex; T cell; VIP GABAergic cortical interneuron; astrocyte; endothelial cell; lamp5 GABAergic cortical interneuron; microglial cell; natural killer cell; oligodendrocyte; oligodendrocyte precursor cell; pericyte; perivascular macrophage; pvalb GABAergic cortical interneuron; smooth muscle cell; sst GABAergic cortical interneuron; vascular leptomeningeal cell
5e57cd50-8e42-42d6-940d-5c1660d06864,10x 3' v3,dorsolateral prefrontal cortex,diabetes mellitus,normal,True,23,196875,44,18,26,GABAergic neuron; L2/3 intratelencephalic projecting glutamatergic neuron; L2/3-6 intratelencephalic projecting glutamatergic neuron; L5 extratelencephalic projecting glutamatergic cortical neuron; L5/6 near-projecting glutamatergic neuron; L6 corticothalamic-projecting glutamatergic cortical neuron; L6 intratelencephalic projecting glutamatergic neuron; L6b glutamatergic neuron of the primary motor cortex; T cell; VIP GABAergic cortical interneuron; astrocyte; endothelial cell; lamp5 GABAergic cortical interneuron; microglial cell; natural killer cell; oligodendrocyte; oligodendrocyte precursor cell; pericyte; perivascular macrophage; pvalb GABAergic cortical interneuron; smooth muscle cell; sst GABAergic cortical interneuron; vascular leptomeningeal cell
5e57cd50-8e42-42d6-940d-5c1660d06864,10x 3' v3,dorsolateral prefrontal cortex,dementia || Alzheimer disease || diabetes mellitus,normal,True,22,171952,38,12,26,GABAergic neuron; L2/3 intratelencephalic projecting glutamatergic neuron; L2/3-6 intratelencephalic projecting glutamatergic neuron; L5/6 near-projecting glutamatergic neuron; L6 corticothalamic-projecting glutamatergic cortical neuron; L6 intratelencephalic projecting glutamatergic neuron; L6b glutamatergic neuron of the primary motor cortex; T cell; VIP GABAergic cortical interneuron; astrocyte; endothelial cell; lamp5 GABAergic cortical interneuron; microglial cell; natural killer cell; oligodendrocyte; oligodendrocyte precursor cell; pericyte; perivascular macrophage; pvalb GABAergic cortical interneuron; smooth muscle cell; sst GABAergic cortical interneuron; vascular leptomeningeal cell
5c97eeeb-7e52-44b3-b010-b832b1f5424c,10x 3' v3,dorsolateral prefrontal cortex,normal,schizophrenia || tardive dyskinesia,True,21,769394,155,146,9,GABAergic neuron; L2/3 intratelencephalic projecting glutamatergic neuron; L2/3-6 intratelencephalic projecting glutamatergic neuron; L5/6 near-projecting glutamatergic neuron; L6 corticothalamic-projecting glutamatergic cortical neuron; L6 intratelencephalic projecting glutamatergic neuron; L6b glutamatergic neuron of the primary motor cortex; T cell; VIP GABAergic cortical interneuron; astrocyte; endothelial cell; lamp5 GABAergic cortical interneuron; microglial cell; oligodendrocyte; oligodendrocyte precursor cell; pericyte; perivascular macrophage; pvalb GABAergic cortical interneuron; smooth muscle cell; sst GABAergic cortical interneuron; vascular leptomeningeal cell
5c97eeeb-7e52-44b3-b010-b832b1f5424c,10x 3' v3,dorsolateral prefrontal cortex,normal,type 1 diabetes mellitus,True,21,747184,151,146,5,GABAergic neuron; L2/3 intratelencephalic projecting glutamatergic neuron; L2/3-6 intratelencephalic projecting glutamatergic neuron; L5/6 near-projecting glutamatergic neuron; L6 corticothalamic-projecting glutamatergic cortical neuron; L6 intratelencephalic projecting glutamatergic neuron; L6b glutamatergic neuron of the primary motor cortex; VIP GABAergic cortical interneuron; astrocyte; endothelial cell; lamp5 GABAergic cortical interneuron; microglial cell; natural killer cell; oligodendrocyte; oligodendrocyte precursor cell; pericyte; perivascular macrophage; pvalb GABAergic cortical interneuron; smooth muscle cell; sst GABAergic cortical interneuron; vascular leptomeningeal cell
5e57cd50-8e42-42d6-940d-5c1660d06864,10x 3' v3,dorsolateral prefrontal cortex,normal,tauopathy,True,21,168463,35,26,9,GABAergic neuron; L2/3 intratelencephalic projecting glutamatergic neuron; L2/3-6 intratelencephalic projecting glutamatergic neuron; L5 extratelencephalic projecting glutamatergic cortical neuron; L5/6 near-projecting glutamatergic neuron; L6 corticothalamic-projecting glutamatergic cortical neuron; L6 intratelencephalic projecting glutamatergic neuron; L6b glutamatergic neuron of the primary motor cortex; VIP GABAergic cortical interneuron; astrocyte; endothelial cell; lamp5 GABAergic cortical interneuron; microglial cell; oligodendrocyte; oligodendrocyte precursor cell; pericyte; perivascular macrophage; pvalb GABAergic cortical interneuron; smooth muscle cell; sst GABAergic cortical interneuron; vascular leptomeningeal cell
5e57cd50-8e42-42d6-940d-5c1660d06864,10x 3' v3,dorsolateral prefrontal cortex,dementia,normal,True,21,130759,28,2,26,GABAergic neuron; L2/3 intratelencephalic projecting glutamatergic neuron; L2/3-6 intratelencephalic projecting glutamatergic neuron; L5/6 near-projecting glutamatergic neuron; L6 corticothalamic-projecting glutamatergic cortical neuron; L6 intratelencephalic projecting glutamatergic neuron; T cell; VIP GABAergic cortical interneuron; astrocyte; endothelial cell; lamp5 GABAergic cortical interneuron; microglial cell; natural killer cell; oligodendrocyte; oligodendrocyte precursor cell; pericyte; perivascular macrophage; pvalb GABAergic cortical interneuron; smooth muscle cell; sst GABAergic cortical interneuron; vascular leptomeningeal cell
5c97eeeb-7e52-44b3-b010-b832b1f5424c,10x 3' v3,dorsolateral prefrontal cortex,normal,schizophrenia || atherosclerosis,True,20,740414,151,146,5,GABAergic neuron; L2/3 intratelencephalic projecting glutamatergic neuron; L2/3-6 intratelencephalic projecting glutamatergic neuron; L5/6 near-projecting glutamatergic neuron; L6 corticothalamic-projecting glutamatergic cortical neuron; L6 intratelencephalic projecting glutamatergic neuron; L6b glutamatergic neuron of the primary motor cortex; VIP GABAergic cortical interneuron; astrocyte; endothelial cell; lamp5 GABAergic cortical interneuron; microglial cell; oligodendrocyte; oligodendrocyte precursor cell; pericyte; perivascular macrophage; pvalb GABAergic cortical interneuron; smooth muscle cell; sst GABAergic cortical interneuron; vascular leptomeningeal cell
5c97eeeb-7e52-44b3-b010-b832b1f5424c,10x 3' v3,dorsolateral prefrontal cortex,bipolar I disorder || obsessive-compulsive disorder,normal,True,20,741768,150,4,146,GABAergic neuron; L2/3 intratelencephalic projecting glutamatergic neuron; L2/3-6 intratelencephalic projecting glutamatergic neuron; L5/6 near-projecting glutamatergic neuron; L6 corticothalamic-projecting glutamatergic cortical neuron; L6 intratelencephalic projecting glutamatergic neuron; L6b glutamatergic neuron of the primary motor cortex; VIP GABAergic cortical interneuron; astrocyte; endothelial cell; lamp5 GABAergic cortical interneuron; microglial cell; oligodendrocyte; oligodendrocyte precursor cell; pericyte; perivascular macrophage; pvalb GABAergic cortical interneuron; smooth muscle cell; sst GABAergic cortical interneuron; vascular leptomeningeal cell
5e57cd50-8e42-42d6-940d-5c1660d06864,10x 3' v3,dorsolateral prefrontal cortex,dementia || vascular dementia || Alzheimer disease,normal,True,20,152949,33,7,26,GABAergic neuron; L2/3 intratelencephalic projecting glutamatergic neuron; L2/3-6 intratelencephalic projecting glutamatergic neuron; L5/6 near-projecting glutamatergic neuron; L6 corticothalamic-projecting glutamatergic cortical neuron; L6 intratelencephalic projecting glutamatergic neuron; L6b glutamatergic neuron of the primary motor cortex; VIP GABAergic cortical interneuron; astrocyte; endothelial cell; lamp5 GABAergic cortical interneuron; microglial cell; oligodendrocyte; oligodendrocyte precursor cell; pericyte; perivascular macrophage; pvalb GABAergic cortical interneuron; smooth muscle cell; sst GABAergic cortical interneuron; vascular leptomeningeal cell
5e57cd50-8e42-42d6-940d-5c1660d06864,10x 3' v3,dorsolateral prefrontal cortex,dementia || Alzheimer disease || Parkinson disease,normal,True,20,149253,31,5,26,GABAergic neuron; L2/3 intratelencephalic projecting glutamatergic neuron; L2/3-6 intratelencephalic projecting glutamatergic neuron; L5/6 near-projecting glutamatergic neuron; L6 corticothalamic-projecting glutamatergic cortical neuron; L6 intratelencephalic projecting glutamatergic neuron; L6b glutamatergic neuron of the primary motor cortex; VIP GABAergic cortical interneuron; astrocyte; endothelial cell; lamp5 GABAergic cortical interneuron; microglial cell; oligodendrocyte; oligodendrocyte precursor cell; pericyte; perivascular macrophage; pvalb GABAergic cortical interneuron; smooth muscle cell; sst GABAergic cortical interneuron; vascular leptomeningeal cell
5e57cd50-8e42-42d6-940d-5c1660d06864,10x 3' v3,dorsolateral prefrontal cortex,normal,vascular dementia || diabetes mellitus,True,20,147678,30,26,4,GABAergic neuron; L2/3 intratelencephalic projecting glutamatergic neuron; L2/3-6 intratelencephalic projecting glutamatergic neuron; L5/6 near-projecting glutamatergic neuron; L6 corticothalamic-projecting glutamatergic cortical neuron; L6 intratelencephalic projecting glutamatergic neuron; L6b glutamatergic neuron of the primary motor cortex; VIP GABAergic cortical interneuron; astrocyte; endothelial cell; lamp5 GABAergic cortical interneuron; microglial cell; oligodendrocyte; oligodendrocyte precursor cell; pericyte; perivascular macrophage; pvalb GABAergic cortical interneuron; smooth muscle cell; sst GABAergic cortical interneuron; vascular leptomeningeal cell
5e57cd50-8e42-42d6-940d-5c1660d06864,10x 3' v3,dorsolateral prefrontal cortex,dementia || tauopathy,normal,True,20,133271,29,3,26,GABAergic neuron; L2/3 intratelencephalic projecting glutamatergic neuron; L2/3-6 intratelencephalic projecting glutamatergic neuron; L5/6 near-projecting glutamatergic neuron; L6 corticothalamic-projecting glutamatergic cortical neuron; L6 intratelencephalic projecting glutamatergic neuron; L6b glutamatergic neuron of the primary motor cortex; VIP GABAergic cortical interneuron; astrocyte; endothelial cell; lamp5 GABAergic cortical interneuron; microglial cell; oligodendrocyte; oligodendrocyte precursor cell; pericyte; perivascular macrophage; pvalb GABAergic cortical interneuron; smooth muscle cell; sst GABAergic cortical interneuron; vascular leptomeningeal cell
5e57cd50-8e42-42d6-940d-5c1660d06864,10x 3' v3,dorsolateral prefrontal cortex,diabetes mellitus || head injury,normal,True,20,138225,28,2,26,GABAergic neuron; L2/3 intratelencephalic projecting glutamatergic neuron; L2/3-6 intratelencephalic projecting glutamatergic neuron; L5/6 near-projecting glutamatergic neuron; L6 corticothalamic-projecting glutamatergic cortical neuron; L6 intratelencephalic projecting glutamatergic neuron; L6b glutamatergic neuron of the primary motor cortex; VIP GABAergic cortical interneuron; astrocyte; endothelial cell; lamp5 GABAergic cortical interneuron; microglial cell; oligodendrocyte; oligodendrocyte precursor cell; pericyte; perivascular macrophage; pvalb GABAergic cortical interneuron; smooth muscle cell; sst GABAergic cortical interneuron; vascular leptomeningeal cell
5e57cd50-8e42-42d6-940d-5c1660d06864,10x 3' v3,dorsolateral prefrontal cortex,dementia || Alzheimer disease || Lewy body dementia,normal,True,20,132386,28,2,26,GABAergic neuron; L2/3 intratelencephalic projecting glutamatergic neuron; L2/3-6 intratelencephalic projecting glutamatergic neuron; L5/6 near-projecting glutamatergic neuron; L6 corticothalamic-projecting glutamatergic cortical neuron; L6 intratelencephalic projecting glutamatergic neuron; L6b glutamatergic neuron of the primary motor cortex; VIP GABAergic cortical interneuron; astrocyte; endothelial cell; lamp5 GABAergic cortical interneuron; microglial cell; oligodendrocyte; oligodendrocyte precursor cell; pericyte; perivascular macrophage; pvalb GABAergic cortical interneuron; smooth muscle cell; sst GABAergic cortical interneuron; vascular leptomeningeal cell
5c97eeeb-7e52-44b3-b010-b832b1f5424c,10x 3' v3,dorsolateral prefrontal cortex,bipolar I disorder || atherosclerosis,normal,True,19,759114,152,6,146,GABAergic neuron; L2/3 intratelencephalic projecting glutamatergic neuron; L2/3-6 intratelencephalic projecting glutamatergic neuron; L5/6 near-projecting glutamatergic neuron; L6 corticothalamic-projecting glutamatergic cortical neuron; L6 intratelencephalic projecting glutamatergic neuron; L6b glutamatergic neuron of the primary motor cortex; VIP GABAergic cortical interneuron; astrocyte; endothelial cell; lamp5 GABAergic cortical interneuron; microglial cell; oligodendrocyte; oligodendrocyte precursor cell; pericyte; perivascular macrophage; pvalb GABAergic cortical interneuron; sst GABAergic cortical interneuron; vascular leptomeningeal cell
5c97eeeb-7e52-44b3-b010-b832b1f5424c,10x 3' v3,dorsolateral prefrontal cortex,bipolar II disorder,normal,True,19,749468,151,5,146,GABAergic neuron; L2/3 intratelencephalic projecting glutamatergic neuron; L2/3-6 intratelencephalic projecting glutamatergic neuron; L5/6 near-projecting glutamatergic neuron; L6 corticothalamic-projecting glutamatergic cortical neuron; L6 intratelencephalic projecting glutamatergic neuron; L6b glutamatergic neuron of the primary motor cortex; VIP GABAergic cortical interneuron; astrocyte; endothelial cell; lamp5 GABAergic cortical interneuron; microglial cell; oligodendrocyte; oligodendrocyte precursor cell; pericyte; pvalb GABAergic cortical interneuron; smooth muscle cell; sst GABAergic cortical interneuron; vascular leptomeningeal cell
5c97eeeb-7e52-44b3-b010-b832b1f5424c,10x 3' v3,dorsolateral prefrontal cortex,normal,schizophrenia || type 1 diabetes mellitus,True,19,749421,150,146,4,GABAergic neuron; L2/3 intratelencephalic projecting glutamatergic neuron; L2/3-6 intratelencephalic projecting glutamatergic neuron; L5/6 near-projecting glutamatergic neuron; L6 corticothalamic-projecting glutamatergic cortical neuron; L6 intratelencephalic projecting glutamatergic neuron; L6b glutamatergic neuron of the primary motor cortex; VIP GABAergic cortical interneuron; astrocyte; endothelial cell; lamp5 GABAergic cortical interneuron; microglial cell; oligodendrocyte; oligodendrocyte precursor cell; pericyte; pvalb GABAergic cortical interneuron; smooth muscle cell; sst GABAergic cortical interneuron; vascular leptomeningeal cell
5e57cd50-8e42-42d6-940d-5c1660d06864,10x 3' v3,dorsolateral prefrontal cortex,normal,vascular dementia,True,19,128954,29,26,3,GABAergic neuron; L2/3 intratelencephalic projecting glutamatergic neuron; L2/3-6 intratelencephalic projecting glutamatergic neuron; L5/6 near-projecting glutamatergic neuron; L6 corticothalamic-projecting glutamatergic cortical neuron; L6 intratelencephalic projecting glutamatergic neuron; L6b glutamatergic neuron of the primary motor cortex; VIP GABAergic cortical interneuron; astrocyte; endothelial cell; lamp5 GABAergic cortical interneuron; microglial cell; oligodendrocyte; oligodendrocyte precursor cell; pericyte; perivascular macrophage; pvalb GABAergic cortical interneuron; sst GABAergic cortical interneuron; vascular leptomeningeal cell
5e57cd50-8e42-42d6-940d-5c1660d06864,10x 3' v3,dorsolateral prefrontal cortex,dementia || vascular dementia,normal,True,19,134382,28,2,26,GABAergic neuron; L2/3 intratelencephalic projecting glutamatergic neuron; L2/3-6 intratelencephalic projecting glutamatergic neuron; L5/6 near-projecting glutamatergic neuron; L6 corticothalamic-projecting glutamatergic cortical neuron; L6 intratelencephalic projecting glutamatergic neuron; L6b glutamatergic neuron of the primary motor cortex; VIP GABAergic cortical interneuron; astrocyte; endothelial cell; lamp5 GABAergic cortical interneuron; microglial cell; oligodendrocyte; oligodendrocyte precursor cell; pericyte; perivascular macrophage; pvalb GABAergic cortical interneuron; sst GABAergic cortical interneuron; vascular leptomeningeal cell
5c97eeeb-7e52-44b3-b010-b832b1f5424c,10x 3' v3,dorsolateral prefrontal cortex,normal,schizophrenia || type 2 diabetes mellitus,True,18,734929,149,146,3,GABAergic neuron; L2/3 intratelencephalic projecting glutamatergic neuron; L2/3-6 intratelencephalic projecting glutamatergic neuron; L5/6 near-projecting glutamatergic neuron; L6 corticothalamic-projecting glutamatergic cortical neuron; L6 intratelencephalic projecting glutamatergic neuron; L6b glutamatergic neuron of the primary motor cortex; VIP GABAergic cortical interneuron; astrocyte; endothelial cell; lamp5 GABAergic cortical interneuron; microglial cell; oligodendrocyte; oligodendrocyte precursor cell; pericyte; pvalb GABAergic cortical interneuron; sst GABAergic cortical interneuron; vascular leptomeningeal cell
5c97eeeb-7e52-44b3-b010-b832b1f5424c,10x 3' v3,dorsolateral prefrontal cortex,normal,schizophrenia || type 2 diabetes mellitus || tardive dyskinesia,True,18,737762,148,146,2,GABAergic neuron; L2/3 intratelencephalic projecting glutamatergic neuron; L2/3-6 intratelencephalic projecting glutamatergic neuron; L5/6 near-projecting glutamatergic neuron; L6 corticothalamic-projecting glutamatergic cortical neuron; L6 intratelencephalic projecting glutamatergic neuron; L6b glutamatergic neuron of the primary motor cortex; VIP GABAergic cortical interneuron; astrocyte; endothelial cell; lamp5 GABAergic cortical interneuron; microglial cell; oligodendrocyte; oligodendrocyte precursor cell; pericyte; pvalb GABAergic cortical interneuron; sst GABAergic cortical interneuron; vascular leptomeningeal cell
5c97eeeb-7e52-44b3-b010-b832b1f5424c,10x 3' v3,dorsolateral prefrontal cortex,bipolar I disorder || type 1 diabetes mellitus,normal,True,18,736452,148,2,146,GABAergic neuron; L2/3 intratelencephalic projecting glutamatergic neuron; L2/3-6 intratelencephalic projecting glutamatergic neuron; L5/6 near-projecting glutamatergic neuron; L6 corticothalamic-projecting glutamatergic cortical neuron; L6 intratelencephalic projecting glutamatergic neuron; L6b glutamatergic neuron of the primary motor cortex; VIP GABAergic cortical interneuron; astrocyte; endothelial cell; lamp5 GABAergic cortical interneuron; microglial cell; oligodendrocyte; oligodendrocyte precursor cell; pericyte; pvalb GABAergic cortical interneuron; sst GABAergic cortical interneuron; vascular leptomeningeal cell
5c97eeeb-7e52-44b3-b010-b832b1f5424c,10x 3' v3,dorsolateral prefrontal cortex,normal,type 2 diabetes mellitus,True,18,734578,148,146,2,GABAergic neuron; L2/3 intratelencephalic projecting glutamatergic neuron; L2/3-6 intratelencephalic projecting glutamatergic neuron; L5/6 near-projecting glutamatergic neuron; L6 corticothalamic-projecting glutamatergic cortical neuron; L6 intratelencephalic projecting glutamatergic neuron; L6b glutamatergic neuron of the primary motor cortex; VIP GABAergic cortical interneuron; astrocyte; endothelial cell; lamp5 GABAergic cortical interneuron; microglial cell; oligodendrocyte; oligodendrocyte precursor cell; pericyte; pvalb GABAergic cortical interneuron; sst GABAergic cortical interneuron; vascular leptomeningeal cell
5c97eeeb-7e52-44b3-b010-b832b1f5424c,10x 3' v3,dorsolateral prefrontal cortex,bipolar disorder || schizoaffective bipolar disorder,normal,True,18,732821,148,2,146,GABAergic neuron; L2/3 intratelencephalic projecting glutamatergic neuron; L2/3-6 intratelencephalic projecting glutamatergic neuron; L5/6 near-projecting glutamatergic neuron; L6 corticothalamic-projecting glutamatergic cortical neuron; L6 intratelencephalic projecting glutamatergic neuron; L6b glutamatergic neuron of the primary motor cortex; VIP GABAergic cortical interneuron; astrocyte; endothelial cell; lamp5 GABAergic cortical interneuron; microglial cell; oligodendrocyte; oligodendrocyte precursor cell; pericyte; pvalb GABAergic cortical interneuron; sst GABAergic cortical interneuron; vascular leptomeningeal cell
5e57cd50-8e42-42d6-940d-5c1660d06864,10x 3' v3,dorsolateral prefrontal cortex,dementia || Parkinson disease,normal,True,18,128850,29,3,26,GABAergic neuron; L2/3 intratelencephalic projecting glutamatergic neuron; L2/3-6 intratelencephalic projecting glutamatergic neuron; L5/6 near-projecting glutamatergic neuron; L6 corticothalamic-projecting glutamatergic cortical neuron; L6 intratelencephalic projecting glutamatergic neuron; L6b glutamatergic neuron of the primary motor cortex; VIP GABAergic cortical interneuron; astrocyte; endothelial cell; lamp5 GABAergic cortical interneuron; microglial cell; oligodendrocyte; oligodendrocyte precursor cell; pericyte; pvalb GABAergic cortical interneuron; sst GABAergic cortical interneuron; vascular leptomeningeal cell
5e57cd50-8e42-42d6-940d-5c1660d06864,10x 3' v3,dorsolateral prefrontal cortex,dementia || Alzheimer disease || Parkinson disease || Lewy body dementia,normal,True,18,128616,28,2,26,GABAergic neuron; L2/3 intratelencephalic projecting glutamatergic neuron; L2/3-6 intratelencephalic projecting glutamatergic neuron; L5/6 near-projecting glutamatergic neuron; L6 corticothalamic-projecting glutamatergic cortical neuron; L6 intratelencephalic projecting glutamatergic neuron; VIP GABAergic cortical interneuron; astrocyte; endothelial cell; lamp5 GABAergic cortical interneuron; microglial cell; oligodendrocyte; oligodendrocyte precursor cell; pericyte; perivascular macrophage; pvalb GABAergic cortical interneuron; sst GABAergic cortical interneuron; vascular leptomeningeal cell
19053a82-9c89-4fb8-bd19-d7b1800b0b7b,10x 3' v2,colon,inflammatory bowel disease,normal,True,18,27475,8,2,6,"CD16-negative, CD56-bright natural killer cell, human; CD4-positive, alpha-beta memory T cell; CD8-positive, alpha-beta memory T cell; IgA plasma cell; T follicular helper cell; T-helper 17 cell; colonocyte; effector memory CD8-positive, alpha-beta T cell; gamma-delta T cell; germinal center B cell; group 3 innate lymphoid cell; mast cell; memory B cell; naive B cell; naive thymus-derived CD4-positive, alpha-beta T cell; naive thymus-derived CD8-positive, alpha-beta T cell; regulatory T cell; transit amplifying cell"
67b6b9ac-b841-42ce-b2d4-ed2ec12327bd,10x multiome,lymph node,B-cell non-Hodgkin lymphoma,normal,True,17,598289,227,213,15,"CD4-positive, alpha-beta T cell; CD8-positive, alpha-beta T cell; T follicular helper cell; conventional dendritic cell; dendritic cell; endothelial cell; endothelial cell of lymphatic vessel; fibroblast; follicular dendritic cell; macrophage; monocyte; monocyte-derived dendritic cell; natural killer cell; pericyte; plasmacytoid dendritic cell; regulatory T cell; smooth muscle cell"
5c97eeeb-7e52-44b3-b010-b832b1f5424c,10x 3' v3,dorsolateral prefrontal cortex,bipolar disorder,normal,True,17,730675,148,2,146,GABAergic neuron; L2/3 intratelencephalic projecting glutamatergic neuron; L2/3-6 intratelencephalic projecting glutamatergic neuron; L5/6 near-projecting glutamatergic neuron; L6 corticothalamic-projecting glutamatergic cortical neuron; L6 intratelencephalic projecting glutamatergic neuron; L6b glutamatergic neuron of the primary motor cortex; VIP GABAergic cortical interneuron; astrocyte; endothelial cell; lamp5 GABAergic cortical interneuron; microglial cell; oligodendrocyte; oligodendrocyte precursor cell; pericyte; pvalb GABAergic cortical interneuron; sst GABAergic cortical interneuron
5e57cd50-8e42-42d6-940d-5c1660d06864,10x 3' v3,dorsolateral prefrontal cortex,head injury,normal,True,17,132519,28,2,26,GABAergic neuron; L2/3 intratelencephalic projecting glutamatergic neuron; L2/3-6 intratelencephalic projecting glutamatergic neuron; L5/6 near-projecting glutamatergic neuron; L6 corticothalamic-projecting glutamatergic cortical neuron; L6 intratelencephalic projecting glutamatergic neuron; L6b glutamatergic neuron of the primary motor cortex; VIP GABAergic cortical interneuron; astrocyte; endothelial cell; lamp5 GABAergic cortical interneuron; microglial cell; oligodendrocyte; oligodendrocyte precursor cell; pericyte; pvalb GABAergic cortical interneuron; sst GABAergic cortical interneuron
5c97eeeb-7e52-44b3-b010-b832b1f5424c,10x 3' v3,dorsolateral prefrontal cortex,bipolar I disorder || anorexia nervosa,normal,True,16,730594,149,3,146,L2/3 intratelencephalic projecting glutamatergic neuron; L2/3-6 intratelencephalic projecting glutamatergic neuron; L5/6 near-projecting glutamatergic neuron; L6 corticothalamic-projecting glutamatergic cortical neuron; L6 intratelencephalic projecting glutamatergic neuron; L6b glutamatergic neuron of the primary motor cortex; VIP GABAergic cortical interneuron; astrocyte; endothelial cell; lamp5 GABAergic cortical interneuron; microglial cell; oligodendrocyte; oligodendrocyte precursor cell; pericyte; pvalb GABAergic cortical interneuron; sst GABAergic cortical interneuron
19053a82-9c89-4fb8-bd19-d7b1800b0b7b,10x 3' v2,colonic epithelium,normal,ulcerative colitis,True,16,32278,11,8,3,"BEST4+ enterocyte; CD4-positive, alpha-beta memory T cell; CD8-positive, alpha-beta memory T cell; T follicular helper cell; T-helper 17 cell; colonocyte; effector memory CD8-positive, alpha-beta T cell; enteroendocrine cell; gamma-delta T cell; intestinal crypt stem cell; intestine goblet cell; memory B cell; naive thymus-derived CD4-positive, alpha-beta T cell; regulatory T cell; transit amplifying cell; tuft cell of small intestine"
5c97eeeb-7e52-44b3-b010-b832b1f5424c,10x 3' v3,dorsolateral prefrontal cortex,bipolar I disorder || bulimia nervosa,normal,True,15,742138,148,2,146,GABAergic neuron; L2/3 intratelencephalic projecting glutamatergic neuron; L2/3-6 intratelencephalic projecting glutamatergic neuron; VIP GABAergic cortical interneuron; astrocyte; endothelial cell; lamp5 GABAergic cortical interneuron; microglial cell; oligodendrocyte; oligodendrocyte precursor cell; pericyte; perivascular macrophage; smooth muscle cell; sst GABAergic cortical interneuron; vascular leptomeningeal cell
867757c1-3b1a-49d9-a0cd-17767eb160cc,10x multiome,kidney,normal,obstructive nephropathy,True,15,46957,12,7,5,B cell; T cell; endothelial cell; interstitial cell; kidney connecting tubule epithelial cell; kidney distal convoluted tubule epithelial cell; kidney loop of Henle ascending limb epithelial cell; kidney loop of Henle thin ascending limb epithelial cell; kidney loop of Henle thin descending limb epithelial cell; kidney proximal convoluted tubule epithelial cell; myeloid cell; parietal epithelial cell; podocyte; renal intercalated cell; renal principal cell
203025fe-fa99-4d57-81da-458ed8f0c334,10x multiome,dorsolateral prefrontal cortex,cognitive disorder,normal,True,14,49627,20,10,10,GABAergic neuron; T cell; astrocyte; capillary endothelial cell; endothelial cell of artery; fibroblast; glutamatergic neuron; microglial cell; oligodendrocyte; oligodendrocyte precursor cell; pericyte; perivascular macrophage; smooth muscle cell; vein endothelial cell
203025fe-fa99-4d57-81da-458ed8f0c334,10x multiome,dorsolateral prefrontal cortex,Alzheimer disease,normal,True,14,37007,20,10,10,GABAergic neuron; T cell; astrocyte; capillary endothelial cell; endothelial cell of artery; fibroblast; glutamatergic neuron; microglial cell; oligodendrocyte; oligodendrocyte precursor cell; pericyte; perivascular macrophage; smooth muscle cell; vein endothelial cell
e3ed2ba4-edf5-40ac-8750-8a417ad1eefe,BD Rhapsody Whole Transcriptome Analysis,liver,colorectal carcinoma || metastatic malignant neoplasm,normal,True,14,75104,6,6,6,B cell; T cell; cholangiocyte; conventional dendritic cell; endothelial cell; fibroblast; hepatocyte; malignant cell; mast cell; mononuclear phagocyte; natural killer cell; neutrophil; plasma cell; plasmacytoid dendritic cell
acd544d0-4d8b-46c7-98b3-fc48f7e6fdb7,10x 3' v3,tendon of quadriceps femoris,injury,normal,True,13,12808,6,3,3,T cell; adipocyte; capillary endothelial cell; dendritic cell; endothelial cell of arteriole; endothelial cell of venule; fibroblast; leukocyte; macrophage; mononuclear phagocyte; natural killer cell; neural cell; pericyte
e51bae9a-c747-4b64-904a-4da7cda218ab,10x 3' v3,islet of Langerhans,normal,prediabetes syndrome,True,12,145299,26,13,13,Schwann cell; endothelial cell; leukocyte; mast cell; pancreatic A cell; pancreatic D cell; pancreatic PP cell; pancreatic acinar cell; pancreatic ductal cell; pancreatic epsilon cell; pancreatic stellate cell; type B pancreatic cell
e51bae9a-c747-4b64-904a-4da7cda218ab,10x 3' v3,islet of Langerhans,normal,type 2 diabetes mellitus,True,11,118351,23,13,10,Schwann cell; endothelial cell; leukocyte; mast cell; pancreatic A cell; pancreatic D cell; pancreatic PP cell; pancreatic acinar cell; pancreatic ductal cell; pancreatic stellate cell; type B pancreatic cell
e51bae9a-c747-4b64-904a-4da7cda218ab,10x 3' v2,islet of Langerhans,normal,type 2 diabetes mellitus,True,9,47952,11,4,7,endothelial cell; leukocyte; pancreatic A cell; pancreatic D cell; pancreatic PP cell; pancreatic acinar cell; pancreatic ductal cell; pancreatic stellate cell; type B pancreatic cell
829a3cd1-a466-49f1-b2e9-d3f6b7f392e2,10x 3' v3,sigmoid colon,colorectal cancer,normal,True,8,15508,13,13,10,BEST4+ colonocyte; colon goblet cell; colonocyte; early colonocyte; intestinal crypt stem cell of colon; malignant cell; secretory cell; tuft cell of colon
b617ee1b-f8c8-4de9-b82b-e803ab93550d,10x 3' v2,lung,lung cancer,normal,True,8,59232,7,5,6,B cell; T cell; endothelial cell; epithelial cell; fibroblast; mast cell; mononuclear phagocyte; plasmacytoid dendritic cell
b617ee1b-f8c8-4de9-b82b-e803ab93550d,10x 3' v2,colorectum,colorectal cancer,normal,True,7,18837,7,7,7,B cell; T cell; endothelial cell; epithelial cell; fibroblast; mast cell; mononuclear phagocyte
b617ee1b-f8c8-4de9-b82b-e803ab93550d,10x 3' v2,ovary,normal,ovarian cancer,True,6,66317,10,2,10,B cell; T cell; endothelial cell; epithelial cell; fibroblast; mononuclear phagocyte
19053a82-9c89-4fb8-bd19-d7b1800b0b7b,10x 5' v1,duodenum,celiac disease,normal,True,6,2272,8,3,5,enterocyte; enteroendocrine cell; intestinal crypt stem cell; intestine goblet cell; transit amplifying cell; tuft cell of small intestine
b617ee1b-f8c8-4de9-b82b-e803ab93550d,inDrop,breast,breast cancer,normal,True,5,38219,8,8,5,B cell; T cell; mononuclear phagocyte; neutrophil; plasmacytoid dendritic cell
829a3cd1-a466-49f1-b2e9-d3f6b7f392e2,10x 3' v3,rectum,colorectal cancer,normal,True,4,11535,6,6,4,early colonocyte; intestinal crypt stem cell of colon; malignant cell; secretory cell
829a3cd1-a466-49f1-b2e9-d3f6b7f392e2,10x 3' v3,caecum,colorectal cancer,normal,True,1,1989,4,3,3,malignant cell
829a3cd1-a466-49f1-b2e9-d3f6b7f392e2,10x 3' v3,transverse colon,colorectal cancer,normal,True,1,2905,3,3,2,malignant cell
19053a82-9c89-4fb8-bd19-d7b1800b0b7b,10x 3' v2,colon,colorectal cancer,ulcerative colitis,False,39,34664,8,3,5,"CD16-negative, CD56-bright natural killer cell, human; CD16-positive, CD56-dim natural killer cell, human; CD4-positive, alpha-beta memory T cell; CD8-positive, alpha-beta memory T cell; IgA plasma cell; IgG plasma cell; IgM plasma cell; T follicular helper cell; T-helper 17 cell; TREM2-positive macrophage; capillary endothelial cell; colonocyte; conventional dendritic cell; cycling T cell; dendritic cell, human; effector memory CD8-positive, alpha-beta T cell; endothelial cell of artery; enteroglial cell; fibroblast; fibroblast of gingiva; gamma-delta T cell; gastrointestinal tract (lamina propria) macrophage; germinal center B cell; group 3 innate lymphoid cell; intestine goblet cell; macrophage; mast cell; memory B cell; monocyte; mucosal invariant T cell; myofibroblast cell; naive B cell; naive thymus-derived CD4-positive, alpha-beta T cell; naive thymus-derived CD8-positive, alpha-beta T cell; pericyte; regulatory T cell; transit amplifying cell; vascular associated smooth muscle cell; vein endothelial cell"
f14bc322-1322-4184-8d16-409557525ea5,10x 5' v2,lung,interstitial lung disease,pulmonary sarcoidosis,False,32,277084,55,51,4,"B cell; CD8-positive, alpha-beta cytotoxic T cell; adventitial fibroblast; alveolar macrophage; alveolar type 1 fibroblast cell; basal cell; ciliated cell; classical monocyte; conventional dendritic cell; endothelial cell of arteriole; endothelial cell of respiratory system lymphatic vessel; epithelial cell of lung; granzyme K-associated CD8 T cell; helper T cell; hematopoietic cell; lung interstitial macrophage; lung secretory cell; macrophage; mast cell; mesothelial cell of pleura; monocyte; myeloid dendritic cell, human; myofibroblast cell; natural killer cell; pericyte; plasma cell; plasmacytoid dendritic cell; pulmonary alveolar type 1 cell; pulmonary alveolar type 2 cell; pulmonary capillary endothelial cell; smooth muscle cell; vein endothelial cell of respiratory system"
f14bc322-1322-4184-8d16-409557525ea5,10x 5' v2,lung,anthracosis,interstitial lung disease,False,31,269548,54,3,51,"B cell; CD8-positive, alpha-beta cytotoxic T cell; adventitial fibroblast; alveolar macrophage; alveolar type 1 fibroblast cell; basal cell; ciliated cell; classical monocyte; conventional dendritic cell; endothelial cell of arteriole; endothelial cell of respiratory system lymphatic vessel; epithelial cell of lung; helper T cell; hematopoietic cell; lung interstitial macrophage; lung secretory cell; macrophage; mast cell; mesothelial cell of pleura; monocyte; myeloid dendritic cell, human; myofibroblast cell; natural killer cell; pericyte; plasma cell; plasmacytoid dendritic cell; pulmonary alveolar type 1 cell; pulmonary alveolar type 2 cell; pulmonary capillary endothelial cell; smooth muscle cell; vein endothelial cell of respiratory system"
f14bc322-1322-4184-8d16-409557525ea5,10x 5' v2,lung,anthracosis,pulmonary sarcoidosis,False,31,49942,7,3,4,"B cell; CD8-positive, alpha-beta cytotoxic T cell; adventitial fibroblast; alveolar macrophage; alveolar type 1 fibroblast cell; basal cell; ciliated cell; classical monocyte; conventional dendritic cell; endothelial cell of arteriole; endothelial cell of respiratory system lymphatic vessel; epithelial cell of lung; helper T cell; hematopoietic cell; lung interstitial macrophage; lung secretory cell; macrophage; mast cell; mesothelial cell of pleura; monocyte; myeloid dendritic cell, human; myofibroblast cell; natural killer cell; pericyte; plasma cell; plasmacytoid dendritic cell; pulmonary alveolar type 1 cell; pulmonary alveolar type 2 cell; pulmonary capillary endothelial cell; smooth muscle cell; vein endothelial cell of respiratory system"
f14bc322-1322-4184-8d16-409557525ea5,10x 5' v2,lung,interstitial lung disease,non-specific interstitial pneumonia,False,30,269673,55,51,4,"B cell; CD8-positive, alpha-beta cytotoxic T cell; adventitial fibroblast; alveolar macrophage; alveolar type 1 fibroblast cell; basal cell; ciliated cell; classical monocyte; conventional dendritic cell; endothelial cell of arteriole; endothelial cell of respiratory system lymphatic vessel; epithelial cell of lung; helper T cell; hematopoietic cell; lung interstitial macrophage; lung secretory cell; macrophage; mesothelial cell of pleura; monocyte; myeloid dendritic cell, human; myofibroblast cell; natural killer cell; pericyte; plasma cell; plasmacytoid dendritic cell; pulmonary alveolar type 1 cell; pulmonary alveolar type 2 cell; pulmonary capillary endothelial cell; smooth muscle cell; vein endothelial cell of respiratory system"
f14bc322-1322-4184-8d16-409557525ea5,10x 5' v2,lung,non-specific interstitial pneumonia,pulmonary sarcoidosis,False,30,50067,8,4,4,"B cell; CD8-positive, alpha-beta cytotoxic T cell; adventitial fibroblast; alveolar macrophage; alveolar type 1 fibroblast cell; basal cell; ciliated cell; classical monocyte; conventional dendritic cell; endothelial cell of arteriole; endothelial cell of respiratory system lymphatic vessel; epithelial cell of lung; helper T cell; hematopoietic cell; lung interstitial macrophage; lung secretory cell; macrophage; mesothelial cell of pleura; monocyte; myeloid dendritic cell, human; myofibroblast cell; natural killer cell; pericyte; plasma cell; plasmacytoid dendritic cell; pulmonary alveolar type 1 cell; pulmonary alveolar type 2 cell; pulmonary capillary endothelial cell; smooth muscle cell; vein endothelial cell of respiratory system"
f14bc322-1322-4184-8d16-409557525ea5,10x 5' v2,lung,anthracosis,non-specific interstitial pneumonia,False,30,42531,7,3,4,"B cell; CD8-positive, alpha-beta cytotoxic T cell; adventitial fibroblast; alveolar macrophage; alveolar type 1 fibroblast cell; basal cell; ciliated cell; classical monocyte; conventional dendritic cell; endothelial cell of arteriole; endothelial cell of respiratory system lymphatic vessel; epithelial cell of lung; helper T cell; hematopoietic cell; lung interstitial macrophage; lung secretory cell; macrophage; mesothelial cell of pleura; monocyte; myeloid dendritic cell, human; myofibroblast cell; natural killer cell; pericyte; plasma cell; plasmacytoid dendritic cell; pulmonary alveolar type 1 cell; pulmonary alveolar type 2 cell; pulmonary capillary endothelial cell; smooth muscle cell; vein endothelial cell of respiratory system"
f14bc322-1322-4184-8d16-409557525ea5,10x 5' v2,lung,interstitial lung disease,lymphoid interstitial pneumonia,False,28,265026,53,51,2,"B cell; CD8-positive, alpha-beta cytotoxic T cell; adventitial fibroblast; alveolar macrophage; alveolar type 1 fibroblast cell; basal cell; ciliated cell; classical monocyte; conventional dendritic cell; endothelial cell of arteriole; endothelial cell of respiratory system lymphatic vessel; epithelial cell of lung; helper T cell; hematopoietic cell; lung interstitial macrophage; lung secretory cell; macrophage; mast cell; mesothelial cell of pleura; monocyte; myeloid dendritic cell, human; myofibroblast cell; natural killer cell; pulmonary alveolar type 1 cell; pulmonary alveolar type 2 cell; pulmonary capillary endothelial cell; smooth muscle cell; vein endothelial cell of respiratory system"
de5416ef-bbfa-41f3-99d4-01a3554173f5,10x 3' v3,breast,breast cancer,invasive ductal breast carcinoma,False,28,211425,24,11,13,"CD4-positive, CD25-positive, CCR4-positive, alpha-beta regulatory T cell; CD8-positive, alpha-beta regulatory T cell; IgG plasma cell; T follicular helper cell; capillary endothelial cell; conventional dendritic cell; cycling T cell; cycling macrophage; cycling stromal cell; effector memory CD4-positive, alpha-beta T cell; effector memory CD8-positive, alpha-beta T cell; endothelial cell; endothelial cell of artery; endothelial cell of vascular tree; exhausted T cell; fibroblast; macrophage; malignant cell; mast cell; memory B cell; myeloid dendritic cell; myofibroblast cell; naive T cell; natural killer cell; pericyte; plasmacytoid dendritic cell; vascular associated smooth muscle cell; vein endothelial cell"
f14bc322-1322-4184-8d16-409557525ea5,10x 5' v2,lung,lymphoid interstitial pneumonia,pulmonary sarcoidosis,False,28,45420,6,2,4,"B cell; CD8-positive, alpha-beta cytotoxic T cell; adventitial fibroblast; alveolar macrophage; alveolar type 1 fibroblast cell; basal cell; ciliated cell; classical monocyte; conventional dendritic cell; endothelial cell of arteriole; endothelial cell of respiratory system lymphatic vessel; epithelial cell of lung; helper T cell; hematopoietic cell; lung interstitial macrophage; lung secretory cell; macrophage; mast cell; mesothelial cell of pleura; monocyte; myeloid dendritic cell, human; myofibroblast cell; natural killer cell; pulmonary alveolar type 1 cell; pulmonary alveolar type 2 cell; pulmonary capillary endothelial cell; smooth muscle cell; vein endothelial cell of respiratory system"
f14bc322-1322-4184-8d16-409557525ea5,10x 5' v2,lung,anthracosis,lymphoid interstitial pneumonia,False,28,37884,5,3,2,"B cell; CD8-positive, alpha-beta cytotoxic T cell; adventitial fibroblast; alveolar macrophage; alveolar type 1 fibroblast cell; basal cell; ciliated cell; classical monocyte; conventional dendritic cell; endothelial cell of arteriole; endothelial cell of respiratory system lymphatic vessel; epithelial cell of lung; helper T cell; hematopoietic cell; lung interstitial macrophage; lung secretory cell; macrophage; mast cell; mesothelial cell of pleura; monocyte; myeloid dendritic cell, human; myofibroblast cell; natural killer cell; pulmonary alveolar type 1 cell; pulmonary alveolar type 2 cell; pulmonary capillary endothelial cell; smooth muscle cell; vein endothelial cell of respiratory system"
f14bc322-1322-4184-8d16-409557525ea5,10x 5' v2,lung,lymphoid interstitial pneumonia,non-specific interstitial pneumonia,False,27,38009,6,2,4,"B cell; CD8-positive, alpha-beta cytotoxic T cell; adventitial fibroblast; alveolar macrophage; alveolar type 1 fibroblast cell; basal cell; ciliated cell; classical monocyte; conventional dendritic cell; endothelial cell of arteriole; endothelial cell of respiratory system lymphatic vessel; epithelial cell of lung; helper T cell; hematopoietic cell; lung interstitial macrophage; lung secretory cell; macrophage; mesothelial cell of pleura; monocyte; myeloid dendritic cell, human; myofibroblast cell; natural killer cell; pulmonary alveolar type 1 cell; pulmonary alveolar type 2 cell; pulmonary capillary endothelial cell; smooth muscle cell; vein endothelial cell of respiratory system"
f14bc322-1322-4184-8d16-409557525ea5,10x 5' v2,lung,hypersensitivity pneumonitis,interstitial lung disease,False,26,258033,54,3,51,"CD8-positive, alpha-beta cytotoxic T cell; adventitial fibroblast; alveolar macrophage; alveolar type 1 fibroblast cell; basal cell; ciliated cell; classical monocyte; conventional dendritic cell; endothelial cell of arteriole; endothelial cell of respiratory system lymphatic vessel; epithelial cell of lung; helper T cell; hematopoietic cell; lung interstitial macrophage; lung secretory cell; macrophage; monocyte; myeloid dendritic cell, human; myofibroblast cell; pericyte; plasma cell; pulmonary alveolar type 1 cell; pulmonary alveolar type 2 cell; pulmonary capillary endothelial cell; smooth muscle cell; vein endothelial cell of respiratory system"
f14bc322-1322-4184-8d16-409557525ea5,10x 5' v2,lung,hypersensitivity pneumonitis,pulmonary sarcoidosis,False,26,38427,7,3,4,"CD8-positive, alpha-beta cytotoxic T cell; adventitial fibroblast; alveolar macrophage; alveolar type 1 fibroblast cell; basal cell; ciliated cell; classical monocyte; conventional dendritic cell; endothelial cell of arteriole; endothelial cell of respiratory system lymphatic vessel; epithelial cell of lung; helper T cell; hematopoietic cell; lung interstitial macrophage; lung secretory cell; macrophage; monocyte; myeloid dendritic cell, human; myofibroblast cell; pericyte; plasma cell; pulmonary alveolar type 1 cell; pulmonary alveolar type 2 cell; pulmonary capillary endothelial cell; smooth muscle cell; vein endothelial cell of respiratory system"
f14bc322-1322-4184-8d16-409557525ea5,10x 5' v2,lung,hypersensitivity pneumonitis,non-specific interstitial pneumonia,False,26,31016,7,3,4,"CD8-positive, alpha-beta cytotoxic T cell; adventitial fibroblast; alveolar macrophage; alveolar type 1 fibroblast cell; basal cell; ciliated cell; classical monocyte; conventional dendritic cell; endothelial cell of arteriole; endothelial cell of respiratory system lymphatic vessel; epithelial cell of lung; helper T cell; hematopoietic cell; lung interstitial macrophage; lung secretory cell; macrophage; monocyte; myeloid dendritic cell, human; myofibroblast cell; pericyte; plasma cell; pulmonary alveolar type 1 cell; pulmonary alveolar type 2 cell; pulmonary capillary endothelial cell; smooth muscle cell; vein endothelial cell of respiratory system"
f14bc322-1322-4184-8d16-409557525ea5,10x 5' v2,lung,anthracosis,hypersensitivity pneumonitis,False,26,30891,6,3,3,"CD8-positive, alpha-beta cytotoxic T cell; adventitial fibroblast; alveolar macrophage; alveolar type 1 fibroblast cell; basal cell; ciliated cell; classical monocyte; conventional dendritic cell; endothelial cell of arteriole; endothelial cell of respiratory system lymphatic vessel; epithelial cell of lung; helper T cell; hematopoietic cell; lung interstitial macrophage; lung secretory cell; macrophage; monocyte; myeloid dendritic cell, human; myofibroblast cell; pericyte; plasma cell; pulmonary alveolar type 1 cell; pulmonary alveolar type 2 cell; pulmonary capillary endothelial cell; smooth muscle cell; vein endothelial cell of respiratory system"
f14bc322-1322-4184-8d16-409557525ea5,10x 5' v2,lung,hypersensitivity pneumonitis,lymphoid interstitial pneumonia,False,24,26369,5,3,2,"CD8-positive, alpha-beta cytotoxic T cell; adventitial fibroblast; alveolar macrophage; alveolar type 1 fibroblast cell; basal cell; ciliated cell; classical monocyte; conventional dendritic cell; endothelial cell of arteriole; endothelial cell of respiratory system lymphatic vessel; epithelial cell of lung; helper T cell; hematopoietic cell; lung interstitial macrophage; lung secretory cell; macrophage; monocyte; myeloid dendritic cell, human; myofibroblast cell; pulmonary alveolar type 1 cell; pulmonary alveolar type 2 cell; pulmonary capillary endothelial cell; smooth muscle cell; vein endothelial cell of respiratory system"
5e57cd50-8e42-42d6-940d-5c1660d06864,10x 3' v3,dorsolateral prefrontal cortex,dementia || Alzheimer disease,diabetes mellitus,False,23,251488,59,41,18,GABAergic neuron; L2/3 intratelencephalic projecting glutamatergic neuron; L2/3-6 intratelencephalic projecting glutamatergic neuron; L5 extratelencephalic projecting glutamatergic cortical neuron; L5/6 near-projecting glutamatergic neuron; L6 corticothalamic-projecting glutamatergic cortical neuron; L6 intratelencephalic projecting glutamatergic neuron; L6b glutamatergic neuron of the primary motor cortex; T cell; VIP GABAergic cortical interneuron; astrocyte; endothelial cell; lamp5 GABAergic cortical interneuron; microglial cell; natural killer cell; oligodendrocyte; oligodendrocyte precursor cell; pericyte; perivascular macrophage; pvalb GABAergic cortical interneuron; smooth muscle cell; sst GABAergic cortical interneuron; vascular leptomeningeal cell
5c97eeeb-7e52-44b3-b010-b832b1f5424c,10x 3' v3,dorsolateral prefrontal cortex,atherosclerosis,bipolar I disorder,False,23,293710,56,24,32,GABAergic neuron; L2/3 intratelencephalic projecting glutamatergic neuron; L2/3-6 intratelencephalic projecting glutamatergic neuron; L5 extratelencephalic projecting glutamatergic cortical neuron; L5/6 near-projecting glutamatergic neuron; L6 corticothalamic-projecting glutamatergic cortical neuron; L6 intratelencephalic projecting glutamatergic neuron; L6b glutamatergic neuron of the primary motor cortex; T cell; VIP GABAergic cortical interneuron; astrocyte; endothelial cell; lamp5 GABAergic cortical interneuron; microglial cell; natural killer cell; oligodendrocyte; oligodendrocyte precursor cell; pericyte; perivascular macrophage; pvalb GABAergic cortical interneuron; smooth muscle cell; sst GABAergic cortical interneuron; vascular leptomeningeal cell
5c97eeeb-7e52-44b3-b010-b832b1f5424c,10x 3' v3,dorsolateral prefrontal cortex,bipolar I disorder,schizophrenia,False,23,252917,53,32,21,GABAergic neuron; L2/3 intratelencephalic projecting glutamatergic neuron; L2/3-6 intratelencephalic projecting glutamatergic neuron; L5 extratelencephalic projecting glutamatergic cortical neuron; L5/6 near-projecting glutamatergic neuron; L6 corticothalamic-projecting glutamatergic cortical neuron; L6 intratelencephalic projecting glutamatergic neuron; L6b glutamatergic neuron of the primary motor cortex; T cell; VIP GABAergic cortical interneuron; astrocyte; endothelial cell; lamp5 GABAergic cortical interneuron; microglial cell; natural killer cell; oligodendrocyte; oligodendrocyte precursor cell; pericyte; perivascular macrophage; pvalb GABAergic cortical interneuron; smooth muscle cell; sst GABAergic cortical interneuron; vascular leptomeningeal cell
5c97eeeb-7e52-44b3-b010-b832b1f5424c,10x 3' v3,dorsolateral prefrontal cortex,atherosclerosis,schizophrenia,False,23,242237,45,24,21,GABAergic neuron; L2/3 intratelencephalic projecting glutamatergic neuron; L2/3-6 intratelencephalic projecting glutamatergic neuron; L5 extratelencephalic projecting glutamatergic cortical neuron; L5/6 near-projecting glutamatergic neuron; L6 corticothalamic-projecting glutamatergic cortical neuron; L6 intratelencephalic projecting glutamatergic neuron; L6b glutamatergic neuron of the primary motor cortex; T cell; VIP GABAergic cortical interneuron; astrocyte; endothelial cell; lamp5 GABAergic cortical interneuron; microglial cell; natural killer cell; oligodendrocyte; oligodendrocyte precursor cell; pericyte; perivascular macrophage; pvalb GABAergic cortical interneuron; smooth muscle cell; sst GABAergic cortical interneuron; vascular leptomeningeal cell
5e57cd50-8e42-42d6-940d-5c1660d06864,10x 3' v3,dorsolateral prefrontal cortex,dementia || Alzheimer disease,dementia || Alzheimer disease || diabetes mellitus,False,22,226565,53,41,12,GABAergic neuron; L2/3 intratelencephalic projecting glutamatergic neuron; L2/3-6 intratelencephalic projecting glutamatergic neuron; L5/6 near-projecting glutamatergic neuron; L6 corticothalamic-projecting glutamatergic cortical neuron; L6 intratelencephalic projecting glutamatergic neuron; L6b glutamatergic neuron of the primary motor cortex; T cell; VIP GABAergic cortical interneuron; astrocyte; endothelial cell; lamp5 GABAergic cortical interneuron; microglial cell; natural killer cell; oligodendrocyte; oligodendrocyte precursor cell; pericyte; perivascular macrophage; pvalb GABAergic cortical interneuron; smooth muscle cell; sst GABAergic cortical interneuron; vascular leptomeningeal cell
5e57cd50-8e42-42d6-940d-5c1660d06864,10x 3' v3,dorsolateral prefrontal cortex,dementia || Alzheimer disease || diabetes mellitus,diabetes mellitus,False,22,126671,30,12,18,GABAergic neuron; L2/3 intratelencephalic projecting glutamatergic neuron; L2/3-6 intratelencephalic projecting glutamatergic neuron; L5/6 near-projecting glutamatergic neuron; L6 corticothalamic-projecting glutamatergic cortical neuron; L6 intratelencephalic projecting glutamatergic neuron; L6b glutamatergic neuron of the primary motor cortex; T cell; VIP GABAergic cortical interneuron; astrocyte; endothelial cell; lamp5 GABAergic cortical interneuron; microglial cell; natural killer cell; oligodendrocyte; oligodendrocyte precursor cell; pericyte; perivascular macrophage; pvalb GABAergic cortical interneuron; smooth muscle cell; sst GABAergic cortical interneuron; vascular leptomeningeal cell
5e57cd50-8e42-42d6-940d-5c1660d06864,10x 3' v3,dorsolateral prefrontal cortex,dementia || Alzheimer disease,tauopathy,False,21,223076,50,41,9,GABAergic neuron; L2/3 intratelencephalic projecting glutamatergic neuron; L2/3-6 intratelencephalic projecting glutamatergic neuron; L5 extratelencephalic projecting glutamatergic cortical neuron; L5/6 near-projecting glutamatergic neuron; L6 corticothalamic-projecting glutamatergic cortical neuron; L6 intratelencephalic projecting glutamatergic neuron; L6b glutamatergic neuron of the primary motor cortex; VIP GABAergic cortical interneuron; astrocyte; endothelial cell; lamp5 GABAergic cortical interneuron; microglial cell; oligodendrocyte; oligodendrocyte precursor cell; pericyte; perivascular macrophage; pvalb GABAergic cortical interneuron; smooth muscle cell; sst GABAergic cortical interneuron; vascular leptomeningeal cell
5e57cd50-8e42-42d6-940d-5c1660d06864,10x 3' v3,dorsolateral prefrontal cortex,dementia,dementia || Alzheimer disease,False,21,185372,43,2,41,GABAergic neuron; L2/3 intratelencephalic projecting glutamatergic neuron; L2/3-6 intratelencephalic projecting glutamatergic neuron; L5/6 near-projecting glutamatergic neuron; L6 corticothalamic-projecting glutamatergic cortical neuron; L6 intratelencephalic projecting glutamatergic neuron; T cell; VIP GABAergic cortical interneuron; astrocyte; endothelial cell; lamp5 GABAergic cortical interneuron; microglial cell; natural killer cell; oligodendrocyte; oligodendrocyte precursor cell; pericyte; perivascular macrophage; pvalb GABAergic cortical interneuron; smooth muscle cell; sst GABAergic cortical interneuron; vascular leptomeningeal cell
5c97eeeb-7e52-44b3-b010-b832b1f5424c,10x 3' v3,dorsolateral prefrontal cortex,bipolar I disorder,schizophrenia || tardive dyskinesia,False,21,198607,41,32,9,GABAergic neuron; L2/3 intratelencephalic projecting glutamatergic neuron; L2/3-6 intratelencephalic projecting glutamatergic neuron; L5/6 near-projecting glutamatergic neuron; L6 corticothalamic-projecting glutamatergic cortical neuron; L6 intratelencephalic projecting glutamatergic neuron; L6b glutamatergic neuron of the primary motor cortex; T cell; VIP GABAergic cortical interneuron; astrocyte; endothelial cell; lamp5 GABAergic cortical interneuron; microglial cell; oligodendrocyte; oligodendrocyte precursor cell; pericyte; perivascular macrophage; pvalb GABAergic cortical interneuron; smooth muscle cell; sst GABAergic cortical interneuron; vascular leptomeningeal cell
5c97eeeb-7e52-44b3-b010-b832b1f5424c,10x 3' v3,dorsolateral prefrontal cortex,bipolar I disorder,type 1 diabetes mellitus,False,21,176397,37,32,5,GABAergic neuron; L2/3 intratelencephalic projecting glutamatergic neuron; L2/3-6 intratelencephalic projecting glutamatergic neuron; L5/6 near-projecting glutamatergic neuron; L6 corticothalamic-projecting glutamatergic cortical neuron; L6 intratelencephalic projecting glutamatergic neuron; L6b glutamatergic neuron of the primary motor cortex; VIP GABAergic cortical interneuron; astrocyte; endothelial cell; lamp5 GABAergic cortical interneuron; microglial cell; natural killer cell; oligodendrocyte; oligodendrocyte precursor cell; pericyte; perivascular macrophage; pvalb GABAergic cortical interneuron; smooth muscle cell; sst GABAergic cortical interneuron; vascular leptomeningeal cell
5c97eeeb-7e52-44b3-b010-b832b1f5424c,10x 3' v3,dorsolateral prefrontal cortex,atherosclerosis,schizophrenia || tardive dyskinesia,False,21,187927,33,24,9,GABAergic neuron; L2/3 intratelencephalic projecting glutamatergic neuron; L2/3-6 intratelencephalic projecting glutamatergic neuron; L5/6 near-projecting glutamatergic neuron; L6 corticothalamic-projecting glutamatergic cortical neuron; L6 intratelencephalic projecting glutamatergic neuron; L6b glutamatergic neuron of the primary motor cortex; T cell; VIP GABAergic cortical interneuron; astrocyte; endothelial cell; lamp5 GABAergic cortical interneuron; microglial cell; oligodendrocyte; oligodendrocyte precursor cell; pericyte; perivascular macrophage; pvalb GABAergic cortical interneuron; smooth muscle cell; sst GABAergic cortical interneuron; vascular leptomeningeal cell
5c97eeeb-7e52-44b3-b010-b832b1f5424c,10x 3' v3,dorsolateral prefrontal cortex,schizophrenia,schizophrenia || tardive dyskinesia,False,21,147134,30,21,9,GABAergic neuron; L2/3 intratelencephalic projecting glutamatergic neuron; L2/3-6 intratelencephalic projecting glutamatergic neuron; L5/6 near-projecting glutamatergic neuron; L6 corticothalamic-projecting glutamatergic cortical neuron; L6 intratelencephalic projecting glutamatergic neuron; L6b glutamatergic neuron of the primary motor cortex; T cell; VIP GABAergic cortical interneuron; astrocyte; endothelial cell; lamp5 GABAergic cortical interneuron; microglial cell; oligodendrocyte; oligodendrocyte precursor cell; pericyte; perivascular macrophage; pvalb GABAergic cortical interneuron; smooth muscle cell; sst GABAergic cortical interneuron; vascular leptomeningeal cell
5c97eeeb-7e52-44b3-b010-b832b1f5424c,10x 3' v3,dorsolateral prefrontal cortex,atherosclerosis,type 1 diabetes mellitus,False,21,165717,29,24,5,GABAergic neuron; L2/3 intratelencephalic projecting glutamatergic neuron; L2/3-6 intratelencephalic projecting glutamatergic neuron; L5/6 near-projecting glutamatergic neuron; L6 corticothalamic-projecting glutamatergic cortical neuron; L6 intratelencephalic projecting glutamatergic neuron; L6b glutamatergic neuron of the primary motor cortex; VIP GABAergic cortical interneuron; astrocyte; endothelial cell; lamp5 GABAergic cortical interneuron; microglial cell; natural killer cell; oligodendrocyte; oligodendrocyte precursor cell; pericyte; perivascular macrophage; pvalb GABAergic cortical interneuron; smooth muscle cell; sst GABAergic cortical interneuron; vascular leptomeningeal cell
5e57cd50-8e42-42d6-940d-5c1660d06864,10x 3' v3,dorsolateral prefrontal cortex,diabetes mellitus,tauopathy,False,21,123182,27,18,9,GABAergic neuron; L2/3 intratelencephalic projecting glutamatergic neuron; L2/3-6 intratelencephalic projecting glutamatergic neuron; L5 extratelencephalic projecting glutamatergic cortical neuron; L5/6 near-projecting glutamatergic neuron; L6 corticothalamic-projecting glutamatergic cortical neuron; L6 intratelencephalic projecting glutamatergic neuron; L6b glutamatergic neuron of the primary motor cortex; VIP GABAergic cortical interneuron; astrocyte; endothelial cell; lamp5 GABAergic cortical interneuron; microglial cell; oligodendrocyte; oligodendrocyte precursor cell; pericyte; perivascular macrophage; pvalb GABAergic cortical interneuron; smooth muscle cell; sst GABAergic cortical interneuron; vascular leptomeningeal cell
5c97eeeb-7e52-44b3-b010-b832b1f5424c,10x 3' v3,dorsolateral prefrontal cortex,schizophrenia,type 1 diabetes mellitus,False,21,124924,26,21,5,GABAergic neuron; L2/3 intratelencephalic projecting glutamatergic neuron; L2/3-6 intratelencephalic projecting glutamatergic neuron; L5/6 near-projecting glutamatergic neuron; L6 corticothalamic-projecting glutamatergic cortical neuron; L6 intratelencephalic projecting glutamatergic neuron; L6b glutamatergic neuron of the primary motor cortex; VIP GABAergic cortical interneuron; astrocyte; endothelial cell; lamp5 GABAergic cortical interneuron; microglial cell; natural killer cell; oligodendrocyte; oligodendrocyte precursor cell; pericyte; perivascular macrophage; pvalb GABAergic cortical interneuron; smooth muscle cell; sst GABAergic cortical interneuron; vascular leptomeningeal cell
5e57cd50-8e42-42d6-940d-5c1660d06864,10x 3' v3,dorsolateral prefrontal cortex,dementia,diabetes mellitus,False,21,85478,20,2,18,GABAergic neuron; L2/3 intratelencephalic projecting glutamatergic neuron; L2/3-6 intratelencephalic projecting glutamatergic neuron; L5/6 near-projecting glutamatergic neuron; L6 corticothalamic-projecting glutamatergic cortical neuron; L6 intratelencephalic projecting glutamatergic neuron; T cell; VIP GABAergic cortical interneuron; astrocyte; endothelial cell; lamp5 GABAergic cortical interneuron; microglial cell; natural killer cell; oligodendrocyte; oligodendrocyte precursor cell; pericyte; perivascular macrophage; pvalb GABAergic cortical interneuron; smooth muscle cell; sst GABAergic cortical interneuron; vascular leptomeningeal cell
5e57cd50-8e42-42d6-940d-5c1660d06864,10x 3' v3,dorsolateral prefrontal cortex,dementia,dementia || Alzheimer disease || diabetes mellitus,False,21,60555,14,2,12,GABAergic neuron; L2/3 intratelencephalic projecting glutamatergic neuron; L2/3-6 intratelencephalic projecting glutamatergic neuron; L5/6 near-projecting glutamatergic neuron; L6 corticothalamic-projecting glutamatergic cortical neuron; L6 intratelencephalic projecting glutamatergic neuron; T cell; VIP GABAergic cortical interneuron; astrocyte; endothelial cell; lamp5 GABAergic cortical interneuron; microglial cell; natural killer cell; oligodendrocyte; oligodendrocyte precursor cell; pericyte; perivascular macrophage; pvalb GABAergic cortical interneuron; smooth muscle cell; sst GABAergic cortical interneuron; vascular leptomeningeal cell
5e57cd50-8e42-42d6-940d-5c1660d06864,10x 3' v3,dorsolateral prefrontal cortex,dementia || Alzheimer disease,dementia || vascular dementia || Alzheimer disease,False,20,207562,48,41,7,GABAergic neuron; L2/3 intratelencephalic projecting glutamatergic neuron; L2/3-6 intratelencephalic projecting glutamatergic neuron; L5/6 near-projecting glutamatergic neuron; L6 corticothalamic-projecting glutamatergic cortical neuron; L6 intratelencephalic projecting glutamatergic neuron; L6b glutamatergic neuron of the primary motor cortex; VIP GABAergic cortical interneuron; astrocyte; endothelial cell; lamp5 GABAergic cortical interneuron; microglial cell; oligodendrocyte; oligodendrocyte precursor cell; pericyte; perivascular macrophage; pvalb GABAergic cortical interneuron; smooth muscle cell; sst GABAergic cortical interneuron; vascular leptomeningeal cell
5e57cd50-8e42-42d6-940d-5c1660d06864,10x 3' v3,dorsolateral prefrontal cortex,dementia || Alzheimer disease,dementia || Alzheimer disease || Parkinson disease,False,20,203866,46,41,5,GABAergic neuron; L2/3 intratelencephalic projecting glutamatergic neuron; L2/3-6 intratelencephalic projecting glutamatergic neuron; L5/6 near-projecting glutamatergic neuron; L6 corticothalamic-projecting glutamatergic cortical neuron; L6 intratelencephalic projecting glutamatergic neuron; L6b glutamatergic neuron of the primary motor cortex; VIP GABAergic cortical interneuron; astrocyte; endothelial cell; lamp5 GABAergic cortical interneuron; microglial cell; oligodendrocyte; oligodendrocyte precursor cell; pericyte; perivascular macrophage; pvalb GABAergic cortical interneuron; smooth muscle cell; sst GABAergic cortical interneuron; vascular leptomeningeal cell
5e57cd50-8e42-42d6-940d-5c1660d06864,10x 3' v3,dorsolateral prefrontal cortex,dementia || Alzheimer disease,vascular dementia || diabetes mellitus,False,20,202291,45,41,4,GABAergic neuron; L2/3 intratelencephalic projecting glutamatergic neuron; L2/3-6 intratelencephalic projecting glutamatergic neuron; L5/6 near-projecting glutamatergic neuron; L6 corticothalamic-projecting glutamatergic cortical neuron; L6 intratelencephalic projecting glutamatergic neuron; L6b glutamatergic neuron of the primary motor cortex; VIP GABAergic cortical interneuron; astrocyte; endothelial cell; lamp5 GABAergic cortical interneuron; microglial cell; oligodendrocyte; oligodendrocyte precursor cell; pericyte; perivascular macrophage; pvalb GABAergic cortical interneuron; smooth muscle cell; sst GABAergic cortical interneuron; vascular leptomeningeal cell
5e57cd50-8e42-42d6-940d-5c1660d06864,10x 3' v3,dorsolateral prefrontal cortex,dementia || Alzheimer disease,dementia || tauopathy,False,20,187884,44,41,3,GABAergic neuron; L2/3 intratelencephalic projecting glutamatergic neuron; L2/3-6 intratelencephalic projecting glutamatergic neuron; L5/6 near-projecting glutamatergic neuron; L6 corticothalamic-projecting glutamatergic cortical neuron; L6 intratelencephalic projecting glutamatergic neuron; L6b glutamatergic neuron of the primary motor cortex; VIP GABAergic cortical interneuron; astrocyte; endothelial cell; lamp5 GABAergic cortical interneuron; microglial cell; oligodendrocyte; oligodendrocyte precursor cell; pericyte; perivascular macrophage; pvalb GABAergic cortical interneuron; smooth muscle cell; sst GABAergic cortical interneuron; vascular leptomeningeal cell
5e57cd50-8e42-42d6-940d-5c1660d06864,10x 3' v3,dorsolateral prefrontal cortex,dementia || Alzheimer disease,diabetes mellitus || head injury,False,20,192838,43,41,2,GABAergic neuron; L2/3 intratelencephalic projecting glutamatergic neuron; L2/3-6 intratelencephalic projecting glutamatergic neuron; L5/6 near-projecting glutamatergic neuron; L6 corticothalamic-projecting glutamatergic cortical neuron; L6 intratelencephalic projecting glutamatergic neuron; L6b glutamatergic neuron of the primary motor cortex; VIP GABAergic cortical interneuron; astrocyte; endothelial cell; lamp5 GABAergic cortical interneuron; microglial cell; oligodendrocyte; oligodendrocyte precursor cell; pericyte; perivascular macrophage; pvalb GABAergic cortical interneuron; smooth muscle cell; sst GABAergic cortical interneuron; vascular leptomeningeal cell
5e57cd50-8e42-42d6-940d-5c1660d06864,10x 3' v3,dorsolateral prefrontal cortex,dementia || Alzheimer disease,dementia || Alzheimer disease || Lewy body dementia,False,20,186999,43,41,2,GABAergic neuron; L2/3 intratelencephalic projecting glutamatergic neuron; L2/3-6 intratelencephalic projecting glutamatergic neuron; L5/6 near-projecting glutamatergic neuron; L6 corticothalamic-projecting glutamatergic cortical neuron; L6 intratelencephalic projecting glutamatergic neuron; L6b glutamatergic neuron of the primary motor cortex; VIP GABAergic cortical interneuron; astrocyte; endothelial cell; lamp5 GABAergic cortical interneuron; microglial cell; oligodendrocyte; oligodendrocyte precursor cell; pericyte; perivascular macrophage; pvalb GABAergic cortical interneuron; smooth muscle cell; sst GABAergic cortical interneuron; vascular leptomeningeal cell
5c97eeeb-7e52-44b3-b010-b832b1f5424c,10x 3' v3,dorsolateral prefrontal cortex,bipolar I disorder,schizophrenia || atherosclerosis,False,20,169627,37,32,5,GABAergic neuron; L2/3 intratelencephalic projecting glutamatergic neuron; L2/3-6 intratelencephalic projecting glutamatergic neuron; L5/6 near-projecting glutamatergic neuron; L6 corticothalamic-projecting glutamatergic cortical neuron; L6 intratelencephalic projecting glutamatergic neuron; L6b glutamatergic neuron of the primary motor cortex; VIP GABAergic cortical interneuron; astrocyte; endothelial cell; lamp5 GABAergic cortical interneuron; microglial cell; oligodendrocyte; oligodendrocyte precursor cell; pericyte; perivascular macrophage; pvalb GABAergic cortical interneuron; smooth muscle cell; sst GABAergic cortical interneuron; vascular leptomeningeal cell
5c97eeeb-7e52-44b3-b010-b832b1f5424c,10x 3' v3,dorsolateral prefrontal cortex,bipolar I disorder,bipolar I disorder || obsessive-compulsive disorder,False,20,170981,36,32,4,GABAergic neuron; L2/3 intratelencephalic projecting glutamatergic neuron; L2/3-6 intratelencephalic projecting glutamatergic neuron; L5/6 near-projecting glutamatergic neuron; L6 corticothalamic-projecting glutamatergic cortical neuron; L6 intratelencephalic projecting glutamatergic neuron; L6b glutamatergic neuron of the primary motor cortex; VIP GABAergic cortical interneuron; astrocyte; endothelial cell; lamp5 GABAergic cortical interneuron; microglial cell; oligodendrocyte; oligodendrocyte precursor cell; pericyte; perivascular macrophage; pvalb GABAergic cortical interneuron; smooth muscle cell; sst GABAergic cortical interneuron; vascular leptomeningeal cell
5c97eeeb-7e52-44b3-b010-b832b1f5424c,10x 3' v3,dorsolateral prefrontal cortex,atherosclerosis,schizophrenia || atherosclerosis,False,20,158947,29,24,5,GABAergic neuron; L2/3 intratelencephalic projecting glutamatergic neuron; L2/3-6 intratelencephalic projecting glutamatergic neuron; L5/6 near-projecting glutamatergic neuron; L6 corticothalamic-projecting glutamatergic cortical neuron; L6 intratelencephalic projecting glutamatergic neuron; L6b glutamatergic neuron of the primary motor cortex; VIP GABAergic cortical interneuron; astrocyte; endothelial cell; lamp5 GABAergic cortical interneuron; microglial cell; oligodendrocyte; oligodendrocyte precursor cell; pericyte; perivascular macrophage; pvalb GABAergic cortical interneuron; smooth muscle cell; sst GABAergic cortical interneuron; vascular leptomeningeal cell
5c97eeeb-7e52-44b3-b010-b832b1f5424c,10x 3' v3,dorsolateral prefrontal cortex,atherosclerosis,bipolar I disorder || obsessive-compulsive disorder,False,20,160301,28,24,4,GABAergic neuron; L2/3 intratelencephalic projecting glutamatergic neuron; L2/3-6 intratelencephalic projecting glutamatergic neuron; L5/6 near-projecting glutamatergic neuron; L6 corticothalamic-projecting glutamatergic cortical neuron; L6 intratelencephalic projecting glutamatergic neuron; L6b glutamatergic neuron of the primary motor cortex; VIP GABAergic cortical interneuron; astrocyte; endothelial cell; lamp5 GABAergic cortical interneuron; microglial cell; oligodendrocyte; oligodendrocyte precursor cell; pericyte; perivascular macrophage; pvalb GABAergic cortical interneuron; smooth muscle cell; sst GABAergic cortical interneuron; vascular leptomeningeal cell
5c97eeeb-7e52-44b3-b010-b832b1f5424c,10x 3' v3,dorsolateral prefrontal cortex,schizophrenia,schizophrenia || atherosclerosis,False,20,118154,26,21,5,GABAergic neuron; L2/3 intratelencephalic projecting glutamatergic neuron; L2/3-6 intratelencephalic projecting glutamatergic neuron; L5/6 near-projecting glutamatergic neuron; L6 corticothalamic-projecting glutamatergic cortical neuron; L6 intratelencephalic projecting glutamatergic neuron; L6b glutamatergic neuron of the primary motor cortex; VIP GABAergic cortical interneuron; astrocyte; endothelial cell; lamp5 GABAergic cortical interneuron; microglial cell; oligodendrocyte; oligodendrocyte precursor cell; pericyte; perivascular macrophage; pvalb GABAergic cortical interneuron; smooth muscle cell; sst GABAergic cortical interneuron; vascular leptomeningeal cell
5c97eeeb-7e52-44b3-b010-b832b1f5424c,10x 3' v3,dorsolateral prefrontal cortex,bipolar I disorder || obsessive-compulsive disorder,schizophrenia,False,20,119508,25,4,21,GABAergic neuron; L2/3 intratelencephalic projecting glutamatergic neuron; L2/3-6 intratelencephalic projecting glutamatergic neuron; L5/6 near-projecting glutamatergic neuron; L6 corticothalamic-projecting glutamatergic cortical neuron; L6 intratelencephalic projecting glutamatergic neuron; L6b glutamatergic neuron of the primary motor cortex; VIP GABAergic cortical interneuron; astrocyte; endothelial cell; lamp5 GABAergic cortical interneuron; microglial cell; oligodendrocyte; oligodendrocyte precursor cell; pericyte; perivascular macrophage; pvalb GABAergic cortical interneuron; smooth muscle cell; sst GABAergic cortical interneuron; vascular leptomeningeal cell
5e57cd50-8e42-42d6-940d-5c1660d06864,10x 3' v3,dorsolateral prefrontal cortex,dementia || vascular dementia || Alzheimer disease,diabetes mellitus,False,20,107668,25,7,18,GABAergic neuron; L2/3 intratelencephalic projecting glutamatergic neuron; L2/3-6 intratelencephalic projecting glutamatergic neuron; L5/6 near-projecting glutamatergic neuron; L6 corticothalamic-projecting glutamatergic cortical neuron; L6 intratelencephalic projecting glutamatergic neuron; L6b glutamatergic neuron of the primary motor cortex; VIP GABAergic cortical interneuron; astrocyte; endothelial cell; lamp5 GABAergic cortical interneuron; microglial cell; oligodendrocyte; oligodendrocyte precursor cell; pericyte; perivascular macrophage; pvalb GABAergic cortical interneuron; smooth muscle cell; sst GABAergic cortical interneuron; vascular leptomeningeal cell
5e57cd50-8e42-42d6-940d-5c1660d06864,10x 3' v3,dorsolateral prefrontal cortex,dementia || Alzheimer disease || Parkinson disease,diabetes mellitus,False,20,103972,23,5,18,GABAergic neuron; L2/3 intratelencephalic projecting glutamatergic neuron; L2/3-6 intratelencephalic projecting glutamatergic neuron; L5/6 near-projecting glutamatergic neuron; L6 corticothalamic-projecting glutamatergic cortical neuron; L6 intratelencephalic projecting glutamatergic neuron; L6b glutamatergic neuron of the primary motor cortex; VIP GABAergic cortical interneuron; astrocyte; endothelial cell; lamp5 GABAergic cortical interneuron; microglial cell; oligodendrocyte; oligodendrocyte precursor cell; pericyte; perivascular macrophage; pvalb GABAergic cortical interneuron; smooth muscle cell; sst GABAergic cortical interneuron; vascular leptomeningeal cell
5e57cd50-8e42-42d6-940d-5c1660d06864,10x 3' v3,dorsolateral prefrontal cortex,diabetes mellitus,vascular dementia || diabetes mellitus,False,20,102397,22,18,4,GABAergic neuron; L2/3 intratelencephalic projecting glutamatergic neuron; L2/3-6 intratelencephalic projecting glutamatergic neuron; L5/6 near-projecting glutamatergic neuron; L6 corticothalamic-projecting glutamatergic cortical neuron; L6 intratelencephalic projecting glutamatergic neuron; L6b glutamatergic neuron of the primary motor cortex; VIP GABAergic cortical interneuron; astrocyte; endothelial cell; lamp5 GABAergic cortical interneuron; microglial cell; oligodendrocyte; oligodendrocyte precursor cell; pericyte; perivascular macrophage; pvalb GABAergic cortical interneuron; smooth muscle cell; sst GABAergic cortical interneuron; vascular leptomeningeal cell
5e57cd50-8e42-42d6-940d-5c1660d06864,10x 3' v3,dorsolateral prefrontal cortex,dementia || Alzheimer disease || diabetes mellitus,tauopathy,False,20,98259,21,12,9,GABAergic neuron; L2/3 intratelencephalic projecting glutamatergic neuron; L2/3-6 intratelencephalic projecting glutamatergic neuron; L5/6 near-projecting glutamatergic neuron; L6 corticothalamic-projecting glutamatergic cortical neuron; L6 intratelencephalic projecting glutamatergic neuron; L6b glutamatergic neuron of the primary motor cortex; VIP GABAergic cortical interneuron; astrocyte; endothelial cell; lamp5 GABAergic cortical interneuron; microglial cell; oligodendrocyte; oligodendrocyte precursor cell; pericyte; perivascular macrophage; pvalb GABAergic cortical interneuron; smooth muscle cell; sst GABAergic cortical interneuron; vascular leptomeningeal cell
5e57cd50-8e42-42d6-940d-5c1660d06864,10x 3' v3,dorsolateral prefrontal cortex,dementia || tauopathy,diabetes mellitus,False,20,87990,21,3,18,GABAergic neuron; L2/3 intratelencephalic projecting glutamatergic neuron; L2/3-6 intratelencephalic projecting glutamatergic neuron; L5/6 near-projecting glutamatergic neuron; L6 corticothalamic-projecting glutamatergic cortical neuron; L6 intratelencephalic projecting glutamatergic neuron; L6b glutamatergic neuron of the primary motor cortex; VIP GABAergic cortical interneuron; astrocyte; endothelial cell; lamp5 GABAergic cortical interneuron; microglial cell; oligodendrocyte; oligodendrocyte precursor cell; pericyte; perivascular macrophage; pvalb GABAergic cortical interneuron; smooth muscle cell; sst GABAergic cortical interneuron; vascular leptomeningeal cell
5e57cd50-8e42-42d6-940d-5c1660d06864,10x 3' v3,dorsolateral prefrontal cortex,diabetes mellitus,diabetes mellitus || head injury,False,20,92944,20,18,2,GABAergic neuron; L2/3 intratelencephalic projecting glutamatergic neuron; L2/3-6 intratelencephalic projecting glutamatergic neuron; L5/6 near-projecting glutamatergic neuron; L6 corticothalamic-projecting glutamatergic cortical neuron; L6 intratelencephalic projecting glutamatergic neuron; L6b glutamatergic neuron of the primary motor cortex; VIP GABAergic cortical interneuron; astrocyte; endothelial cell; lamp5 GABAergic cortical interneuron; microglial cell; oligodendrocyte; oligodendrocyte precursor cell; pericyte; perivascular macrophage; pvalb GABAergic cortical interneuron; smooth muscle cell; sst GABAergic cortical interneuron; vascular leptomeningeal cell
5e57cd50-8e42-42d6-940d-5c1660d06864,10x 3' v3,dorsolateral prefrontal cortex,dementia || Alzheimer disease || Lewy body dementia,diabetes mellitus,False,20,87105,20,2,18,GABAergic neuron; L2/3 intratelencephalic projecting glutamatergic neuron; L2/3-6 intratelencephalic projecting glutamatergic neuron; L5/6 near-projecting glutamatergic neuron; L6 corticothalamic-projecting glutamatergic cortical neuron; L6 intratelencephalic projecting glutamatergic neuron; L6b glutamatergic neuron of the primary motor cortex; VIP GABAergic cortical interneuron; astrocyte; endothelial cell; lamp5 GABAergic cortical interneuron; microglial cell; oligodendrocyte; oligodendrocyte precursor cell; pericyte; perivascular macrophage; pvalb GABAergic cortical interneuron; smooth muscle cell; sst GABAergic cortical interneuron; vascular leptomeningeal cell
5e57cd50-8e42-42d6-940d-5c1660d06864,10x 3' v3,dorsolateral prefrontal cortex,dementia || Alzheimer disease || diabetes mellitus,dementia || vascular dementia || Alzheimer disease,False,20,82745,19,12,7,GABAergic neuron; L2/3 intratelencephalic projecting glutamatergic neuron; L2/3-6 intratelencephalic projecting glutamatergic neuron; L5/6 near-projecting glutamatergic neuron; L6 corticothalamic-projecting glutamatergic cortical neuron; L6 intratelencephalic projecting glutamatergic neuron; L6b glutamatergic neuron of the primary motor cortex; VIP GABAergic cortical interneuron; astrocyte; endothelial cell; lamp5 GABAergic cortical interneuron; microglial cell; oligodendrocyte; oligodendrocyte precursor cell; pericyte; perivascular macrophage; pvalb GABAergic cortical interneuron; smooth muscle cell; sst GABAergic cortical interneuron; vascular leptomeningeal cell
5e57cd50-8e42-42d6-940d-5c1660d06864,10x 3' v3,dorsolateral prefrontal cortex,dementia || Alzheimer disease || Parkinson disease,dementia || Alzheimer disease || diabetes mellitus,False,20,79049,17,5,12,GABAergic neuron; L2/3 intratelencephalic projecting glutamatergic neuron; L2/3-6 intratelencephalic projecting glutamatergic neuron; L5/6 near-projecting glutamatergic neuron; L6 corticothalamic-projecting glutamatergic cortical neuron; L6 intratelencephalic projecting glutamatergic neuron; L6b glutamatergic neuron of the primary motor cortex; VIP GABAergic cortical interneuron; astrocyte; endothelial cell; lamp5 GABAergic cortical interneuron; microglial cell; oligodendrocyte; oligodendrocyte precursor cell; pericyte; perivascular macrophage; pvalb GABAergic cortical interneuron; smooth muscle cell; sst GABAergic cortical interneuron; vascular leptomeningeal cell
5e57cd50-8e42-42d6-940d-5c1660d06864,10x 3' v3,dorsolateral prefrontal cortex,dementia || vascular dementia || Alzheimer disease,tauopathy,False,20,79256,16,7,9,GABAergic neuron; L2/3 intratelencephalic projecting glutamatergic neuron; L2/3-6 intratelencephalic projecting glutamatergic neuron; L5/6 near-projecting glutamatergic neuron; L6 corticothalamic-projecting glutamatergic cortical neuron; L6 intratelencephalic projecting glutamatergic neuron; L6b glutamatergic neuron of the primary motor cortex; VIP GABAergic cortical interneuron; astrocyte; endothelial cell; lamp5 GABAergic cortical interneuron; microglial cell; oligodendrocyte; oligodendrocyte precursor cell; pericyte; perivascular macrophage; pvalb GABAergic cortical interneuron; smooth muscle cell; sst GABAergic cortical interneuron; vascular leptomeningeal cell
5e57cd50-8e42-42d6-940d-5c1660d06864,10x 3' v3,dorsolateral prefrontal cortex,dementia || Alzheimer disease || diabetes mellitus,vascular dementia || diabetes mellitus,False,20,77474,16,12,4,GABAergic neuron; L2/3 intratelencephalic projecting glutamatergic neuron; L2/3-6 intratelencephalic projecting glutamatergic neuron; L5/6 near-projecting glutamatergic neuron; L6 corticothalamic-projecting glutamatergic cortical neuron; L6 intratelencephalic projecting glutamatergic neuron; L6b glutamatergic neuron of the primary motor cortex; VIP GABAergic cortical interneuron; astrocyte; endothelial cell; lamp5 GABAergic cortical interneuron; microglial cell; oligodendrocyte; oligodendrocyte precursor cell; pericyte; perivascular macrophage; pvalb GABAergic cortical interneuron; smooth muscle cell; sst GABAergic cortical interneuron; vascular leptomeningeal cell
5e57cd50-8e42-42d6-940d-5c1660d06864,10x 3' v3,dorsolateral prefrontal cortex,dementia || Alzheimer disease || diabetes mellitus,dementia || tauopathy,False,20,63067,15,12,3,GABAergic neuron; L2/3 intratelencephalic projecting glutamatergic neuron; L2/3-6 intratelencephalic projecting glutamatergic neuron; L5/6 near-projecting glutamatergic neuron; L6 corticothalamic-projecting glutamatergic cortical neuron; L6 intratelencephalic projecting glutamatergic neuron; L6b glutamatergic neuron of the primary motor cortex; VIP GABAergic cortical interneuron; astrocyte; endothelial cell; lamp5 GABAergic cortical interneuron; microglial cell; oligodendrocyte; oligodendrocyte precursor cell; pericyte; perivascular macrophage; pvalb GABAergic cortical interneuron; smooth muscle cell; sst GABAergic cortical interneuron; vascular leptomeningeal cell
5e57cd50-8e42-42d6-940d-5c1660d06864,10x 3' v3,dorsolateral prefrontal cortex,dementia || Alzheimer disease || Parkinson disease,tauopathy,False,20,75560,14,5,9,GABAergic neuron; L2/3 intratelencephalic projecting glutamatergic neuron; L2/3-6 intratelencephalic projecting glutamatergic neuron; L5/6 near-projecting glutamatergic neuron; L6 corticothalamic-projecting glutamatergic cortical neuron; L6 intratelencephalic projecting glutamatergic neuron; L6b glutamatergic neuron of the primary motor cortex; VIP GABAergic cortical interneuron; astrocyte; endothelial cell; lamp5 GABAergic cortical interneuron; microglial cell; oligodendrocyte; oligodendrocyte precursor cell; pericyte; perivascular macrophage; pvalb GABAergic cortical interneuron; smooth muscle cell; sst GABAergic cortical interneuron; vascular leptomeningeal cell
5c97eeeb-7e52-44b3-b010-b832b1f5424c,10x 3' v3,dorsolateral prefrontal cortex,schizophrenia || tardive dyskinesia,type 1 diabetes mellitus,False,20,70614,14,9,5,GABAergic neuron; L2/3 intratelencephalic projecting glutamatergic neuron; L2/3-6 intratelencephalic projecting glutamatergic neuron; L5/6 near-projecting glutamatergic neuron; L6 corticothalamic-projecting glutamatergic cortical neuron; L6 intratelencephalic projecting glutamatergic neuron; L6b glutamatergic neuron of the primary motor cortex; VIP GABAergic cortical interneuron; astrocyte; endothelial cell; lamp5 GABAergic cortical interneuron; microglial cell; oligodendrocyte; oligodendrocyte precursor cell; pericyte; perivascular macrophage; pvalb GABAergic cortical interneuron; smooth muscle cell; sst GABAergic cortical interneuron; vascular leptomeningeal cell
5e57cd50-8e42-42d6-940d-5c1660d06864,10x 3' v3,dorsolateral prefrontal cortex,dementia || Alzheimer disease || diabetes mellitus,diabetes mellitus || head injury,False,20,68021,14,12,2,GABAergic neuron; L2/3 intratelencephalic projecting glutamatergic neuron; L2/3-6 intratelencephalic projecting glutamatergic neuron; L5/6 near-projecting glutamatergic neuron; L6 corticothalamic-projecting glutamatergic cortical neuron; L6 intratelencephalic projecting glutamatergic neuron; L6b glutamatergic neuron of the primary motor cortex; VIP GABAergic cortical interneuron; astrocyte; endothelial cell; lamp5 GABAergic cortical interneuron; microglial cell; oligodendrocyte; oligodendrocyte precursor cell; pericyte; perivascular macrophage; pvalb GABAergic cortical interneuron; smooth muscle cell; sst GABAergic cortical interneuron; vascular leptomeningeal cell
5c97eeeb-7e52-44b3-b010-b832b1f5424c,10x 3' v3,dorsolateral prefrontal cortex,schizophrenia || atherosclerosis,schizophrenia || tardive dyskinesia,False,20,63844,14,5,9,GABAergic neuron; L2/3 intratelencephalic projecting glutamatergic neuron; L2/3-6 intratelencephalic projecting glutamatergic neuron; L5/6 near-projecting glutamatergic neuron; L6 corticothalamic-projecting glutamatergic cortical neuron; L6 intratelencephalic projecting glutamatergic neuron; L6b glutamatergic neuron of the primary motor cortex; VIP GABAergic cortical interneuron; astrocyte; endothelial cell; lamp5 GABAergic cortical interneuron; microglial cell; oligodendrocyte; oligodendrocyte precursor cell; pericyte; perivascular macrophage; pvalb GABAergic cortical interneuron; smooth muscle cell; sst GABAergic cortical interneuron; vascular leptomeningeal cell
5e57cd50-8e42-42d6-940d-5c1660d06864,10x 3' v3,dorsolateral prefrontal cortex,dementia || Alzheimer disease || Lewy body dementia,dementia || Alzheimer disease || diabetes mellitus,False,20,62182,14,2,12,GABAergic neuron; L2/3 intratelencephalic projecting glutamatergic neuron; L2/3-6 intratelencephalic projecting glutamatergic neuron; L5/6 near-projecting glutamatergic neuron; L6 corticothalamic-projecting glutamatergic cortical neuron; L6 intratelencephalic projecting glutamatergic neuron; L6b glutamatergic neuron of the primary motor cortex; VIP GABAergic cortical interneuron; astrocyte; endothelial cell; lamp5 GABAergic cortical interneuron; microglial cell; oligodendrocyte; oligodendrocyte precursor cell; pericyte; perivascular macrophage; pvalb GABAergic cortical interneuron; smooth muscle cell; sst GABAergic cortical interneuron; vascular leptomeningeal cell
5e57cd50-8e42-42d6-940d-5c1660d06864,10x 3' v3,dorsolateral prefrontal cortex,tauopathy,vascular dementia || diabetes mellitus,False,20,73985,13,9,4,GABAergic neuron; L2/3 intratelencephalic projecting glutamatergic neuron; L2/3-6 intratelencephalic projecting glutamatergic neuron; L5/6 near-projecting glutamatergic neuron; L6 corticothalamic-projecting glutamatergic cortical neuron; L6 intratelencephalic projecting glutamatergic neuron; L6b glutamatergic neuron of the primary motor cortex; VIP GABAergic cortical interneuron; astrocyte; endothelial cell; lamp5 GABAergic cortical interneuron; microglial cell; oligodendrocyte; oligodendrocyte precursor cell; pericyte; perivascular macrophage; pvalb GABAergic cortical interneuron; smooth muscle cell; sst GABAergic cortical interneuron; vascular leptomeningeal cell
5c97eeeb-7e52-44b3-b010-b832b1f5424c,10x 3' v3,dorsolateral prefrontal cortex,bipolar I disorder || obsessive-compulsive disorder,schizophrenia || tardive dyskinesia,False,20,65198,13,4,9,GABAergic neuron; L2/3 intratelencephalic projecting glutamatergic neuron; L2/3-6 intratelencephalic projecting glutamatergic neuron; L5/6 near-projecting glutamatergic neuron; L6 corticothalamic-projecting glutamatergic cortical neuron; L6 intratelencephalic projecting glutamatergic neuron; L6b glutamatergic neuron of the primary motor cortex; VIP GABAergic cortical interneuron; astrocyte; endothelial cell; lamp5 GABAergic cortical interneuron; microglial cell; oligodendrocyte; oligodendrocyte precursor cell; pericyte; perivascular macrophage; pvalb GABAergic cortical interneuron; smooth muscle cell; sst GABAergic cortical interneuron; vascular leptomeningeal cell
5e57cd50-8e42-42d6-940d-5c1660d06864,10x 3' v3,dorsolateral prefrontal cortex,dementia || Alzheimer disease || Parkinson disease,dementia || vascular dementia || Alzheimer disease,False,20,60046,12,5,7,GABAergic neuron; L2/3 intratelencephalic projecting glutamatergic neuron; L2/3-6 intratelencephalic projecting glutamatergic neuron; L5/6 near-projecting glutamatergic neuron; L6 corticothalamic-projecting glutamatergic cortical neuron; L6 intratelencephalic projecting glutamatergic neuron; L6b glutamatergic neuron of the primary motor cortex; VIP GABAergic cortical interneuron; astrocyte; endothelial cell; lamp5 GABAergic cortical interneuron; microglial cell; oligodendrocyte; oligodendrocyte precursor cell; pericyte; perivascular macrophage; pvalb GABAergic cortical interneuron; smooth muscle cell; sst GABAergic cortical interneuron; vascular leptomeningeal cell
5e57cd50-8e42-42d6-940d-5c1660d06864,10x 3' v3,dorsolateral prefrontal cortex,dementia || tauopathy,tauopathy,False,20,59578,12,3,9,GABAergic neuron; L2/3 intratelencephalic projecting glutamatergic neuron; L2/3-6 intratelencephalic projecting glutamatergic neuron; L5/6 near-projecting glutamatergic neuron; L6 corticothalamic-projecting glutamatergic cortical neuron; L6 intratelencephalic projecting glutamatergic neuron; L6b glutamatergic neuron of the primary motor cortex; VIP GABAergic cortical interneuron; astrocyte; endothelial cell; lamp5 GABAergic cortical interneuron; microglial cell; oligodendrocyte; oligodendrocyte precursor cell; pericyte; perivascular macrophage; pvalb GABAergic cortical interneuron; smooth muscle cell; sst GABAergic cortical interneuron; vascular leptomeningeal cell
5e57cd50-8e42-42d6-940d-5c1660d06864,10x 3' v3,dorsolateral prefrontal cortex,diabetes mellitus || head injury,tauopathy,False,20,64532,11,2,9,GABAergic neuron; L2/3 intratelencephalic projecting glutamatergic neuron; L2/3-6 intratelencephalic projecting glutamatergic neuron; L5/6 near-projecting glutamatergic neuron; L6 corticothalamic-projecting glutamatergic cortical neuron; L6 intratelencephalic projecting glutamatergic neuron; L6b glutamatergic neuron of the primary motor cortex; VIP GABAergic cortical interneuron; astrocyte; endothelial cell; lamp5 GABAergic cortical interneuron; microglial cell; oligodendrocyte; oligodendrocyte precursor cell; pericyte; perivascular macrophage; pvalb GABAergic cortical interneuron; smooth muscle cell; sst GABAergic cortical interneuron; vascular leptomeningeal cell
5e57cd50-8e42-42d6-940d-5c1660d06864,10x 3' v3,dorsolateral prefrontal cortex,dementia || Alzheimer disease || Lewy body dementia,tauopathy,False,20,58693,11,2,9,GABAergic neuron; L2/3 intratelencephalic projecting glutamatergic neuron; L2/3-6 intratelencephalic projecting glutamatergic neuron; L5/6 near-projecting glutamatergic neuron; L6 corticothalamic-projecting glutamatergic cortical neuron; L6 intratelencephalic projecting glutamatergic neuron; L6b glutamatergic neuron of the primary motor cortex; VIP GABAergic cortical interneuron; astrocyte; endothelial cell; lamp5 GABAergic cortical interneuron; microglial cell; oligodendrocyte; oligodendrocyte precursor cell; pericyte; perivascular macrophage; pvalb GABAergic cortical interneuron; smooth muscle cell; sst GABAergic cortical interneuron; vascular leptomeningeal cell
5e57cd50-8e42-42d6-940d-5c1660d06864,10x 3' v3,dorsolateral prefrontal cortex,dementia || vascular dementia || Alzheimer disease,vascular dementia || diabetes mellitus,False,20,58471,11,7,4,GABAergic neuron; L2/3 intratelencephalic projecting glutamatergic neuron; L2/3-6 intratelencephalic projecting glutamatergic neuron; L5/6 near-projecting glutamatergic neuron; L6 corticothalamic-projecting glutamatergic cortical neuron; L6 intratelencephalic projecting glutamatergic neuron; L6b glutamatergic neuron of the primary motor cortex; VIP GABAergic cortical interneuron; astrocyte; endothelial cell; lamp5 GABAergic cortical interneuron; microglial cell; oligodendrocyte; oligodendrocyte precursor cell; pericyte; perivascular macrophage; pvalb GABAergic cortical interneuron; smooth muscle cell; sst GABAergic cortical interneuron; vascular leptomeningeal cell
5e57cd50-8e42-42d6-940d-5c1660d06864,10x 3' v3,dorsolateral prefrontal cortex,dementia || tauopathy,dementia || vascular dementia || Alzheimer disease,False,20,44064,10,3,7,GABAergic neuron; L2/3 intratelencephalic projecting glutamatergic neuron; L2/3-6 intratelencephalic projecting glutamatergic neuron; L5/6 near-projecting glutamatergic neuron; L6 corticothalamic-projecting glutamatergic cortical neuron; L6 intratelencephalic projecting glutamatergic neuron; L6b glutamatergic neuron of the primary motor cortex; VIP GABAergic cortical interneuron; astrocyte; endothelial cell; lamp5 GABAergic cortical interneuron; microglial cell; oligodendrocyte; oligodendrocyte precursor cell; pericyte; perivascular macrophage; pvalb GABAergic cortical interneuron; smooth muscle cell; sst GABAergic cortical interneuron; vascular leptomeningeal cell
5c97eeeb-7e52-44b3-b010-b832b1f5424c,10x 3' v3,dorsolateral prefrontal cortex,schizophrenia || atherosclerosis,type 1 diabetes mellitus,False,20,41634,10,5,5,GABAergic neuron; L2/3 intratelencephalic projecting glutamatergic neuron; L2/3-6 intratelencephalic projecting glutamatergic neuron; L5/6 near-projecting glutamatergic neuron; L6 corticothalamic-projecting glutamatergic cortical neuron; L6 intratelencephalic projecting glutamatergic neuron; L6b glutamatergic neuron of the primary motor cortex; VIP GABAergic cortical interneuron; astrocyte; endothelial cell; lamp5 GABAergic cortical interneuron; microglial cell; oligodendrocyte; oligodendrocyte precursor cell; pericyte; perivascular macrophage; pvalb GABAergic cortical interneuron; smooth muscle cell; sst GABAergic cortical interneuron; vascular leptomeningeal cell
5e57cd50-8e42-42d6-940d-5c1660d06864,10x 3' v3,dorsolateral prefrontal cortex,dementia || Alzheimer disease || Parkinson disease,vascular dementia || diabetes mellitus,False,20,54775,9,5,4,GABAergic neuron; L2/3 intratelencephalic projecting glutamatergic neuron; L2/3-6 intratelencephalic projecting glutamatergic neuron; L5/6 near-projecting glutamatergic neuron; L6 corticothalamic-projecting glutamatergic cortical neuron; L6 intratelencephalic projecting glutamatergic neuron; L6b glutamatergic neuron of the primary motor cortex; VIP GABAergic cortical interneuron; astrocyte; endothelial cell; lamp5 GABAergic cortical interneuron; microglial cell; oligodendrocyte; oligodendrocyte precursor cell; pericyte; perivascular macrophage; pvalb GABAergic cortical interneuron; smooth muscle cell; sst GABAergic cortical interneuron; vascular leptomeningeal cell
5e57cd50-8e42-42d6-940d-5c1660d06864,10x 3' v3,dorsolateral prefrontal cortex,dementia || vascular dementia || Alzheimer disease,diabetes mellitus || head injury,False,20,49018,9,7,2,GABAergic neuron; L2/3 intratelencephalic projecting glutamatergic neuron; L2/3-6 intratelencephalic projecting glutamatergic neuron; L5/6 near-projecting glutamatergic neuron; L6 corticothalamic-projecting glutamatergic cortical neuron; L6 intratelencephalic projecting glutamatergic neuron; L6b glutamatergic neuron of the primary motor cortex; VIP GABAergic cortical interneuron; astrocyte; endothelial cell; lamp5 GABAergic cortical interneuron; microglial cell; oligodendrocyte; oligodendrocyte precursor cell; pericyte; perivascular macrophage; pvalb GABAergic cortical interneuron; smooth muscle cell; sst GABAergic cortical interneuron; vascular leptomeningeal cell
5e57cd50-8e42-42d6-940d-5c1660d06864,10x 3' v3,dorsolateral prefrontal cortex,dementia || Alzheimer disease || Lewy body dementia,dementia || vascular dementia || Alzheimer disease,False,20,43179,9,2,7,GABAergic neuron; L2/3 intratelencephalic projecting glutamatergic neuron; L2/3-6 intratelencephalic projecting glutamatergic neuron; L5/6 near-projecting glutamatergic neuron; L6 corticothalamic-projecting glutamatergic cortical neuron; L6 intratelencephalic projecting glutamatergic neuron; L6b glutamatergic neuron of the primary motor cortex; VIP GABAergic cortical interneuron; astrocyte; endothelial cell; lamp5 GABAergic cortical interneuron; microglial cell; oligodendrocyte; oligodendrocyte precursor cell; pericyte; perivascular macrophage; pvalb GABAergic cortical interneuron; smooth muscle cell; sst GABAergic cortical interneuron; vascular leptomeningeal cell
5c97eeeb-7e52-44b3-b010-b832b1f5424c,10x 3' v3,dorsolateral prefrontal cortex,bipolar I disorder || obsessive-compulsive disorder,type 1 diabetes mellitus,False,20,42988,9,4,5,GABAergic neuron; L2/3 intratelencephalic projecting glutamatergic neuron; L2/3-6 intratelencephalic projecting glutamatergic neuron; L5/6 near-projecting glutamatergic neuron; L6 corticothalamic-projecting glutamatergic cortical neuron; L6 intratelencephalic projecting glutamatergic neuron; L6b glutamatergic neuron of the primary motor cortex; VIP GABAergic cortical interneuron; astrocyte; endothelial cell; lamp5 GABAergic cortical interneuron; microglial cell; oligodendrocyte; oligodendrocyte precursor cell; pericyte; perivascular macrophage; pvalb GABAergic cortical interneuron; smooth muscle cell; sst GABAergic cortical interneuron; vascular leptomeningeal cell
5c97eeeb-7e52-44b3-b010-b832b1f5424c,10x 3' v3,dorsolateral prefrontal cortex,bipolar I disorder || obsessive-compulsive disorder,schizophrenia || atherosclerosis,False,20,36218,9,4,5,GABAergic neuron; L2/3 intratelencephalic projecting glutamatergic neuron; L2/3-6 intratelencephalic projecting glutamatergic neuron; L5/6 near-projecting glutamatergic neuron; L6 corticothalamic-projecting glutamatergic cortical neuron; L6 intratelencephalic projecting glutamatergic neuron; L6b glutamatergic neuron of the primary motor cortex; VIP GABAergic cortical interneuron; astrocyte; endothelial cell; lamp5 GABAergic cortical interneuron; microglial cell; oligodendrocyte; oligodendrocyte precursor cell; pericyte; perivascular macrophage; pvalb GABAergic cortical interneuron; smooth muscle cell; sst GABAergic cortical interneuron; vascular leptomeningeal cell
5e57cd50-8e42-42d6-940d-5c1660d06864,10x 3' v3,dorsolateral prefrontal cortex,dementia || Alzheimer disease || Parkinson disease,dementia || tauopathy,False,20,40368,8,5,3,GABAergic neuron; L2/3 intratelencephalic projecting glutamatergic neuron; L2/3-6 intratelencephalic projecting glutamatergic neuron; L5/6 near-projecting glutamatergic neuron; L6 corticothalamic-projecting glutamatergic cortical neuron; L6 intratelencephalic projecting glutamatergic neuron; L6b glutamatergic neuron of the primary motor cortex; VIP GABAergic cortical interneuron; astrocyte; endothelial cell; lamp5 GABAergic cortical interneuron; microglial cell; oligodendrocyte; oligodendrocyte precursor cell; pericyte; perivascular macrophage; pvalb GABAergic cortical interneuron; smooth muscle cell; sst GABAergic cortical interneuron; vascular leptomeningeal cell
5e57cd50-8e42-42d6-940d-5c1660d06864,10x 3' v3,dorsolateral prefrontal cortex,dementia || Alzheimer disease || Parkinson disease,diabetes mellitus || head injury,False,20,45322,7,5,2,GABAergic neuron; L2/3 intratelencephalic projecting glutamatergic neuron; L2/3-6 intratelencephalic projecting glutamatergic neuron; L5/6 near-projecting glutamatergic neuron; L6 corticothalamic-projecting glutamatergic cortical neuron; L6 intratelencephalic projecting glutamatergic neuron; L6b glutamatergic neuron of the primary motor cortex; VIP GABAergic cortical interneuron; astrocyte; endothelial cell; lamp5 GABAergic cortical interneuron; microglial cell; oligodendrocyte; oligodendrocyte precursor cell; pericyte; perivascular macrophage; pvalb GABAergic cortical interneuron; smooth muscle cell; sst GABAergic cortical interneuron; vascular leptomeningeal cell
5e57cd50-8e42-42d6-940d-5c1660d06864,10x 3' v3,dorsolateral prefrontal cortex,dementia || Alzheimer disease || Lewy body dementia,dementia || Alzheimer disease || Parkinson disease,False,20,39483,7,2,5,GABAergic neuron; L2/3 intratelencephalic projecting glutamatergic neuron; L2/3-6 intratelencephalic projecting glutamatergic neuron; L5/6 near-projecting glutamatergic neuron; L6 corticothalamic-projecting glutamatergic cortical neuron; L6 intratelencephalic projecting glutamatergic neuron; L6b glutamatergic neuron of the primary motor cortex; VIP GABAergic cortical interneuron; astrocyte; endothelial cell; lamp5 GABAergic cortical interneuron; microglial cell; oligodendrocyte; oligodendrocyte precursor cell; pericyte; perivascular macrophage; pvalb GABAergic cortical interneuron; smooth muscle cell; sst GABAergic cortical interneuron; vascular leptomeningeal cell
5e57cd50-8e42-42d6-940d-5c1660d06864,10x 3' v3,dorsolateral prefrontal cortex,dementia || tauopathy,vascular dementia || diabetes mellitus,False,20,38793,7,3,4,GABAergic neuron; L2/3 intratelencephalic projecting glutamatergic neuron; L2/3-6 intratelencephalic projecting glutamatergic neuron; L5/6 near-projecting glutamatergic neuron; L6 corticothalamic-projecting glutamatergic cortical neuron; L6 intratelencephalic projecting glutamatergic neuron; L6b glutamatergic neuron of the primary motor cortex; VIP GABAergic cortical interneuron; astrocyte; endothelial cell; lamp5 GABAergic cortical interneuron; microglial cell; oligodendrocyte; oligodendrocyte precursor cell; pericyte; perivascular macrophage; pvalb GABAergic cortical interneuron; smooth muscle cell; sst GABAergic cortical interneuron; vascular leptomeningeal cell
5e57cd50-8e42-42d6-940d-5c1660d06864,10x 3' v3,dorsolateral prefrontal cortex,diabetes mellitus || head injury,vascular dementia || diabetes mellitus,False,20,43747,6,2,4,GABAergic neuron; L2/3 intratelencephalic projecting glutamatergic neuron; L2/3-6 intratelencephalic projecting glutamatergic neuron; L5/6 near-projecting glutamatergic neuron; L6 corticothalamic-projecting glutamatergic cortical neuron; L6 intratelencephalic projecting glutamatergic neuron; L6b glutamatergic neuron of the primary motor cortex; VIP GABAergic cortical interneuron; astrocyte; endothelial cell; lamp5 GABAergic cortical interneuron; microglial cell; oligodendrocyte; oligodendrocyte precursor cell; pericyte; perivascular macrophage; pvalb GABAergic cortical interneuron; smooth muscle cell; sst GABAergic cortical interneuron; vascular leptomeningeal cell
5e57cd50-8e42-42d6-940d-5c1660d06864,10x 3' v3,dorsolateral prefrontal cortex,dementia || Alzheimer disease || Lewy body dementia,vascular dementia || diabetes mellitus,False,20,37908,6,2,4,GABAergic neuron; L2/3 intratelencephalic projecting glutamatergic neuron; L2/3-6 intratelencephalic projecting glutamatergic neuron; L5/6 near-projecting glutamatergic neuron; L6 corticothalamic-projecting glutamatergic cortical neuron; L6 intratelencephalic projecting glutamatergic neuron; L6b glutamatergic neuron of the primary motor cortex; VIP GABAergic cortical interneuron; astrocyte; endothelial cell; lamp5 GABAergic cortical interneuron; microglial cell; oligodendrocyte; oligodendrocyte precursor cell; pericyte; perivascular macrophage; pvalb GABAergic cortical interneuron; smooth muscle cell; sst GABAergic cortical interneuron; vascular leptomeningeal cell
5e57cd50-8e42-42d6-940d-5c1660d06864,10x 3' v3,dorsolateral prefrontal cortex,dementia || tauopathy,diabetes mellitus || head injury,False,20,29340,5,3,2,GABAergic neuron; L2/3 intratelencephalic projecting glutamatergic neuron; L2/3-6 intratelencephalic projecting glutamatergic neuron; L5/6 near-projecting glutamatergic neuron; L6 corticothalamic-projecting glutamatergic cortical neuron; L6 intratelencephalic projecting glutamatergic neuron; L6b glutamatergic neuron of the primary motor cortex; VIP GABAergic cortical interneuron; astrocyte; endothelial cell; lamp5 GABAergic cortical interneuron; microglial cell; oligodendrocyte; oligodendrocyte precursor cell; pericyte; perivascular macrophage; pvalb GABAergic cortical interneuron; smooth muscle cell; sst GABAergic cortical interneuron; vascular leptomeningeal cell
5e57cd50-8e42-42d6-940d-5c1660d06864,10x 3' v3,dorsolateral prefrontal cortex,dementia || Alzheimer disease || Lewy body dementia,dementia || tauopathy,False,20,23501,5,2,3,GABAergic neuron; L2/3 intratelencephalic projecting glutamatergic neuron; L2/3-6 intratelencephalic projecting glutamatergic neuron; L5/6 near-projecting glutamatergic neuron; L6 corticothalamic-projecting glutamatergic cortical neuron; L6 intratelencephalic projecting glutamatergic neuron; L6b glutamatergic neuron of the primary motor cortex; VIP GABAergic cortical interneuron; astrocyte; endothelial cell; lamp5 GABAergic cortical interneuron; microglial cell; oligodendrocyte; oligodendrocyte precursor cell; pericyte; perivascular macrophage; pvalb GABAergic cortical interneuron; smooth muscle cell; sst GABAergic cortical interneuron; vascular leptomeningeal cell
5e57cd50-8e42-42d6-940d-5c1660d06864,10x 3' v3,dorsolateral prefrontal cortex,dementia || Alzheimer disease || Lewy body dementia,diabetes mellitus || head injury,False,20,28455,4,2,2,GABAergic neuron; L2/3 intratelencephalic projecting glutamatergic neuron; L2/3-6 intratelencephalic projecting glutamatergic neuron; L5/6 near-projecting glutamatergic neuron; L6 corticothalamic-projecting glutamatergic cortical neuron; L6 intratelencephalic projecting glutamatergic neuron; L6b glutamatergic neuron of the primary motor cortex; VIP GABAergic cortical interneuron; astrocyte; endothelial cell; lamp5 GABAergic cortical interneuron; microglial cell; oligodendrocyte; oligodendrocyte precursor cell; pericyte; perivascular macrophage; pvalb GABAergic cortical interneuron; smooth muscle cell; sst GABAergic cortical interneuron; vascular leptomeningeal cell
5e57cd50-8e42-42d6-940d-5c1660d06864,10x 3' v3,dorsolateral prefrontal cortex,dementia || Alzheimer disease,vascular dementia,False,19,183567,44,41,3,GABAergic neuron; L2/3 intratelencephalic projecting glutamatergic neuron; L2/3-6 intratelencephalic projecting glutamatergic neuron; L5/6 near-projecting glutamatergic neuron; L6 corticothalamic-projecting glutamatergic cortical neuron; L6 intratelencephalic projecting glutamatergic neuron; L6b glutamatergic neuron of the primary motor cortex; VIP GABAergic cortical interneuron; astrocyte; endothelial cell; lamp5 GABAergic cortical interneuron; microglial cell; oligodendrocyte; oligodendrocyte precursor cell; pericyte; perivascular macrophage; pvalb GABAergic cortical interneuron; sst GABAergic cortical interneuron; vascular leptomeningeal cell
5e57cd50-8e42-42d6-940d-5c1660d06864,10x 3' v3,dorsolateral prefrontal cortex,dementia || Alzheimer disease,dementia || vascular dementia,False,19,188995,43,41,2,GABAergic neuron; L2/3 intratelencephalic projecting glutamatergic neuron; L2/3-6 intratelencephalic projecting glutamatergic neuron; L5/6 near-projecting glutamatergic neuron; L6 corticothalamic-projecting glutamatergic cortical neuron; L6 intratelencephalic projecting glutamatergic neuron; L6b glutamatergic neuron of the primary motor cortex; VIP GABAergic cortical interneuron; astrocyte; endothelial cell; lamp5 GABAergic cortical interneuron; microglial cell; oligodendrocyte; oligodendrocyte precursor cell; pericyte; perivascular macrophage; pvalb GABAergic cortical interneuron; sst GABAergic cortical interneuron; vascular leptomeningeal cell
5c97eeeb-7e52-44b3-b010-b832b1f5424c,10x 3' v3,dorsolateral prefrontal cortex,bipolar I disorder,bipolar I disorder || atherosclerosis,False,19,188327,38,32,6,GABAergic neuron; L2/3 intratelencephalic projecting glutamatergic neuron; L2/3-6 intratelencephalic projecting glutamatergic neuron; L5/6 near-projecting glutamatergic neuron; L6 corticothalamic-projecting glutamatergic cortical neuron; L6 intratelencephalic projecting glutamatergic neuron; L6b glutamatergic neuron of the primary motor cortex; VIP GABAergic cortical interneuron; astrocyte; endothelial cell; lamp5 GABAergic cortical interneuron; microglial cell; oligodendrocyte; oligodendrocyte precursor cell; pericyte; perivascular macrophage; pvalb GABAergic cortical interneuron; sst GABAergic cortical interneuron; vascular leptomeningeal cell
5c97eeeb-7e52-44b3-b010-b832b1f5424c,10x 3' v3,dorsolateral prefrontal cortex,bipolar I disorder,bipolar II disorder,False,19,178681,37,32,5,GABAergic neuron; L2/3 intratelencephalic projecting glutamatergic neuron; L2/3-6 intratelencephalic projecting glutamatergic neuron; L5/6 near-projecting glutamatergic neuron; L6 corticothalamic-projecting glutamatergic cortical neuron; L6 intratelencephalic projecting glutamatergic neuron; L6b glutamatergic neuron of the primary motor cortex; VIP GABAergic cortical interneuron; astrocyte; endothelial cell; lamp5 GABAergic cortical interneuron; microglial cell; oligodendrocyte; oligodendrocyte precursor cell; pericyte; pvalb GABAergic cortical interneuron; smooth muscle cell; sst GABAergic cortical interneuron; vascular leptomeningeal cell
5c97eeeb-7e52-44b3-b010-b832b1f5424c,10x 3' v3,dorsolateral prefrontal cortex,bipolar I disorder,schizophrenia || type 1 diabetes mellitus,False,19,178634,36,32,4,GABAergic neuron; L2/3 intratelencephalic projecting glutamatergic neuron; L2/3-6 intratelencephalic projecting glutamatergic neuron; L5/6 near-projecting glutamatergic neuron; L6 corticothalamic-projecting glutamatergic cortical neuron; L6 intratelencephalic projecting glutamatergic neuron; L6b glutamatergic neuron of the primary motor cortex; VIP GABAergic cortical interneuron; astrocyte; endothelial cell; lamp5 GABAergic cortical interneuron; microglial cell; oligodendrocyte; oligodendrocyte precursor cell; pericyte; pvalb GABAergic cortical interneuron; smooth muscle cell; sst GABAergic cortical interneuron; vascular leptomeningeal cell
5c97eeeb-7e52-44b3-b010-b832b1f5424c,10x 3' v3,dorsolateral prefrontal cortex,atherosclerosis,bipolar I disorder || atherosclerosis,False,19,177647,30,24,6,GABAergic neuron; L2/3 intratelencephalic projecting glutamatergic neuron; L2/3-6 intratelencephalic projecting glutamatergic neuron; L5/6 near-projecting glutamatergic neuron; L6 corticothalamic-projecting glutamatergic cortical neuron; L6 intratelencephalic projecting glutamatergic neuron; L6b glutamatergic neuron of the primary motor cortex; VIP GABAergic cortical interneuron; astrocyte; endothelial cell; lamp5 GABAergic cortical interneuron; microglial cell; oligodendrocyte; oligodendrocyte precursor cell; pericyte; perivascular macrophage; pvalb GABAergic cortical interneuron; sst GABAergic cortical interneuron; vascular leptomeningeal cell
5c97eeeb-7e52-44b3-b010-b832b1f5424c,10x 3' v3,dorsolateral prefrontal cortex,atherosclerosis,bipolar II disorder,False,19,168001,29,24,5,GABAergic neuron; L2/3 intratelencephalic projecting glutamatergic neuron; L2/3-6 intratelencephalic projecting glutamatergic neuron; L5/6 near-projecting glutamatergic neuron; L6 corticothalamic-projecting glutamatergic cortical neuron; L6 intratelencephalic projecting glutamatergic neuron; L6b glutamatergic neuron of the primary motor cortex; VIP GABAergic cortical interneuron; astrocyte; endothelial cell; lamp5 GABAergic cortical interneuron; microglial cell; oligodendrocyte; oligodendrocyte precursor cell; pericyte; pvalb GABAergic cortical interneuron; smooth muscle cell; sst GABAergic cortical interneuron; vascular leptomeningeal cell
5c97eeeb-7e52-44b3-b010-b832b1f5424c,10x 3' v3,dorsolateral prefrontal cortex,atherosclerosis,schizophrenia || type 1 diabetes mellitus,False,19,167954,28,24,4,GABAergic neuron; L2/3 intratelencephalic projecting glutamatergic neuron; L2/3-6 intratelencephalic projecting glutamatergic neuron; L5/6 near-projecting glutamatergic neuron; L6 corticothalamic-projecting glutamatergic cortical neuron; L6 intratelencephalic projecting glutamatergic neuron; L6b glutamatergic neuron of the primary motor cortex; VIP GABAergic cortical interneuron; astrocyte; endothelial cell; lamp5 GABAergic cortical interneuron; microglial cell; oligodendrocyte; oligodendrocyte precursor cell; pericyte; pvalb GABAergic cortical interneuron; smooth muscle cell; sst GABAergic cortical interneuron; vascular leptomeningeal cell
5c97eeeb-7e52-44b3-b010-b832b1f5424c,10x 3' v3,dorsolateral prefrontal cortex,bipolar I disorder || atherosclerosis,schizophrenia,False,19,136854,27,6,21,GABAergic neuron; L2/3 intratelencephalic projecting glutamatergic neuron; L2/3-6 intratelencephalic projecting glutamatergic neuron; L5/6 near-projecting glutamatergic neuron; L6 corticothalamic-projecting glutamatergic cortical neuron; L6 intratelencephalic projecting glutamatergic neuron; L6b glutamatergic neuron of the primary motor cortex; VIP GABAergic cortical interneuron; astrocyte; endothelial cell; lamp5 GABAergic cortical interneuron; microglial cell; oligodendrocyte; oligodendrocyte precursor cell; pericyte; perivascular macrophage; pvalb GABAergic cortical interneuron; sst GABAergic cortical interneuron; vascular leptomeningeal cell
5c97eeeb-7e52-44b3-b010-b832b1f5424c,10x 3' v3,dorsolateral prefrontal cortex,bipolar II disorder,schizophrenia,False,19,127208,26,5,21,GABAergic neuron; L2/3 intratelencephalic projecting glutamatergic neuron; L2/3-6 intratelencephalic projecting glutamatergic neuron; L5/6 near-projecting glutamatergic neuron; L6 corticothalamic-projecting glutamatergic cortical neuron; L6 intratelencephalic projecting glutamatergic neuron; L6b glutamatergic neuron of the primary motor cortex; VIP GABAergic cortical interneuron; astrocyte; endothelial cell; lamp5 GABAergic cortical interneuron; microglial cell; oligodendrocyte; oligodendrocyte precursor cell; pericyte; pvalb GABAergic cortical interneuron; smooth muscle cell; sst GABAergic cortical interneuron; vascular leptomeningeal cell
5c97eeeb-7e52-44b3-b010-b832b1f5424c,10x 3' v3,dorsolateral prefrontal cortex,schizophrenia,schizophrenia || type 1 diabetes mellitus,False,19,127161,25,21,4,GABAergic neuron; L2/3 intratelencephalic projecting glutamatergic neuron; L2/3-6 intratelencephalic projecting glutamatergic neuron; L5/6 near-projecting glutamatergic neuron; L6 corticothalamic-projecting glutamatergic cortical neuron; L6 intratelencephalic projecting glutamatergic neuron; L6b glutamatergic neuron of the primary motor cortex; VIP GABAergic cortical interneuron; astrocyte; endothelial cell; lamp5 GABAergic cortical interneuron; microglial cell; oligodendrocyte; oligodendrocyte precursor cell; pericyte; pvalb GABAergic cortical interneuron; smooth muscle cell; sst GABAergic cortical interneuron; vascular leptomeningeal cell
5e57cd50-8e42-42d6-940d-5c1660d06864,10x 3' v3,dorsolateral prefrontal cortex,diabetes mellitus,vascular dementia,False,19,83673,21,18,3,GABAergic neuron; L2/3 intratelencephalic projecting glutamatergic neuron; L2/3-6 intratelencephalic projecting glutamatergic neuron; L5/6 near-projecting glutamatergic neuron; L6 corticothalamic-projecting glutamatergic cortical neuron; L6 intratelencephalic projecting glutamatergic neuron; L6b glutamatergic neuron of the primary motor cortex; VIP GABAergic cortical interneuron; astrocyte; endothelial cell; lamp5 GABAergic cortical interneuron; microglial cell; oligodendrocyte; oligodendrocyte precursor cell; pericyte; perivascular macrophage; pvalb GABAergic cortical interneuron; sst GABAergic cortical interneuron; vascular leptomeningeal cell
5e57cd50-8e42-42d6-940d-5c1660d06864,10x 3' v3,dorsolateral prefrontal cortex,dementia || vascular dementia,diabetes mellitus,False,19,89101,20,2,18,GABAergic neuron; L2/3 intratelencephalic projecting glutamatergic neuron; L2/3-6 intratelencephalic projecting glutamatergic neuron; L5/6 near-projecting glutamatergic neuron; L6 corticothalamic-projecting glutamatergic cortical neuron; L6 intratelencephalic projecting glutamatergic neuron; L6b glutamatergic neuron of the primary motor cortex; VIP GABAergic cortical interneuron; astrocyte; endothelial cell; lamp5 GABAergic cortical interneuron; microglial cell; oligodendrocyte; oligodendrocyte precursor cell; pericyte; perivascular macrophage; pvalb GABAergic cortical interneuron; sst GABAergic cortical interneuron; vascular leptomeningeal cell
5c97eeeb-7e52-44b3-b010-b832b1f5424c,10x 3' v3,dorsolateral prefrontal cortex,bipolar I disorder || atherosclerosis,schizophrenia || tardive dyskinesia,False,19,82544,15,6,9,GABAergic neuron; L2/3 intratelencephalic projecting glutamatergic neuron; L2/3-6 intratelencephalic projecting glutamatergic neuron; L5/6 near-projecting glutamatergic neuron; L6 corticothalamic-projecting glutamatergic cortical neuron; L6 intratelencephalic projecting glutamatergic neuron; L6b glutamatergic neuron of the primary motor cortex; VIP GABAergic cortical interneuron; astrocyte; endothelial cell; lamp5 GABAergic cortical interneuron; microglial cell; oligodendrocyte; oligodendrocyte precursor cell; pericyte; perivascular macrophage; pvalb GABAergic cortical interneuron; sst GABAergic cortical interneuron; vascular leptomeningeal cell
5e57cd50-8e42-42d6-940d-5c1660d06864,10x 3' v3,dorsolateral prefrontal cortex,dementia || Alzheimer disease || diabetes mellitus,vascular dementia,False,19,58750,15,12,3,GABAergic neuron; L2/3 intratelencephalic projecting glutamatergic neuron; L2/3-6 intratelencephalic projecting glutamatergic neuron; L5/6 near-projecting glutamatergic neuron; L6 corticothalamic-projecting glutamatergic cortical neuron; L6 intratelencephalic projecting glutamatergic neuron; L6b glutamatergic neuron of the primary motor cortex; VIP GABAergic cortical interneuron; astrocyte; endothelial cell; lamp5 GABAergic cortical interneuron; microglial cell; oligodendrocyte; oligodendrocyte precursor cell; pericyte; perivascular macrophage; pvalb GABAergic cortical interneuron; sst GABAergic cortical interneuron; vascular leptomeningeal cell
5c97eeeb-7e52-44b3-b010-b832b1f5424c,10x 3' v3,dorsolateral prefrontal cortex,bipolar II disorder,schizophrenia || tardive dyskinesia,False,19,72898,14,5,9,GABAergic neuron; L2/3 intratelencephalic projecting glutamatergic neuron; L2/3-6 intratelencephalic projecting glutamatergic neuron; L5/6 near-projecting glutamatergic neuron; L6 corticothalamic-projecting glutamatergic cortical neuron; L6 intratelencephalic projecting glutamatergic neuron; L6b glutamatergic neuron of the primary motor cortex; VIP GABAergic cortical interneuron; astrocyte; endothelial cell; lamp5 GABAergic cortical interneuron; microglial cell; oligodendrocyte; oligodendrocyte precursor cell; pericyte; pvalb GABAergic cortical interneuron; smooth muscle cell; sst GABAergic cortical interneuron; vascular leptomeningeal cell
5e57cd50-8e42-42d6-940d-5c1660d06864,10x 3' v3,dorsolateral prefrontal cortex,dementia || Alzheimer disease || diabetes mellitus,dementia || vascular dementia,False,19,64178,14,12,2,GABAergic neuron; L2/3 intratelencephalic projecting glutamatergic neuron; L2/3-6 intratelencephalic projecting glutamatergic neuron; L5/6 near-projecting glutamatergic neuron; L6 corticothalamic-projecting glutamatergic cortical neuron; L6 intratelencephalic projecting glutamatergic neuron; L6b glutamatergic neuron of the primary motor cortex; VIP GABAergic cortical interneuron; astrocyte; endothelial cell; lamp5 GABAergic cortical interneuron; microglial cell; oligodendrocyte; oligodendrocyte precursor cell; pericyte; perivascular macrophage; pvalb GABAergic cortical interneuron; sst GABAergic cortical interneuron; vascular leptomeningeal cell
5c97eeeb-7e52-44b3-b010-b832b1f5424c,10x 3' v3,dorsolateral prefrontal cortex,schizophrenia || tardive dyskinesia,schizophrenia || type 1 diabetes mellitus,False,19,72851,13,9,4,GABAergic neuron; L2/3 intratelencephalic projecting glutamatergic neuron; L2/3-6 intratelencephalic projecting glutamatergic neuron; L5/6 near-projecting glutamatergic neuron; L6 corticothalamic-projecting glutamatergic cortical neuron; L6 intratelencephalic projecting glutamatergic neuron; L6b glutamatergic neuron of the primary motor cortex; VIP GABAergic cortical interneuron; astrocyte; endothelial cell; lamp5 GABAergic cortical interneuron; microglial cell; oligodendrocyte; oligodendrocyte precursor cell; pericyte; pvalb GABAergic cortical interneuron; smooth muscle cell; sst GABAergic cortical interneuron; vascular leptomeningeal cell
5e57cd50-8e42-42d6-940d-5c1660d06864,10x 3' v3,dorsolateral prefrontal cortex,tauopathy,vascular dementia,False,19,55261,12,9,3,GABAergic neuron; L2/3 intratelencephalic projecting glutamatergic neuron; L2/3-6 intratelencephalic projecting glutamatergic neuron; L5/6 near-projecting glutamatergic neuron; L6 corticothalamic-projecting glutamatergic cortical neuron; L6 intratelencephalic projecting glutamatergic neuron; L6b glutamatergic neuron of the primary motor cortex; VIP GABAergic cortical interneuron; astrocyte; endothelial cell; lamp5 GABAergic cortical interneuron; microglial cell; oligodendrocyte; oligodendrocyte precursor cell; pericyte; perivascular macrophage; pvalb GABAergic cortical interneuron; sst GABAergic cortical interneuron; vascular leptomeningeal cell
5e57cd50-8e42-42d6-940d-5c1660d06864,10x 3' v3,dorsolateral prefrontal cortex,dementia || vascular dementia,tauopathy,False,19,60689,11,2,9,GABAergic neuron; L2/3 intratelencephalic projecting glutamatergic neuron; L2/3-6 intratelencephalic projecting glutamatergic neuron; L5/6 near-projecting glutamatergic neuron; L6 corticothalamic-projecting glutamatergic cortical neuron; L6 intratelencephalic projecting glutamatergic neuron; L6b glutamatergic neuron of the primary motor cortex; VIP GABAergic cortical interneuron; astrocyte; endothelial cell; lamp5 GABAergic cortical interneuron; microglial cell; oligodendrocyte; oligodendrocyte precursor cell; pericyte; perivascular macrophage; pvalb GABAergic cortical interneuron; sst GABAergic cortical interneuron; vascular leptomeningeal cell
5c97eeeb-7e52-44b3-b010-b832b1f5424c,10x 3' v3,dorsolateral prefrontal cortex,bipolar I disorder || atherosclerosis,type 1 diabetes mellitus,False,19,60334,11,6,5,GABAergic neuron; L2/3 intratelencephalic projecting glutamatergic neuron; L2/3-6 intratelencephalic projecting glutamatergic neuron; L5/6 near-projecting glutamatergic neuron; L6 corticothalamic-projecting glutamatergic cortical neuron; L6 intratelencephalic projecting glutamatergic neuron; L6b glutamatergic neuron of the primary motor cortex; VIP GABAergic cortical interneuron; astrocyte; endothelial cell; lamp5 GABAergic cortical interneuron; microglial cell; oligodendrocyte; oligodendrocyte precursor cell; pericyte; perivascular macrophage; pvalb GABAergic cortical interneuron; sst GABAergic cortical interneuron; vascular leptomeningeal cell
5e57cd50-8e42-42d6-940d-5c1660d06864,10x 3' v3,dorsolateral prefrontal cortex,dementia,tauopathy,False,19,57066,11,2,9,GABAergic neuron; L2/3 intratelencephalic projecting glutamatergic neuron; L2/3-6 intratelencephalic projecting glutamatergic neuron; L5/6 near-projecting glutamatergic neuron; L6 corticothalamic-projecting glutamatergic cortical neuron; L6 intratelencephalic projecting glutamatergic neuron; VIP GABAergic cortical interneuron; astrocyte; endothelial cell; lamp5 GABAergic cortical interneuron; microglial cell; oligodendrocyte; oligodendrocyte precursor cell; pericyte; perivascular macrophage; pvalb GABAergic cortical interneuron; smooth muscle cell; sst GABAergic cortical interneuron; vascular leptomeningeal cell
5c97eeeb-7e52-44b3-b010-b832b1f5424c,10x 3' v3,dorsolateral prefrontal cortex,bipolar I disorder || atherosclerosis,schizophrenia || atherosclerosis,False,19,53564,11,6,5,GABAergic neuron; L2/3 intratelencephalic projecting glutamatergic neuron; L2/3-6 intratelencephalic projecting glutamatergic neuron; L5/6 near-projecting glutamatergic neuron; L6 corticothalamic-projecting glutamatergic cortical neuron; L6 intratelencephalic projecting glutamatergic neuron; L6b glutamatergic neuron of the primary motor cortex; VIP GABAergic cortical interneuron; astrocyte; endothelial cell; lamp5 GABAergic cortical interneuron; microglial cell; oligodendrocyte; oligodendrocyte precursor cell; pericyte; perivascular macrophage; pvalb GABAergic cortical interneuron; sst GABAergic cortical interneuron; vascular leptomeningeal cell
5c97eeeb-7e52-44b3-b010-b832b1f5424c,10x 3' v3,dorsolateral prefrontal cortex,bipolar I disorder || atherosclerosis,bipolar I disorder || obsessive-compulsive disorder,False,19,54918,10,6,4,GABAergic neuron; L2/3 intratelencephalic projecting glutamatergic neuron; L2/3-6 intratelencephalic projecting glutamatergic neuron; L5/6 near-projecting glutamatergic neuron; L6 corticothalamic-projecting glutamatergic cortical neuron; L6 intratelencephalic projecting glutamatergic neuron; L6b glutamatergic neuron of the primary motor cortex; VIP GABAergic cortical interneuron; astrocyte; endothelial cell; lamp5 GABAergic cortical interneuron; microglial cell; oligodendrocyte; oligodendrocyte precursor cell; pericyte; perivascular macrophage; pvalb GABAergic cortical interneuron; sst GABAergic cortical interneuron; vascular leptomeningeal cell
5c97eeeb-7e52-44b3-b010-b832b1f5424c,10x 3' v3,dorsolateral prefrontal cortex,bipolar II disorder,type 1 diabetes mellitus,False,19,50688,10,5,5,GABAergic neuron; L2/3 intratelencephalic projecting glutamatergic neuron; L2/3-6 intratelencephalic projecting glutamatergic neuron; L5/6 near-projecting glutamatergic neuron; L6 corticothalamic-projecting glutamatergic cortical neuron; L6 intratelencephalic projecting glutamatergic neuron; L6b glutamatergic neuron of the primary motor cortex; VIP GABAergic cortical interneuron; astrocyte; endothelial cell; lamp5 GABAergic cortical interneuron; microglial cell; oligodendrocyte; oligodendrocyte precursor cell; pericyte; pvalb GABAergic cortical interneuron; smooth muscle cell; sst GABAergic cortical interneuron; vascular leptomeningeal cell
5c97eeeb-7e52-44b3-b010-b832b1f5424c,10x 3' v3,dorsolateral prefrontal cortex,bipolar II disorder,schizophrenia || atherosclerosis,False,19,43918,10,5,5,GABAergic neuron; L2/3 intratelencephalic projecting glutamatergic neuron; L2/3-6 intratelencephalic projecting glutamatergic neuron; L5/6 near-projecting glutamatergic neuron; L6 corticothalamic-projecting glutamatergic cortical neuron; L6 intratelencephalic projecting glutamatergic neuron; L6b glutamatergic neuron of the primary motor cortex; VIP GABAergic cortical interneuron; astrocyte; endothelial cell; lamp5 GABAergic cortical interneuron; microglial cell; oligodendrocyte; oligodendrocyte precursor cell; pericyte; pvalb GABAergic cortical interneuron; smooth muscle cell; sst GABAergic cortical interneuron; vascular leptomeningeal cell
5e57cd50-8e42-42d6-940d-5c1660d06864,10x 3' v3,dorsolateral prefrontal cortex,dementia || vascular dementia || Alzheimer disease,vascular dementia,False,19,39747,10,7,3,GABAergic neuron; L2/3 intratelencephalic projecting glutamatergic neuron; L2/3-6 intratelencephalic projecting glutamatergic neuron; L5/6 near-projecting glutamatergic neuron; L6 corticothalamic-projecting glutamatergic cortical neuron; L6 intratelencephalic projecting glutamatergic neuron; L6b glutamatergic neuron of the primary motor cortex; VIP GABAergic cortical interneuron; astrocyte; endothelial cell; lamp5 GABAergic cortical interneuron; microglial cell; oligodendrocyte; oligodendrocyte precursor cell; pericyte; perivascular macrophage; pvalb GABAergic cortical interneuron; sst GABAergic cortical interneuron; vascular leptomeningeal cell
5c97eeeb-7e52-44b3-b010-b832b1f5424c,10x 3' v3,dorsolateral prefrontal cortex,bipolar II disorder,schizophrenia || type 1 diabetes mellitus,False,19,52925,9,5,4,GABAergic neuron; L2/3 intratelencephalic projecting glutamatergic neuron; L2/3-6 intratelencephalic projecting glutamatergic neuron; L5/6 near-projecting glutamatergic neuron; L6 corticothalamic-projecting glutamatergic cortical neuron; L6 intratelencephalic projecting glutamatergic neuron; L6b glutamatergic neuron of the primary motor cortex; VIP GABAergic cortical interneuron; astrocyte; endothelial cell; lamp5 GABAergic cortical interneuron; microglial cell; oligodendrocyte; oligodendrocyte precursor cell; pericyte; pvalb GABAergic cortical interneuron; smooth muscle cell; sst GABAergic cortical interneuron; vascular leptomeningeal cell
5c97eeeb-7e52-44b3-b010-b832b1f5424c,10x 3' v3,dorsolateral prefrontal cortex,schizophrenia || type 1 diabetes mellitus,type 1 diabetes mellitus,False,19,50641,9,4,5,GABAergic neuron; L2/3 intratelencephalic projecting glutamatergic neuron; L2/3-6 intratelencephalic projecting glutamatergic neuron; L5/6 near-projecting glutamatergic neuron; L6 corticothalamic-projecting glutamatergic cortical neuron; L6 intratelencephalic projecting glutamatergic neuron; L6b glutamatergic neuron of the primary motor cortex; VIP GABAergic cortical interneuron; astrocyte; endothelial cell; lamp5 GABAergic cortical interneuron; microglial cell; oligodendrocyte; oligodendrocyte precursor cell; pericyte; pvalb GABAergic cortical interneuron; smooth muscle cell; sst GABAergic cortical interneuron; vascular leptomeningeal cell
5c97eeeb-7e52-44b3-b010-b832b1f5424c,10x 3' v3,dorsolateral prefrontal cortex,bipolar I disorder || obsessive-compulsive disorder,bipolar II disorder,False,19,45272,9,4,5,GABAergic neuron; L2/3 intratelencephalic projecting glutamatergic neuron; L2/3-6 intratelencephalic projecting glutamatergic neuron; L5/6 near-projecting glutamatergic neuron; L6 corticothalamic-projecting glutamatergic cortical neuron; L6 intratelencephalic projecting glutamatergic neuron; L6b glutamatergic neuron of the primary motor cortex; VIP GABAergic cortical interneuron; astrocyte; endothelial cell; lamp5 GABAergic cortical interneuron; microglial cell; oligodendrocyte; oligodendrocyte precursor cell; pericyte; pvalb GABAergic cortical interneuron; smooth muscle cell; sst GABAergic cortical interneuron; vascular leptomeningeal cell
5e57cd50-8e42-42d6-940d-5c1660d06864,10x 3' v3,dorsolateral prefrontal cortex,dementia || vascular dementia,dementia || vascular dementia || Alzheimer disease,False,19,45175,9,2,7,GABAergic neuron; L2/3 intratelencephalic projecting glutamatergic neuron; L2/3-6 intratelencephalic projecting glutamatergic neuron; L5/6 near-projecting glutamatergic neuron; L6 corticothalamic-projecting glutamatergic cortical neuron; L6 intratelencephalic projecting glutamatergic neuron; L6b glutamatergic neuron of the primary motor cortex; VIP GABAergic cortical interneuron; astrocyte; endothelial cell; lamp5 GABAergic cortical interneuron; microglial cell; oligodendrocyte; oligodendrocyte precursor cell; pericyte; perivascular macrophage; pvalb GABAergic cortical interneuron; sst GABAergic cortical interneuron; vascular leptomeningeal cell
5c97eeeb-7e52-44b3-b010-b832b1f5424c,10x 3' v3,dorsolateral prefrontal cortex,schizophrenia || atherosclerosis,schizophrenia || type 1 diabetes mellitus,False,19,43871,9,5,4,GABAergic neuron; L2/3 intratelencephalic projecting glutamatergic neuron; L2/3-6 intratelencephalic projecting glutamatergic neuron; L5/6 near-projecting glutamatergic neuron; L6 corticothalamic-projecting glutamatergic cortical neuron; L6 intratelencephalic projecting glutamatergic neuron; L6b glutamatergic neuron of the primary motor cortex; VIP GABAergic cortical interneuron; astrocyte; endothelial cell; lamp5 GABAergic cortical interneuron; microglial cell; oligodendrocyte; oligodendrocyte precursor cell; pericyte; pvalb GABAergic cortical interneuron; smooth muscle cell; sst GABAergic cortical interneuron; vascular leptomeningeal cell
5e57cd50-8e42-42d6-940d-5c1660d06864,10x 3' v3,dorsolateral prefrontal cortex,dementia,dementia || vascular dementia || Alzheimer disease,False,19,41552,9,2,7,GABAergic neuron; L2/3 intratelencephalic projecting glutamatergic neuron; L2/3-6 intratelencephalic projecting glutamatergic neuron; L5/6 near-projecting glutamatergic neuron; L6 corticothalamic-projecting glutamatergic cortical neuron; L6 intratelencephalic projecting glutamatergic neuron; VIP GABAergic cortical interneuron; astrocyte; endothelial cell; lamp5 GABAergic cortical interneuron; microglial cell; oligodendrocyte; oligodendrocyte precursor cell; pericyte; perivascular macrophage; pvalb GABAergic cortical interneuron; smooth muscle cell; sst GABAergic cortical interneuron; vascular leptomeningeal cell
5c97eeeb-7e52-44b3-b010-b832b1f5424c,10x 3' v3,dorsolateral prefrontal cortex,bipolar I disorder || obsessive-compulsive disorder,schizophrenia || type 1 diabetes mellitus,False,19,45225,8,4,4,GABAergic neuron; L2/3 intratelencephalic projecting glutamatergic neuron; L2/3-6 intratelencephalic projecting glutamatergic neuron; L5/6 near-projecting glutamatergic neuron; L6 corticothalamic-projecting glutamatergic cortical neuron; L6 intratelencephalic projecting glutamatergic neuron; L6b glutamatergic neuron of the primary motor cortex; VIP GABAergic cortical interneuron; astrocyte; endothelial cell; lamp5 GABAergic cortical interneuron; microglial cell; oligodendrocyte; oligodendrocyte precursor cell; pericyte; pvalb GABAergic cortical interneuron; smooth muscle cell; sst GABAergic cortical interneuron; vascular leptomeningeal cell
5e57cd50-8e42-42d6-940d-5c1660d06864,10x 3' v3,dorsolateral prefrontal cortex,dementia || Alzheimer disease || Parkinson disease,vascular dementia,False,19,36051,8,5,3,GABAergic neuron; L2/3 intratelencephalic projecting glutamatergic neuron; L2/3-6 intratelencephalic projecting glutamatergic neuron; L5/6 near-projecting glutamatergic neuron; L6 corticothalamic-projecting glutamatergic cortical neuron; L6 intratelencephalic projecting glutamatergic neuron; L6b glutamatergic neuron of the primary motor cortex; VIP GABAergic cortical interneuron; astrocyte; endothelial cell; lamp5 GABAergic cortical interneuron; microglial cell; oligodendrocyte; oligodendrocyte precursor cell; pericyte; perivascular macrophage; pvalb GABAergic cortical interneuron; sst GABAergic cortical interneuron; vascular leptomeningeal cell
5e57cd50-8e42-42d6-940d-5c1660d06864,10x 3' v3,dorsolateral prefrontal cortex,dementia || Alzheimer disease || Parkinson disease,dementia || vascular dementia,False,19,41479,7,5,2,GABAergic neuron; L2/3 intratelencephalic projecting glutamatergic neuron; L2/3-6 intratelencephalic projecting glutamatergic neuron; L5/6 near-projecting glutamatergic neuron; L6 corticothalamic-projecting glutamatergic cortical neuron; L6 intratelencephalic projecting glutamatergic neuron; L6b glutamatergic neuron of the primary motor cortex; VIP GABAergic cortical interneuron; astrocyte; endothelial cell; lamp5 GABAergic cortical interneuron; microglial cell; oligodendrocyte; oligodendrocyte precursor cell; pericyte; perivascular macrophage; pvalb GABAergic cortical interneuron; sst GABAergic cortical interneuron; vascular leptomeningeal cell
5e57cd50-8e42-42d6-940d-5c1660d06864,10x 3' v3,dorsolateral prefrontal cortex,dementia,dementia || Alzheimer disease || Parkinson disease,False,19,37856,7,2,5,GABAergic neuron; L2/3 intratelencephalic projecting glutamatergic neuron; L2/3-6 intratelencephalic projecting glutamatergic neuron; L5/6 near-projecting glutamatergic neuron; L6 corticothalamic-projecting glutamatergic cortical neuron; L6 intratelencephalic projecting glutamatergic neuron; VIP GABAergic cortical interneuron; astrocyte; endothelial cell; lamp5 GABAergic cortical interneuron; microglial cell; oligodendrocyte; oligodendrocyte precursor cell; pericyte; perivascular macrophage; pvalb GABAergic cortical interneuron; smooth muscle cell; sst GABAergic cortical interneuron; vascular leptomeningeal cell
5e57cd50-8e42-42d6-940d-5c1660d06864,10x 3' v3,dorsolateral prefrontal cortex,vascular dementia,vascular dementia || diabetes mellitus,False,19,34476,7,3,4,GABAergic neuron; L2/3 intratelencephalic projecting glutamatergic neuron; L2/3-6 intratelencephalic projecting glutamatergic neuron; L5/6 near-projecting glutamatergic neuron; L6 corticothalamic-projecting glutamatergic cortical neuron; L6 intratelencephalic projecting glutamatergic neuron; L6b glutamatergic neuron of the primary motor cortex; VIP GABAergic cortical interneuron; astrocyte; endothelial cell; lamp5 GABAergic cortical interneuron; microglial cell; oligodendrocyte; oligodendrocyte precursor cell; pericyte; perivascular macrophage; pvalb GABAergic cortical interneuron; sst GABAergic cortical interneuron; vascular leptomeningeal cell
19053a82-9c89-4fb8-bd19-d7b1800b0b7b,10x 3' v2,colon,inflammatory bowel disease,ulcerative colitis,False,19,33983,7,2,5,"CD16-negative, CD56-bright natural killer cell, human; CD4-positive, alpha-beta memory T cell; CD8-positive, alpha-beta memory T cell; IgA plasma cell; T follicular helper cell; T-helper 17 cell; colonocyte; effector memory CD8-positive, alpha-beta T cell; gamma-delta T cell; germinal center B cell; group 3 innate lymphoid cell; mast cell; memory B cell; naive B cell; naive thymus-derived CD4-positive, alpha-beta T cell; naive thymus-derived CD8-positive, alpha-beta T cell; plasmablast; regulatory T cell; transit amplifying cell"
5e57cd50-8e42-42d6-940d-5c1660d06864,10x 3' v3,dorsolateral prefrontal cortex,dementia || vascular dementia,vascular dementia || diabetes mellitus,False,19,39904,6,2,4,GABAergic neuron; L2/3 intratelencephalic projecting glutamatergic neuron; L2/3-6 intratelencephalic projecting glutamatergic neuron; L5/6 near-projecting glutamatergic neuron; L6 corticothalamic-projecting glutamatergic cortical neuron; L6 intratelencephalic projecting glutamatergic neuron; L6b glutamatergic neuron of the primary motor cortex; VIP GABAergic cortical interneuron; astrocyte; endothelial cell; lamp5 GABAergic cortical interneuron; microglial cell; oligodendrocyte; oligodendrocyte precursor cell; pericyte; perivascular macrophage; pvalb GABAergic cortical interneuron; sst GABAergic cortical interneuron; vascular leptomeningeal cell
5e57cd50-8e42-42d6-940d-5c1660d06864,10x 3' v3,dorsolateral prefrontal cortex,dementia,vascular dementia || diabetes mellitus,False,19,36281,6,2,4,GABAergic neuron; L2/3 intratelencephalic projecting glutamatergic neuron; L2/3-6 intratelencephalic projecting glutamatergic neuron; L5/6 near-projecting glutamatergic neuron; L6 corticothalamic-projecting glutamatergic cortical neuron; L6 intratelencephalic projecting glutamatergic neuron; VIP GABAergic cortical interneuron; astrocyte; endothelial cell; lamp5 GABAergic cortical interneuron; microglial cell; oligodendrocyte; oligodendrocyte precursor cell; pericyte; perivascular macrophage; pvalb GABAergic cortical interneuron; smooth muscle cell; sst GABAergic cortical interneuron; vascular leptomeningeal cell
5e57cd50-8e42-42d6-940d-5c1660d06864,10x 3' v3,dorsolateral prefrontal cortex,dementia || tauopathy,vascular dementia,False,19,20069,6,3,3,GABAergic neuron; L2/3 intratelencephalic projecting glutamatergic neuron; L2/3-6 intratelencephalic projecting glutamatergic neuron; L5/6 near-projecting glutamatergic neuron; L6 corticothalamic-projecting glutamatergic cortical neuron; L6 intratelencephalic projecting glutamatergic neuron; L6b glutamatergic neuron of the primary motor cortex; VIP GABAergic cortical interneuron; astrocyte; endothelial cell; lamp5 GABAergic cortical interneuron; microglial cell; oligodendrocyte; oligodendrocyte precursor cell; pericyte; perivascular macrophage; pvalb GABAergic cortical interneuron; sst GABAergic cortical interneuron; vascular leptomeningeal cell
5e57cd50-8e42-42d6-940d-5c1660d06864,10x 3' v3,dorsolateral prefrontal cortex,dementia || tauopathy,dementia || vascular dementia,False,19,25497,5,3,2,GABAergic neuron; L2/3 intratelencephalic projecting glutamatergic neuron; L2/3-6 intratelencephalic projecting glutamatergic neuron; L5/6 near-projecting glutamatergic neuron; L6 corticothalamic-projecting glutamatergic cortical neuron; L6 intratelencephalic projecting glutamatergic neuron; L6b glutamatergic neuron of the primary motor cortex; VIP GABAergic cortical interneuron; astrocyte; endothelial cell; lamp5 GABAergic cortical interneuron; microglial cell; oligodendrocyte; oligodendrocyte precursor cell; pericyte; perivascular macrophage; pvalb GABAergic cortical interneuron; sst GABAergic cortical interneuron; vascular leptomeningeal cell
5e57cd50-8e42-42d6-940d-5c1660d06864,10x 3' v3,dorsolateral prefrontal cortex,diabetes mellitus || head injury,vascular dementia,False,19,25023,5,2,3,GABAergic neuron; L2/3 intratelencephalic projecting glutamatergic neuron; L2/3-6 intratelencephalic projecting glutamatergic neuron; L5/6 near-projecting glutamatergic neuron; L6 corticothalamic-projecting glutamatergic cortical neuron; L6 intratelencephalic projecting glutamatergic neuron; L6b glutamatergic neuron of the primary motor cortex; VIP GABAergic cortical interneuron; astrocyte; endothelial cell; lamp5 GABAergic cortical interneuron; microglial cell; oligodendrocyte; oligodendrocyte precursor cell; pericyte; perivascular macrophage; pvalb GABAergic cortical interneuron; sst GABAergic cortical interneuron; vascular leptomeningeal cell
5e57cd50-8e42-42d6-940d-5c1660d06864,10x 3' v3,dorsolateral prefrontal cortex,dementia,dementia || tauopathy,False,19,21874,5,2,3,GABAergic neuron; L2/3 intratelencephalic projecting glutamatergic neuron; L2/3-6 intratelencephalic projecting glutamatergic neuron; L5/6 near-projecting glutamatergic neuron; L6 corticothalamic-projecting glutamatergic cortical neuron; L6 intratelencephalic projecting glutamatergic neuron; VIP GABAergic cortical interneuron; astrocyte; endothelial cell; lamp5 GABAergic cortical interneuron; microglial cell; oligodendrocyte; oligodendrocyte precursor cell; pericyte; perivascular macrophage; pvalb GABAergic cortical interneuron; smooth muscle cell; sst GABAergic cortical interneuron; vascular leptomeningeal cell
5e57cd50-8e42-42d6-940d-5c1660d06864,10x 3' v3,dorsolateral prefrontal cortex,dementia || vascular dementia,vascular dementia,False,19,21180,5,2,3,GABAergic neuron; L2/3 intratelencephalic projecting glutamatergic neuron; L2/3-6 intratelencephalic projecting glutamatergic neuron; L5/6 near-projecting glutamatergic neuron; L6 corticothalamic-projecting glutamatergic cortical neuron; L6 intratelencephalic projecting glutamatergic neuron; L6b glutamatergic neuron of the primary motor cortex; VIP GABAergic cortical interneuron; astrocyte; endothelial cell; lamp5 GABAergic cortical interneuron; microglial cell; oligodendrocyte; oligodendrocyte precursor cell; pericyte; perivascular macrophage; pvalb GABAergic cortical interneuron; sst GABAergic cortical interneuron; vascular leptomeningeal cell
5e57cd50-8e42-42d6-940d-5c1660d06864,10x 3' v3,dorsolateral prefrontal cortex,dementia || Alzheimer disease || Lewy body dementia,vascular dementia,False,19,19184,5,2,3,GABAergic neuron; L2/3 intratelencephalic projecting glutamatergic neuron; L2/3-6 intratelencephalic projecting glutamatergic neuron; L5/6 near-projecting glutamatergic neuron; L6 corticothalamic-projecting glutamatergic cortical neuron; L6 intratelencephalic projecting glutamatergic neuron; L6b glutamatergic neuron of the primary motor cortex; VIP GABAergic cortical interneuron; astrocyte; endothelial cell; lamp5 GABAergic cortical interneuron; microglial cell; oligodendrocyte; oligodendrocyte precursor cell; pericyte; perivascular macrophage; pvalb GABAergic cortical interneuron; sst GABAergic cortical interneuron; vascular leptomeningeal cell
5e57cd50-8e42-42d6-940d-5c1660d06864,10x 3' v3,dorsolateral prefrontal cortex,dementia || vascular dementia,diabetes mellitus || head injury,False,19,30451,4,2,2,GABAergic neuron; L2/3 intratelencephalic projecting glutamatergic neuron; L2/3-6 intratelencephalic projecting glutamatergic neuron; L5/6 near-projecting glutamatergic neuron; L6 corticothalamic-projecting glutamatergic cortical neuron; L6 intratelencephalic projecting glutamatergic neuron; L6b glutamatergic neuron of the primary motor cortex; VIP GABAergic cortical interneuron; astrocyte; endothelial cell; lamp5 GABAergic cortical interneuron; microglial cell; oligodendrocyte; oligodendrocyte precursor cell; pericyte; perivascular macrophage; pvalb GABAergic cortical interneuron; sst GABAergic cortical interneuron; vascular leptomeningeal cell
5e57cd50-8e42-42d6-940d-5c1660d06864,10x 3' v3,dorsolateral prefrontal cortex,dementia,diabetes mellitus || head injury,False,19,26828,4,2,2,GABAergic neuron; L2/3 intratelencephalic projecting glutamatergic neuron; L2/3-6 intratelencephalic projecting glutamatergic neuron; L5/6 near-projecting glutamatergic neuron; L6 corticothalamic-projecting glutamatergic cortical neuron; L6 intratelencephalic projecting glutamatergic neuron; VIP GABAergic cortical interneuron; astrocyte; endothelial cell; lamp5 GABAergic cortical interneuron; microglial cell; oligodendrocyte; oligodendrocyte precursor cell; pericyte; perivascular macrophage; pvalb GABAergic cortical interneuron; smooth muscle cell; sst GABAergic cortical interneuron; vascular leptomeningeal cell
5e57cd50-8e42-42d6-940d-5c1660d06864,10x 3' v3,dorsolateral prefrontal cortex,dementia || Alzheimer disease || Lewy body dementia,dementia || vascular dementia,False,19,24612,4,2,2,GABAergic neuron; L2/3 intratelencephalic projecting glutamatergic neuron; L2/3-6 intratelencephalic projecting glutamatergic neuron; L5/6 near-projecting glutamatergic neuron; L6 corticothalamic-projecting glutamatergic cortical neuron; L6 intratelencephalic projecting glutamatergic neuron; L6b glutamatergic neuron of the primary motor cortex; VIP GABAergic cortical interneuron; astrocyte; endothelial cell; lamp5 GABAergic cortical interneuron; microglial cell; oligodendrocyte; oligodendrocyte precursor cell; pericyte; perivascular macrophage; pvalb GABAergic cortical interneuron; sst GABAergic cortical interneuron; vascular leptomeningeal cell
5e57cd50-8e42-42d6-940d-5c1660d06864,10x 3' v3,dorsolateral prefrontal cortex,dementia,dementia || Alzheimer disease || Lewy body dementia,False,19,20989,4,2,2,GABAergic neuron; L2/3 intratelencephalic projecting glutamatergic neuron; L2/3-6 intratelencephalic projecting glutamatergic neuron; L5/6 near-projecting glutamatergic neuron; L6 corticothalamic-projecting glutamatergic cortical neuron; L6 intratelencephalic projecting glutamatergic neuron; VIP GABAergic cortical interneuron; astrocyte; endothelial cell; lamp5 GABAergic cortical interneuron; microglial cell; oligodendrocyte; oligodendrocyte precursor cell; pericyte; perivascular macrophage; pvalb GABAergic cortical interneuron; smooth muscle cell; sst GABAergic cortical interneuron; vascular leptomeningeal cell
5e57cd50-8e42-42d6-940d-5c1660d06864,10x 3' v3,dorsolateral prefrontal cortex,dementia || Alzheimer disease,dementia || Parkinson disease,False,18,183463,44,41,3,GABAergic neuron; L2/3 intratelencephalic projecting glutamatergic neuron; L2/3-6 intratelencephalic projecting glutamatergic neuron; L5/6 near-projecting glutamatergic neuron; L6 corticothalamic-projecting glutamatergic cortical neuron; L6 intratelencephalic projecting glutamatergic neuron; L6b glutamatergic neuron of the primary motor cortex; VIP GABAergic cortical interneuron; astrocyte; endothelial cell; lamp5 GABAergic cortical interneuron; microglial cell; oligodendrocyte; oligodendrocyte precursor cell; pericyte; pvalb GABAergic cortical interneuron; sst GABAergic cortical interneuron; vascular leptomeningeal cell
5e57cd50-8e42-42d6-940d-5c1660d06864,10x 3' v3,dorsolateral prefrontal cortex,dementia || Alzheimer disease,dementia || Alzheimer disease || Parkinson disease || Lewy body dementia,False,18,183229,43,41,2,GABAergic neuron; L2/3 intratelencephalic projecting glutamatergic neuron; L2/3-6 intratelencephalic projecting glutamatergic neuron; L5/6 near-projecting glutamatergic neuron; L6 corticothalamic-projecting glutamatergic cortical neuron; L6 intratelencephalic projecting glutamatergic neuron; VIP GABAergic cortical interneuron; astrocyte; endothelial cell; lamp5 GABAergic cortical interneuron; microglial cell; oligodendrocyte; oligodendrocyte precursor cell; pericyte; perivascular macrophage; pvalb GABAergic cortical interneuron; sst GABAergic cortical interneuron; vascular leptomeningeal cell
5c97eeeb-7e52-44b3-b010-b832b1f5424c,10x 3' v3,dorsolateral prefrontal cortex,bipolar I disorder,schizophrenia || type 2 diabetes mellitus,False,18,164142,35,32,3,GABAergic neuron; L2/3 intratelencephalic projecting glutamatergic neuron; L2/3-6 intratelencephalic projecting glutamatergic neuron; L5/6 near-projecting glutamatergic neuron; L6 corticothalamic-projecting glutamatergic cortical neuron; L6 intratelencephalic projecting glutamatergic neuron; L6b glutamatergic neuron of the primary motor cortex; VIP GABAergic cortical interneuron; astrocyte; endothelial cell; lamp5 GABAergic cortical interneuron; microglial cell; oligodendrocyte; oligodendrocyte precursor cell; pericyte; pvalb GABAergic cortical interneuron; sst GABAergic cortical interneuron; vascular leptomeningeal cell
5c97eeeb-7e52-44b3-b010-b832b1f5424c,10x 3' v3,dorsolateral prefrontal cortex,bipolar I disorder,schizophrenia || type 2 diabetes mellitus || tardive dyskinesia,False,18,166975,34,32,2,GABAergic neuron; L2/3 intratelencephalic projecting glutamatergic neuron; L2/3-6 intratelencephalic projecting glutamatergic neuron; L5/6 near-projecting glutamatergic neuron; L6 corticothalamic-projecting glutamatergic cortical neuron; L6 intratelencephalic projecting glutamatergic neuron; L6b glutamatergic neuron of the primary motor cortex; VIP GABAergic cortical interneuron; astrocyte; endothelial cell; lamp5 GABAergic cortical interneuron; microglial cell; oligodendrocyte; oligodendrocyte precursor cell; pericyte; pvalb GABAergic cortical interneuron; sst GABAergic cortical interneuron; vascular leptomeningeal cell
5c97eeeb-7e52-44b3-b010-b832b1f5424c,10x 3' v3,dorsolateral prefrontal cortex,bipolar I disorder,bipolar I disorder || type 1 diabetes mellitus,False,18,165665,34,32,2,GABAergic neuron; L2/3 intratelencephalic projecting glutamatergic neuron; L2/3-6 intratelencephalic projecting glutamatergic neuron; L5/6 near-projecting glutamatergic neuron; L6 corticothalamic-projecting glutamatergic cortical neuron; L6 intratelencephalic projecting glutamatergic neuron; L6b glutamatergic neuron of the primary motor cortex; VIP GABAergic cortical interneuron; astrocyte; endothelial cell; lamp5 GABAergic cortical interneuron; microglial cell; oligodendrocyte; oligodendrocyte precursor cell; pericyte; pvalb GABAergic cortical interneuron; sst GABAergic cortical interneuron; vascular leptomeningeal cell
5c97eeeb-7e52-44b3-b010-b832b1f5424c,10x 3' v3,dorsolateral prefrontal cortex,bipolar I disorder,type 2 diabetes mellitus,False,18,163791,34,32,2,GABAergic neuron; L2/3 intratelencephalic projecting glutamatergic neuron; L2/3-6 intratelencephalic projecting glutamatergic neuron; L5/6 near-projecting glutamatergic neuron; L6 corticothalamic-projecting glutamatergic cortical neuron; L6 intratelencephalic projecting glutamatergic neuron; L6b glutamatergic neuron of the primary motor cortex; VIP GABAergic cortical interneuron; astrocyte; endothelial cell; lamp5 GABAergic cortical interneuron; microglial cell; oligodendrocyte; oligodendrocyte precursor cell; pericyte; pvalb GABAergic cortical interneuron; sst GABAergic cortical interneuron; vascular leptomeningeal cell
5c97eeeb-7e52-44b3-b010-b832b1f5424c,10x 3' v3,dorsolateral prefrontal cortex,bipolar I disorder,bipolar disorder || schizoaffective bipolar disorder,False,18,162034,34,32,2,GABAergic neuron; L2/3 intratelencephalic projecting glutamatergic neuron; L2/3-6 intratelencephalic projecting glutamatergic neuron; L5/6 near-projecting glutamatergic neuron; L6 corticothalamic-projecting glutamatergic cortical neuron; L6 intratelencephalic projecting glutamatergic neuron; L6b glutamatergic neuron of the primary motor cortex; VIP GABAergic cortical interneuron; astrocyte; endothelial cell; lamp5 GABAergic cortical interneuron; microglial cell; oligodendrocyte; oligodendrocyte precursor cell; pericyte; pvalb GABAergic cortical interneuron; sst GABAergic cortical interneuron; vascular leptomeningeal cell
5c97eeeb-7e52-44b3-b010-b832b1f5424c,10x 3' v3,dorsolateral prefrontal cortex,atherosclerosis,schizophrenia || type 2 diabetes mellitus,False,18,153462,27,24,3,GABAergic neuron; L2/3 intratelencephalic projecting glutamatergic neuron; L2/3-6 intratelencephalic projecting glutamatergic neuron; L5/6 near-projecting glutamatergic neuron; L6 corticothalamic-projecting glutamatergic cortical neuron; L6 intratelencephalic projecting glutamatergic neuron; L6b glutamatergic neuron of the primary motor cortex; VIP GABAergic cortical interneuron; astrocyte; endothelial cell; lamp5 GABAergic cortical interneuron; microglial cell; oligodendrocyte; oligodendrocyte precursor cell; pericyte; pvalb GABAergic cortical interneuron; sst GABAergic cortical interneuron; vascular leptomeningeal cell
5c97eeeb-7e52-44b3-b010-b832b1f5424c,10x 3' v3,dorsolateral prefrontal cortex,atherosclerosis,schizophrenia || type 2 diabetes mellitus || tardive dyskinesia,False,18,156295,26,24,2,GABAergic neuron; L2/3 intratelencephalic projecting glutamatergic neuron; L2/3-6 intratelencephalic projecting glutamatergic neuron; L5/6 near-projecting glutamatergic neuron; L6 corticothalamic-projecting glutamatergic cortical neuron; L6 intratelencephalic projecting glutamatergic neuron; L6b glutamatergic neuron of the primary motor cortex; VIP GABAergic cortical interneuron; astrocyte; endothelial cell; lamp5 GABAergic cortical interneuron; microglial cell; oligodendrocyte; oligodendrocyte precursor cell; pericyte; pvalb GABAergic cortical interneuron; sst GABAergic cortical interneuron; vascular leptomeningeal cell
5c97eeeb-7e52-44b3-b010-b832b1f5424c,10x 3' v3,dorsolateral prefrontal cortex,atherosclerosis,bipolar I disorder || type 1 diabetes mellitus,False,18,154985,26,24,2,GABAergic neuron; L2/3 intratelencephalic projecting glutamatergic neuron; L2/3-6 intratelencephalic projecting glutamatergic neuron; L5/6 near-projecting glutamatergic neuron; L6 corticothalamic-projecting glutamatergic cortical neuron; L6 intratelencephalic projecting glutamatergic neuron; L6b glutamatergic neuron of the primary motor cortex; VIP GABAergic cortical interneuron; astrocyte; endothelial cell; lamp5 GABAergic cortical interneuron; microglial cell; oligodendrocyte; oligodendrocyte precursor cell; pericyte; pvalb GABAergic cortical interneuron; sst GABAergic cortical interneuron; vascular leptomeningeal cell
5c97eeeb-7e52-44b3-b010-b832b1f5424c,10x 3' v3,dorsolateral prefrontal cortex,atherosclerosis,type 2 diabetes mellitus,False,18,153111,26,24,2,GABAergic neuron; L2/3 intratelencephalic projecting glutamatergic neuron; L2/3-6 intratelencephalic projecting glutamatergic neuron; L5/6 near-projecting glutamatergic neuron; L6 corticothalamic-projecting glutamatergic cortical neuron; L6 intratelencephalic projecting glutamatergic neuron; L6b glutamatergic neuron of the primary motor cortex; VIP GABAergic cortical interneuron; astrocyte; endothelial cell; lamp5 GABAergic cortical interneuron; microglial cell; oligodendrocyte; oligodendrocyte precursor cell; pericyte; pvalb GABAergic cortical interneuron; sst GABAergic cortical interneuron; vascular leptomeningeal cell
5c97eeeb-7e52-44b3-b010-b832b1f5424c,10x 3' v3,dorsolateral prefrontal cortex,atherosclerosis,bipolar disorder || schizoaffective bipolar disorder,False,18,151354,26,24,2,GABAergic neuron; L2/3 intratelencephalic projecting glutamatergic neuron; L2/3-6 intratelencephalic projecting glutamatergic neuron; L5/6 near-projecting glutamatergic neuron; L6 corticothalamic-projecting glutamatergic cortical neuron; L6 intratelencephalic projecting glutamatergic neuron; L6b glutamatergic neuron of the primary motor cortex; VIP GABAergic cortical interneuron; astrocyte; endothelial cell; lamp5 GABAergic cortical interneuron; microglial cell; oligodendrocyte; oligodendrocyte precursor cell; pericyte; pvalb GABAergic cortical interneuron; sst GABAergic cortical interneuron; vascular leptomeningeal cell
5c97eeeb-7e52-44b3-b010-b832b1f5424c,10x 3' v3,dorsolateral prefrontal cortex,schizophrenia,schizophrenia || type 2 diabetes mellitus,False,18,112669,24,21,3,GABAergic neuron; L2/3 intratelencephalic projecting glutamatergic neuron; L2/3-6 intratelencephalic projecting glutamatergic neuron; L5/6 near-projecting glutamatergic neuron; L6 corticothalamic-projecting glutamatergic cortical neuron; L6 intratelencephalic projecting glutamatergic neuron; L6b glutamatergic neuron of the primary motor cortex; VIP GABAergic cortical interneuron; astrocyte; endothelial cell; lamp5 GABAergic cortical interneuron; microglial cell; oligodendrocyte; oligodendrocyte precursor cell; pericyte; pvalb GABAergic cortical interneuron; sst GABAergic cortical interneuron; vascular leptomeningeal cell
5c97eeeb-7e52-44b3-b010-b832b1f5424c,10x 3' v3,dorsolateral prefrontal cortex,schizophrenia,schizophrenia || type 2 diabetes mellitus || tardive dyskinesia,False,18,115502,23,21,2,GABAergic neuron; L2/3 intratelencephalic projecting glutamatergic neuron; L2/3-6 intratelencephalic projecting glutamatergic neuron; L5/6 near-projecting glutamatergic neuron; L6 corticothalamic-projecting glutamatergic cortical neuron; L6 intratelencephalic projecting glutamatergic neuron; L6b glutamatergic neuron of the primary motor cortex; VIP GABAergic cortical interneuron; astrocyte; endothelial cell; lamp5 GABAergic cortical interneuron; microglial cell; oligodendrocyte; oligodendrocyte precursor cell; pericyte; pvalb GABAergic cortical interneuron; sst GABAergic cortical interneuron; vascular leptomeningeal cell
5c97eeeb-7e52-44b3-b010-b832b1f5424c,10x 3' v3,dorsolateral prefrontal cortex,bipolar I disorder || type 1 diabetes mellitus,schizophrenia,False,18,114192,23,2,21,GABAergic neuron; L2/3 intratelencephalic projecting glutamatergic neuron; L2/3-6 intratelencephalic projecting glutamatergic neuron; L5/6 near-projecting glutamatergic neuron; L6 corticothalamic-projecting glutamatergic cortical neuron; L6 intratelencephalic projecting glutamatergic neuron; L6b glutamatergic neuron of the primary motor cortex; VIP GABAergic cortical interneuron; astrocyte; endothelial cell; lamp5 GABAergic cortical interneuron; microglial cell; oligodendrocyte; oligodendrocyte precursor cell; pericyte; pvalb GABAergic cortical interneuron; sst GABAergic cortical interneuron; vascular leptomeningeal cell
5c97eeeb-7e52-44b3-b010-b832b1f5424c,10x 3' v3,dorsolateral prefrontal cortex,schizophrenia,type 2 diabetes mellitus,False,18,112318,23,21,2,GABAergic neuron; L2/3 intratelencephalic projecting glutamatergic neuron; L2/3-6 intratelencephalic projecting glutamatergic neuron; L5/6 near-projecting glutamatergic neuron; L6 corticothalamic-projecting glutamatergic cortical neuron; L6 intratelencephalic projecting glutamatergic neuron; L6b glutamatergic neuron of the primary motor cortex; VIP GABAergic cortical interneuron; astrocyte; endothelial cell; lamp5 GABAergic cortical interneuron; microglial cell; oligodendrocyte; oligodendrocyte precursor cell; pericyte; pvalb GABAergic cortical interneuron; sst GABAergic cortical interneuron; vascular leptomeningeal cell
5c97eeeb-7e52-44b3-b010-b832b1f5424c,10x 3' v3,dorsolateral prefrontal cortex,bipolar disorder || schizoaffective bipolar disorder,schizophrenia,False,18,110561,23,2,21,GABAergic neuron; L2/3 intratelencephalic projecting glutamatergic neuron; L2/3-6 intratelencephalic projecting glutamatergic neuron; L5/6 near-projecting glutamatergic neuron; L6 corticothalamic-projecting glutamatergic cortical neuron; L6 intratelencephalic projecting glutamatergic neuron; L6b glutamatergic neuron of the primary motor cortex; VIP GABAergic cortical interneuron; astrocyte; endothelial cell; lamp5 GABAergic cortical interneuron; microglial cell; oligodendrocyte; oligodendrocyte precursor cell; pericyte; pvalb GABAergic cortical interneuron; sst GABAergic cortical interneuron; vascular leptomeningeal cell
5e57cd50-8e42-42d6-940d-5c1660d06864,10x 3' v3,dorsolateral prefrontal cortex,dementia || Parkinson disease,diabetes mellitus,False,18,83569,21,3,18,GABAergic neuron; L2/3 intratelencephalic projecting glutamatergic neuron; L2/3-6 intratelencephalic projecting glutamatergic neuron; L5/6 near-projecting glutamatergic neuron; L6 corticothalamic-projecting glutamatergic cortical neuron; L6 intratelencephalic projecting glutamatergic neuron; L6b glutamatergic neuron of the primary motor cortex; VIP GABAergic cortical interneuron; astrocyte; endothelial cell; lamp5 GABAergic cortical interneuron; microglial cell; oligodendrocyte; oligodendrocyte precursor cell; pericyte; pvalb GABAergic cortical interneuron; sst GABAergic cortical interneuron; vascular leptomeningeal cell
5e57cd50-8e42-42d6-940d-5c1660d06864,10x 3' v3,dorsolateral prefrontal cortex,dementia || Alzheimer disease || Parkinson disease || Lewy body dementia,diabetes mellitus,False,18,83335,20,2,18,GABAergic neuron; L2/3 intratelencephalic projecting glutamatergic neuron; L2/3-6 intratelencephalic projecting glutamatergic neuron; L5/6 near-projecting glutamatergic neuron; L6 corticothalamic-projecting glutamatergic cortical neuron; L6 intratelencephalic projecting glutamatergic neuron; VIP GABAergic cortical interneuron; astrocyte; endothelial cell; lamp5 GABAergic cortical interneuron; microglial cell; oligodendrocyte; oligodendrocyte precursor cell; pericyte; perivascular macrophage; pvalb GABAergic cortical interneuron; sst GABAergic cortical interneuron; vascular leptomeningeal cell
5e57cd50-8e42-42d6-940d-5c1660d06864,10x 3' v3,dorsolateral prefrontal cortex,dementia || Alzheimer disease || diabetes mellitus,dementia || Parkinson disease,False,18,58646,15,12,3,GABAergic neuron; L2/3 intratelencephalic projecting glutamatergic neuron; L2/3-6 intratelencephalic projecting glutamatergic neuron; L5/6 near-projecting glutamatergic neuron; L6 corticothalamic-projecting glutamatergic cortical neuron; L6 intratelencephalic projecting glutamatergic neuron; L6b glutamatergic neuron of the primary motor cortex; VIP GABAergic cortical interneuron; astrocyte; endothelial cell; lamp5 GABAergic cortical interneuron; microglial cell; oligodendrocyte; oligodendrocyte precursor cell; pericyte; pvalb GABAergic cortical interneuron; sst GABAergic cortical interneuron; vascular leptomeningeal cell
5e57cd50-8e42-42d6-940d-5c1660d06864,10x 3' v3,dorsolateral prefrontal cortex,dementia || Alzheimer disease || Parkinson disease || Lewy body dementia,dementia || Alzheimer disease || diabetes mellitus,False,18,58412,14,2,12,GABAergic neuron; L2/3 intratelencephalic projecting glutamatergic neuron; L2/3-6 intratelencephalic projecting glutamatergic neuron; L5/6 near-projecting glutamatergic neuron; L6 corticothalamic-projecting glutamatergic cortical neuron; L6 intratelencephalic projecting glutamatergic neuron; VIP GABAergic cortical interneuron; astrocyte; endothelial cell; lamp5 GABAergic cortical interneuron; microglial cell; oligodendrocyte; oligodendrocyte precursor cell; pericyte; perivascular macrophage; pvalb GABAergic cortical interneuron; sst GABAergic cortical interneuron; vascular leptomeningeal cell
5c97eeeb-7e52-44b3-b010-b832b1f5424c,10x 3' v3,dorsolateral prefrontal cortex,schizophrenia || tardive dyskinesia,schizophrenia || type 2 diabetes mellitus,False,18,58359,12,9,3,GABAergic neuron; L2/3 intratelencephalic projecting glutamatergic neuron; L2/3-6 intratelencephalic projecting glutamatergic neuron; L5/6 near-projecting glutamatergic neuron; L6 corticothalamic-projecting glutamatergic cortical neuron; L6 intratelencephalic projecting glutamatergic neuron; L6b glutamatergic neuron of the primary motor cortex; VIP GABAergic cortical interneuron; astrocyte; endothelial cell; lamp5 GABAergic cortical interneuron; microglial cell; oligodendrocyte; oligodendrocyte precursor cell; pericyte; pvalb GABAergic cortical interneuron; sst GABAergic cortical interneuron; vascular leptomeningeal cell
5e57cd50-8e42-42d6-940d-5c1660d06864,10x 3' v3,dorsolateral prefrontal cortex,dementia || Parkinson disease,tauopathy,False,18,55157,12,3,9,GABAergic neuron; L2/3 intratelencephalic projecting glutamatergic neuron; L2/3-6 intratelencephalic projecting glutamatergic neuron; L5/6 near-projecting glutamatergic neuron; L6 corticothalamic-projecting glutamatergic cortical neuron; L6 intratelencephalic projecting glutamatergic neuron; L6b glutamatergic neuron of the primary motor cortex; VIP GABAergic cortical interneuron; astrocyte; endothelial cell; lamp5 GABAergic cortical interneuron; microglial cell; oligodendrocyte; oligodendrocyte precursor cell; pericyte; pvalb GABAergic cortical interneuron; sst GABAergic cortical interneuron; vascular leptomeningeal cell
5c97eeeb-7e52-44b3-b010-b832b1f5424c,10x 3' v3,dorsolateral prefrontal cortex,bipolar I disorder || atherosclerosis,bipolar II disorder,False,18,62618,11,6,5,GABAergic neuron; L2/3 intratelencephalic projecting glutamatergic neuron; L2/3-6 intratelencephalic projecting glutamatergic neuron; L5/6 near-projecting glutamatergic neuron; L6 corticothalamic-projecting glutamatergic cortical neuron; L6 intratelencephalic projecting glutamatergic neuron; L6b glutamatergic neuron of the primary motor cortex; VIP GABAergic cortical interneuron; astrocyte; endothelial cell; lamp5 GABAergic cortical interneuron; microglial cell; oligodendrocyte; oligodendrocyte precursor cell; pericyte; pvalb GABAergic cortical interneuron; sst GABAergic cortical interneuron; vascular leptomeningeal cell
5c97eeeb-7e52-44b3-b010-b832b1f5424c,10x 3' v3,dorsolateral prefrontal cortex,schizophrenia || tardive dyskinesia,schizophrenia || type 2 diabetes mellitus || tardive dyskinesia,False,18,61192,11,9,2,GABAergic neuron; L2/3 intratelencephalic projecting glutamatergic neuron; L2/3-6 intratelencephalic projecting glutamatergic neuron; L5/6 near-projecting glutamatergic neuron; L6 corticothalamic-projecting glutamatergic cortical neuron; L6 intratelencephalic projecting glutamatergic neuron; L6b glutamatergic neuron of the primary motor cortex; VIP GABAergic cortical interneuron; astrocyte; endothelial cell; lamp5 GABAergic cortical interneuron; microglial cell; oligodendrocyte; oligodendrocyte precursor cell; pericyte; pvalb GABAergic cortical interneuron; sst GABAergic cortical interneuron; vascular leptomeningeal cell
5c97eeeb-7e52-44b3-b010-b832b1f5424c,10x 3' v3,dorsolateral prefrontal cortex,bipolar I disorder || type 1 diabetes mellitus,schizophrenia || tardive dyskinesia,False,18,59882,11,2,9,GABAergic neuron; L2/3 intratelencephalic projecting glutamatergic neuron; L2/3-6 intratelencephalic projecting glutamatergic neuron; L5/6 near-projecting glutamatergic neuron; L6 corticothalamic-projecting glutamatergic cortical neuron; L6 intratelencephalic projecting glutamatergic neuron; L6b glutamatergic neuron of the primary motor cortex; VIP GABAergic cortical interneuron; astrocyte; endothelial cell; lamp5 GABAergic cortical interneuron; microglial cell; oligodendrocyte; oligodendrocyte precursor cell; pericyte; pvalb GABAergic cortical interneuron; sst GABAergic cortical interneuron; vascular leptomeningeal cell
5c97eeeb-7e52-44b3-b010-b832b1f5424c,10x 3' v3,dorsolateral prefrontal cortex,schizophrenia || tardive dyskinesia,type 2 diabetes mellitus,False,18,58008,11,9,2,GABAergic neuron; L2/3 intratelencephalic projecting glutamatergic neuron; L2/3-6 intratelencephalic projecting glutamatergic neuron; L5/6 near-projecting glutamatergic neuron; L6 corticothalamic-projecting glutamatergic cortical neuron; L6 intratelencephalic projecting glutamatergic neuron; L6b glutamatergic neuron of the primary motor cortex; VIP GABAergic cortical interneuron; astrocyte; endothelial cell; lamp5 GABAergic cortical interneuron; microglial cell; oligodendrocyte; oligodendrocyte precursor cell; pericyte; pvalb GABAergic cortical interneuron; sst GABAergic cortical interneuron; vascular leptomeningeal cell
5c97eeeb-7e52-44b3-b010-b832b1f5424c,10x 3' v3,dorsolateral prefrontal cortex,bipolar disorder || schizoaffective bipolar disorder,schizophrenia || tardive dyskinesia,False,18,56251,11,2,9,GABAergic neuron; L2/3 intratelencephalic projecting glutamatergic neuron; L2/3-6 intratelencephalic projecting glutamatergic neuron; L5/6 near-projecting glutamatergic neuron; L6 corticothalamic-projecting glutamatergic cortical neuron; L6 intratelencephalic projecting glutamatergic neuron; L6b glutamatergic neuron of the primary motor cortex; VIP GABAergic cortical interneuron; astrocyte; endothelial cell; lamp5 GABAergic cortical interneuron; microglial cell; oligodendrocyte; oligodendrocyte precursor cell; pericyte; pvalb GABAergic cortical interneuron; sst GABAergic cortical interneuron; vascular leptomeningeal cell
5e57cd50-8e42-42d6-940d-5c1660d06864,10x 3' v3,dorsolateral prefrontal cortex,dementia || Alzheimer disease || Parkinson disease || Lewy body dementia,tauopathy,False,18,54923,11,2,9,GABAergic neuron; L2/3 intratelencephalic projecting glutamatergic neuron; L2/3-6 intratelencephalic projecting glutamatergic neuron; L5/6 near-projecting glutamatergic neuron; L6 corticothalamic-projecting glutamatergic cortical neuron; L6 intratelencephalic projecting glutamatergic neuron; VIP GABAergic cortical interneuron; astrocyte; endothelial cell; lamp5 GABAergic cortical interneuron; microglial cell; oligodendrocyte; oligodendrocyte precursor cell; pericyte; perivascular macrophage; pvalb GABAergic cortical interneuron; sst GABAergic cortical interneuron; vascular leptomeningeal cell
5c97eeeb-7e52-44b3-b010-b832b1f5424c,10x 3' v3,dorsolateral prefrontal cortex,bipolar I disorder || atherosclerosis,schizophrenia || type 1 diabetes mellitus,False,18,62571,10,6,4,GABAergic neuron; L2/3 intratelencephalic projecting glutamatergic neuron; L2/3-6 intratelencephalic projecting glutamatergic neuron; L5/6 near-projecting glutamatergic neuron; L6 corticothalamic-projecting glutamatergic cortical neuron; L6 intratelencephalic projecting glutamatergic neuron; L6b glutamatergic neuron of the primary motor cortex; VIP GABAergic cortical interneuron; astrocyte; endothelial cell; lamp5 GABAergic cortical interneuron; microglial cell; oligodendrocyte; oligodendrocyte precursor cell; pericyte; pvalb GABAergic cortical interneuron; sst GABAergic cortical interneuron; vascular leptomeningeal cell
5e57cd50-8e42-42d6-940d-5c1660d06864,10x 3' v3,dorsolateral prefrontal cortex,dementia || Parkinson disease,dementia || vascular dementia || Alzheimer disease,False,18,39643,10,3,7,GABAergic neuron; L2/3 intratelencephalic projecting glutamatergic neuron; L2/3-6 intratelencephalic projecting glutamatergic neuron; L5/6 near-projecting glutamatergic neuron; L6 corticothalamic-projecting glutamatergic cortical neuron; L6 intratelencephalic projecting glutamatergic neuron; L6b glutamatergic neuron of the primary motor cortex; VIP GABAergic cortical interneuron; astrocyte; endothelial cell; lamp5 GABAergic cortical interneuron; microglial cell; oligodendrocyte; oligodendrocyte precursor cell; pericyte; pvalb GABAergic cortical interneuron; sst GABAergic cortical interneuron; vascular leptomeningeal cell
5c97eeeb-7e52-44b3-b010-b832b1f5424c,10x 3' v3,dorsolateral prefrontal cortex,bipolar I disorder || atherosclerosis,schizophrenia || type 2 diabetes mellitus,False,18,48079,9,6,3,GABAergic neuron; L2/3 intratelencephalic projecting glutamatergic neuron; L2/3-6 intratelencephalic projecting glutamatergic neuron; L5/6 near-projecting glutamatergic neuron; L6 corticothalamic-projecting glutamatergic cortical neuron; L6 intratelencephalic projecting glutamatergic neuron; L6b glutamatergic neuron of the primary motor cortex; VIP GABAergic cortical interneuron; astrocyte; endothelial cell; lamp5 GABAergic cortical interneuron; microglial cell; oligodendrocyte; oligodendrocyte precursor cell; pericyte; pvalb GABAergic cortical interneuron; sst GABAergic cortical interneuron; vascular leptomeningeal cell
5e57cd50-8e42-42d6-940d-5c1660d06864,10x 3' v3,dorsolateral prefrontal cortex,dementia || Alzheimer disease || Parkinson disease || Lewy body dementia,dementia || vascular dementia || Alzheimer disease,False,18,39409,9,2,7,GABAergic neuron; L2/3 intratelencephalic projecting glutamatergic neuron; L2/3-6 intratelencephalic projecting glutamatergic neuron; L5/6 near-projecting glutamatergic neuron; L6 corticothalamic-projecting glutamatergic cortical neuron; L6 intratelencephalic projecting glutamatergic neuron; VIP GABAergic cortical interneuron; astrocyte; endothelial cell; lamp5 GABAergic cortical interneuron; microglial cell; oligodendrocyte; oligodendrocyte precursor cell; pericyte; perivascular macrophage; pvalb GABAergic cortical interneuron; sst GABAergic cortical interneuron; vascular leptomeningeal cell
5c97eeeb-7e52-44b3-b010-b832b1f5424c,10x 3' v3,dorsolateral prefrontal cortex,bipolar I disorder || atherosclerosis,schizophrenia || type 2 diabetes mellitus || tardive dyskinesia,False,18,50912,8,6,2,GABAergic neuron; L2/3 intratelencephalic projecting glutamatergic neuron; L2/3-6 intratelencephalic projecting glutamatergic neuron; L5/6 near-projecting glutamatergic neuron; L6 corticothalamic-projecting glutamatergic cortical neuron; L6 intratelencephalic projecting glutamatergic neuron; L6b glutamatergic neuron of the primary motor cortex; VIP GABAergic cortical interneuron; astrocyte; endothelial cell; lamp5 GABAergic cortical interneuron; microglial cell; oligodendrocyte; oligodendrocyte precursor cell; pericyte; pvalb GABAergic cortical interneuron; sst GABAergic cortical interneuron; vascular leptomeningeal cell
5c97eeeb-7e52-44b3-b010-b832b1f5424c,10x 3' v3,dorsolateral prefrontal cortex,bipolar I disorder || atherosclerosis,bipolar I disorder || type 1 diabetes mellitus,False,18,49602,8,6,2,GABAergic neuron; L2/3 intratelencephalic projecting glutamatergic neuron; L2/3-6 intratelencephalic projecting glutamatergic neuron; L5/6 near-projecting glutamatergic neuron; L6 corticothalamic-projecting glutamatergic cortical neuron; L6 intratelencephalic projecting glutamatergic neuron; L6b glutamatergic neuron of the primary motor cortex; VIP GABAergic cortical interneuron; astrocyte; endothelial cell; lamp5 GABAergic cortical interneuron; microglial cell; oligodendrocyte; oligodendrocyte precursor cell; pericyte; pvalb GABAergic cortical interneuron; sst GABAergic cortical interneuron; vascular leptomeningeal cell
5c97eeeb-7e52-44b3-b010-b832b1f5424c,10x 3' v3,dorsolateral prefrontal cortex,bipolar I disorder || atherosclerosis,type 2 diabetes mellitus,False,18,47728,8,6,2,GABAergic neuron; L2/3 intratelencephalic projecting glutamatergic neuron; L2/3-6 intratelencephalic projecting glutamatergic neuron; L5/6 near-projecting glutamatergic neuron; L6 corticothalamic-projecting glutamatergic cortical neuron; L6 intratelencephalic projecting glutamatergic neuron; L6b glutamatergic neuron of the primary motor cortex; VIP GABAergic cortical interneuron; astrocyte; endothelial cell; lamp5 GABAergic cortical interneuron; microglial cell; oligodendrocyte; oligodendrocyte precursor cell; pericyte; pvalb GABAergic cortical interneuron; sst GABAergic cortical interneuron; vascular leptomeningeal cell
5c97eeeb-7e52-44b3-b010-b832b1f5424c,10x 3' v3,dorsolateral prefrontal cortex,bipolar I disorder || atherosclerosis,bipolar disorder || schizoaffective bipolar disorder,False,18,45971,8,6,2,GABAergic neuron; L2/3 intratelencephalic projecting glutamatergic neuron; L2/3-6 intratelencephalic projecting glutamatergic neuron; L5/6 near-projecting glutamatergic neuron; L6 corticothalamic-projecting glutamatergic cortical neuron; L6 intratelencephalic projecting glutamatergic neuron; L6b glutamatergic neuron of the primary motor cortex; VIP GABAergic cortical interneuron; astrocyte; endothelial cell; lamp5 GABAergic cortical interneuron; microglial cell; oligodendrocyte; oligodendrocyte precursor cell; pericyte; pvalb GABAergic cortical interneuron; sst GABAergic cortical interneuron; vascular leptomeningeal cell
5c97eeeb-7e52-44b3-b010-b832b1f5424c,10x 3' v3,dorsolateral prefrontal cortex,bipolar II disorder,schizophrenia || type 2 diabetes mellitus,False,18,38433,8,5,3,GABAergic neuron; L2/3 intratelencephalic projecting glutamatergic neuron; L2/3-6 intratelencephalic projecting glutamatergic neuron; L5/6 near-projecting glutamatergic neuron; L6 corticothalamic-projecting glutamatergic cortical neuron; L6 intratelencephalic projecting glutamatergic neuron; L6b glutamatergic neuron of the primary motor cortex; VIP GABAergic cortical interneuron; astrocyte; endothelial cell; lamp5 GABAergic cortical interneuron; microglial cell; oligodendrocyte; oligodendrocyte precursor cell; pericyte; pvalb GABAergic cortical interneuron; sst GABAergic cortical interneuron; vascular leptomeningeal cell
5c97eeeb-7e52-44b3-b010-b832b1f5424c,10x 3' v3,dorsolateral prefrontal cortex,schizophrenia || type 2 diabetes mellitus,type 1 diabetes mellitus,False,18,36149,8,3,5,GABAergic neuron; L2/3 intratelencephalic projecting glutamatergic neuron; L2/3-6 intratelencephalic projecting glutamatergic neuron; L5/6 near-projecting glutamatergic neuron; L6 corticothalamic-projecting glutamatergic cortical neuron; L6 intratelencephalic projecting glutamatergic neuron; L6b glutamatergic neuron of the primary motor cortex; VIP GABAergic cortical interneuron; astrocyte; endothelial cell; lamp5 GABAergic cortical interneuron; microglial cell; oligodendrocyte; oligodendrocyte precursor cell; pericyte; pvalb GABAergic cortical interneuron; sst GABAergic cortical interneuron; vascular leptomeningeal cell
5e57cd50-8e42-42d6-940d-5c1660d06864,10x 3' v3,dorsolateral prefrontal cortex,dementia || Alzheimer disease || Parkinson disease,dementia || Parkinson disease,False,18,35947,8,5,3,GABAergic neuron; L2/3 intratelencephalic projecting glutamatergic neuron; L2/3-6 intratelencephalic projecting glutamatergic neuron; L5/6 near-projecting glutamatergic neuron; L6 corticothalamic-projecting glutamatergic cortical neuron; L6 intratelencephalic projecting glutamatergic neuron; L6b glutamatergic neuron of the primary motor cortex; VIP GABAergic cortical interneuron; astrocyte; endothelial cell; lamp5 GABAergic cortical interneuron; microglial cell; oligodendrocyte; oligodendrocyte precursor cell; pericyte; pvalb GABAergic cortical interneuron; sst GABAergic cortical interneuron; vascular leptomeningeal cell
5c97eeeb-7e52-44b3-b010-b832b1f5424c,10x 3' v3,dorsolateral prefrontal cortex,schizophrenia || atherosclerosis,schizophrenia || type 2 diabetes mellitus,False,18,29379,8,5,3,GABAergic neuron; L2/3 intratelencephalic projecting glutamatergic neuron; L2/3-6 intratelencephalic projecting glutamatergic neuron; L5/6 near-projecting glutamatergic neuron; L6 corticothalamic-projecting glutamatergic cortical neuron; L6 intratelencephalic projecting glutamatergic neuron; L6b glutamatergic neuron of the primary motor cortex; VIP GABAergic cortical interneuron; astrocyte; endothelial cell; lamp5 GABAergic cortical interneuron; microglial cell; oligodendrocyte; oligodendrocyte precursor cell; pericyte; pvalb GABAergic cortical interneuron; sst GABAergic cortical interneuron; vascular leptomeningeal cell
5c97eeeb-7e52-44b3-b010-b832b1f5424c,10x 3' v3,dorsolateral prefrontal cortex,bipolar II disorder,schizophrenia || type 2 diabetes mellitus || tardive dyskinesia,False,18,41266,7,5,2,GABAergic neuron; L2/3 intratelencephalic projecting glutamatergic neuron; L2/3-6 intratelencephalic projecting glutamatergic neuron; L5/6 near-projecting glutamatergic neuron; L6 corticothalamic-projecting glutamatergic cortical neuron; L6 intratelencephalic projecting glutamatergic neuron; L6b glutamatergic neuron of the primary motor cortex; VIP GABAergic cortical interneuron; astrocyte; endothelial cell; lamp5 GABAergic cortical interneuron; microglial cell; oligodendrocyte; oligodendrocyte precursor cell; pericyte; pvalb GABAergic cortical interneuron; sst GABAergic cortical interneuron; vascular leptomeningeal cell
5c97eeeb-7e52-44b3-b010-b832b1f5424c,10x 3' v3,dorsolateral prefrontal cortex,bipolar I disorder || type 1 diabetes mellitus,bipolar II disorder,False,18,39956,7,2,5,GABAergic neuron; L2/3 intratelencephalic projecting glutamatergic neuron; L2/3-6 intratelencephalic projecting glutamatergic neuron; L5/6 near-projecting glutamatergic neuron; L6 corticothalamic-projecting glutamatergic cortical neuron; L6 intratelencephalic projecting glutamatergic neuron; L6b glutamatergic neuron of the primary motor cortex; VIP GABAergic cortical interneuron; astrocyte; endothelial cell; lamp5 GABAergic cortical interneuron; microglial cell; oligodendrocyte; oligodendrocyte precursor cell; pericyte; pvalb GABAergic cortical interneuron; sst GABAergic cortical interneuron; vascular leptomeningeal cell
5c97eeeb-7e52-44b3-b010-b832b1f5424c,10x 3' v3,dorsolateral prefrontal cortex,schizophrenia || type 2 diabetes mellitus || tardive dyskinesia,type 1 diabetes mellitus,False,18,38982,7,2,5,GABAergic neuron; L2/3 intratelencephalic projecting glutamatergic neuron; L2/3-6 intratelencephalic projecting glutamatergic neuron; L5/6 near-projecting glutamatergic neuron; L6 corticothalamic-projecting glutamatergic cortical neuron; L6 intratelencephalic projecting glutamatergic neuron; L6b glutamatergic neuron of the primary motor cortex; VIP GABAergic cortical interneuron; astrocyte; endothelial cell; lamp5 GABAergic cortical interneuron; microglial cell; oligodendrocyte; oligodendrocyte precursor cell; pericyte; pvalb GABAergic cortical interneuron; sst GABAergic cortical interneuron; vascular leptomeningeal cell
5c97eeeb-7e52-44b3-b010-b832b1f5424c,10x 3' v3,dorsolateral prefrontal cortex,schizophrenia || type 1 diabetes mellitus,schizophrenia || type 2 diabetes mellitus,False,18,38386,7,4,3,GABAergic neuron; L2/3 intratelencephalic projecting glutamatergic neuron; L2/3-6 intratelencephalic projecting glutamatergic neuron; L5/6 near-projecting glutamatergic neuron; L6 corticothalamic-projecting glutamatergic cortical neuron; L6 intratelencephalic projecting glutamatergic neuron; L6b glutamatergic neuron of the primary motor cortex; VIP GABAergic cortical interneuron; astrocyte; endothelial cell; lamp5 GABAergic cortical interneuron; microglial cell; oligodendrocyte; oligodendrocyte precursor cell; pericyte; pvalb GABAergic cortical interneuron; sst GABAergic cortical interneuron; vascular leptomeningeal cell
5c97eeeb-7e52-44b3-b010-b832b1f5424c,10x 3' v3,dorsolateral prefrontal cortex,bipolar II disorder,type 2 diabetes mellitus,False,18,38082,7,5,2,GABAergic neuron; L2/3 intratelencephalic projecting glutamatergic neuron; L2/3-6 intratelencephalic projecting glutamatergic neuron; L5/6 near-projecting glutamatergic neuron; L6 corticothalamic-projecting glutamatergic cortical neuron; L6 intratelencephalic projecting glutamatergic neuron; L6b glutamatergic neuron of the primary motor cortex; VIP GABAergic cortical interneuron; astrocyte; endothelial cell; lamp5 GABAergic cortical interneuron; microglial cell; oligodendrocyte; oligodendrocyte precursor cell; pericyte; pvalb GABAergic cortical interneuron; sst GABAergic cortical interneuron; vascular leptomeningeal cell
5c97eeeb-7e52-44b3-b010-b832b1f5424c,10x 3' v3,dorsolateral prefrontal cortex,bipolar I disorder || type 1 diabetes mellitus,type 1 diabetes mellitus,False,18,37672,7,2,5,GABAergic neuron; L2/3 intratelencephalic projecting glutamatergic neuron; L2/3-6 intratelencephalic projecting glutamatergic neuron; L5/6 near-projecting glutamatergic neuron; L6 corticothalamic-projecting glutamatergic cortical neuron; L6 intratelencephalic projecting glutamatergic neuron; L6b glutamatergic neuron of the primary motor cortex; VIP GABAergic cortical interneuron; astrocyte; endothelial cell; lamp5 GABAergic cortical interneuron; microglial cell; oligodendrocyte; oligodendrocyte precursor cell; pericyte; pvalb GABAergic cortical interneuron; sst GABAergic cortical interneuron; vascular leptomeningeal cell
5c97eeeb-7e52-44b3-b010-b832b1f5424c,10x 3' v3,dorsolateral prefrontal cortex,bipolar II disorder,bipolar disorder || schizoaffective bipolar disorder,False,18,36325,7,5,2,GABAergic neuron; L2/3 intratelencephalic projecting glutamatergic neuron; L2/3-6 intratelencephalic projecting glutamatergic neuron; L5/6 near-projecting glutamatergic neuron; L6 corticothalamic-projecting glutamatergic cortical neuron; L6 intratelencephalic projecting glutamatergic neuron; L6b glutamatergic neuron of the primary motor cortex; VIP GABAergic cortical interneuron; astrocyte; endothelial cell; lamp5 GABAergic cortical interneuron; microglial cell; oligodendrocyte; oligodendrocyte precursor cell; pericyte; pvalb GABAergic cortical interneuron; sst GABAergic cortical interneuron; vascular leptomeningeal cell
5c97eeeb-7e52-44b3-b010-b832b1f5424c,10x 3' v3,dorsolateral prefrontal cortex,type 1 diabetes mellitus,type 2 diabetes mellitus,False,18,35798,7,5,2,GABAergic neuron; L2/3 intratelencephalic projecting glutamatergic neuron; L2/3-6 intratelencephalic projecting glutamatergic neuron; L5/6 near-projecting glutamatergic neuron; L6 corticothalamic-projecting glutamatergic cortical neuron; L6 intratelencephalic projecting glutamatergic neuron; L6b glutamatergic neuron of the primary motor cortex; VIP GABAergic cortical interneuron; astrocyte; endothelial cell; lamp5 GABAergic cortical interneuron; microglial cell; oligodendrocyte; oligodendrocyte precursor cell; pericyte; pvalb GABAergic cortical interneuron; sst GABAergic cortical interneuron; vascular leptomeningeal cell
5e57cd50-8e42-42d6-940d-5c1660d06864,10x 3' v3,dorsolateral prefrontal cortex,dementia || Alzheimer disease || Parkinson disease,dementia || Alzheimer disease || Parkinson disease || Lewy body dementia,False,18,35713,7,5,2,GABAergic neuron; L2/3 intratelencephalic projecting glutamatergic neuron; L2/3-6 intratelencephalic projecting glutamatergic neuron; L5/6 near-projecting glutamatergic neuron; L6 corticothalamic-projecting glutamatergic cortical neuron; L6 intratelencephalic projecting glutamatergic neuron; VIP GABAergic cortical interneuron; astrocyte; endothelial cell; lamp5 GABAergic cortical interneuron; microglial cell; oligodendrocyte; oligodendrocyte precursor cell; pericyte; perivascular macrophage; pvalb GABAergic cortical interneuron; sst GABAergic cortical interneuron; vascular leptomeningeal cell
5e57cd50-8e42-42d6-940d-5c1660d06864,10x 3' v3,dorsolateral prefrontal cortex,dementia || Parkinson disease,vascular dementia || diabetes mellitus,False,18,34372,7,3,4,GABAergic neuron; L2/3 intratelencephalic projecting glutamatergic neuron; L2/3-6 intratelencephalic projecting glutamatergic neuron; L5/6 near-projecting glutamatergic neuron; L6 corticothalamic-projecting glutamatergic cortical neuron; L6 intratelencephalic projecting glutamatergic neuron; L6b glutamatergic neuron of the primary motor cortex; VIP GABAergic cortical interneuron; astrocyte; endothelial cell; lamp5 GABAergic cortical interneuron; microglial cell; oligodendrocyte; oligodendrocyte precursor cell; pericyte; pvalb GABAergic cortical interneuron; sst GABAergic cortical interneuron; vascular leptomeningeal cell
5c97eeeb-7e52-44b3-b010-b832b1f5424c,10x 3' v3,dorsolateral prefrontal cortex,bipolar disorder || schizoaffective bipolar disorder,type 1 diabetes mellitus,False,18,34041,7,2,5,GABAergic neuron; L2/3 intratelencephalic projecting glutamatergic neuron; L2/3-6 intratelencephalic projecting glutamatergic neuron; L5/6 near-projecting glutamatergic neuron; L6 corticothalamic-projecting glutamatergic cortical neuron; L6 intratelencephalic projecting glutamatergic neuron; L6b glutamatergic neuron of the primary motor cortex; VIP GABAergic cortical interneuron; astrocyte; endothelial cell; lamp5 GABAergic cortical interneuron; microglial cell; oligodendrocyte; oligodendrocyte precursor cell; pericyte; pvalb GABAergic cortical interneuron; sst GABAergic cortical interneuron; vascular leptomeningeal cell
5c97eeeb-7e52-44b3-b010-b832b1f5424c,10x 3' v3,dorsolateral prefrontal cortex,schizophrenia || atherosclerosis,schizophrenia || type 2 diabetes mellitus || tardive dyskinesia,False,18,32212,7,5,2,GABAergic neuron; L2/3 intratelencephalic projecting glutamatergic neuron; L2/3-6 intratelencephalic projecting glutamatergic neuron; L5/6 near-projecting glutamatergic neuron; L6 corticothalamic-projecting glutamatergic cortical neuron; L6 intratelencephalic projecting glutamatergic neuron; L6b glutamatergic neuron of the primary motor cortex; VIP GABAergic cortical interneuron; astrocyte; endothelial cell; lamp5 GABAergic cortical interneuron; microglial cell; oligodendrocyte; oligodendrocyte precursor cell; pericyte; pvalb GABAergic cortical interneuron; sst GABAergic cortical interneuron; vascular leptomeningeal cell
5c97eeeb-7e52-44b3-b010-b832b1f5424c,10x 3' v3,dorsolateral prefrontal cortex,bipolar I disorder || type 1 diabetes mellitus,schizophrenia || atherosclerosis,False,18,30902,7,2,5,GABAergic neuron; L2/3 intratelencephalic projecting glutamatergic neuron; L2/3-6 intratelencephalic projecting glutamatergic neuron; L5/6 near-projecting glutamatergic neuron; L6 corticothalamic-projecting glutamatergic cortical neuron; L6 intratelencephalic projecting glutamatergic neuron; L6b glutamatergic neuron of the primary motor cortex; VIP GABAergic cortical interneuron; astrocyte; endothelial cell; lamp5 GABAergic cortical interneuron; microglial cell; oligodendrocyte; oligodendrocyte precursor cell; pericyte; pvalb GABAergic cortical interneuron; sst GABAergic cortical interneuron; vascular leptomeningeal cell
5c97eeeb-7e52-44b3-b010-b832b1f5424c,10x 3' v3,dorsolateral prefrontal cortex,bipolar I disorder || obsessive-compulsive disorder,schizophrenia || type 2 diabetes mellitus,False,18,30733,7,4,3,GABAergic neuron; L2/3 intratelencephalic projecting glutamatergic neuron; L2/3-6 intratelencephalic projecting glutamatergic neuron; L5/6 near-projecting glutamatergic neuron; L6 corticothalamic-projecting glutamatergic cortical neuron; L6 intratelencephalic projecting glutamatergic neuron; L6b glutamatergic neuron of the primary motor cortex; VIP GABAergic cortical interneuron; astrocyte; endothelial cell; lamp5 GABAergic cortical interneuron; microglial cell; oligodendrocyte; oligodendrocyte precursor cell; pericyte; pvalb GABAergic cortical interneuron; sst GABAergic cortical interneuron; vascular leptomeningeal cell
5c97eeeb-7e52-44b3-b010-b832b1f5424c,10x 3' v3,dorsolateral prefrontal cortex,schizophrenia || atherosclerosis,type 2 diabetes mellitus,False,18,29028,7,5,2,GABAergic neuron; L2/3 intratelencephalic projecting glutamatergic neuron; L2/3-6 intratelencephalic projecting glutamatergic neuron; L5/6 near-projecting glutamatergic neuron; L6 corticothalamic-projecting glutamatergic cortical neuron; L6 intratelencephalic projecting glutamatergic neuron; L6b glutamatergic neuron of the primary motor cortex; VIP GABAergic cortical interneuron; astrocyte; endothelial cell; lamp5 GABAergic cortical interneuron; microglial cell; oligodendrocyte; oligodendrocyte precursor cell; pericyte; pvalb GABAergic cortical interneuron; sst GABAergic cortical interneuron; vascular leptomeningeal cell
5c97eeeb-7e52-44b3-b010-b832b1f5424c,10x 3' v3,dorsolateral prefrontal cortex,bipolar disorder || schizoaffective bipolar disorder,schizophrenia || atherosclerosis,False,18,27271,7,2,5,GABAergic neuron; L2/3 intratelencephalic projecting glutamatergic neuron; L2/3-6 intratelencephalic projecting glutamatergic neuron; L5/6 near-projecting glutamatergic neuron; L6 corticothalamic-projecting glutamatergic cortical neuron; L6 intratelencephalic projecting glutamatergic neuron; L6b glutamatergic neuron of the primary motor cortex; VIP GABAergic cortical interneuron; astrocyte; endothelial cell; lamp5 GABAergic cortical interneuron; microglial cell; oligodendrocyte; oligodendrocyte precursor cell; pericyte; pvalb GABAergic cortical interneuron; sst GABAergic cortical interneuron; vascular leptomeningeal cell
5c97eeeb-7e52-44b3-b010-b832b1f5424c,10x 3' v3,dorsolateral prefrontal cortex,schizophrenia || type 1 diabetes mellitus,schizophrenia || type 2 diabetes mellitus || tardive dyskinesia,False,18,41219,6,4,2,GABAergic neuron; L2/3 intratelencephalic projecting glutamatergic neuron; L2/3-6 intratelencephalic projecting glutamatergic neuron; L5/6 near-projecting glutamatergic neuron; L6 corticothalamic-projecting glutamatergic cortical neuron; L6 intratelencephalic projecting glutamatergic neuron; L6b glutamatergic neuron of the primary motor cortex; VIP GABAergic cortical interneuron; astrocyte; endothelial cell; lamp5 GABAergic cortical interneuron; microglial cell; oligodendrocyte; oligodendrocyte precursor cell; pericyte; pvalb GABAergic cortical interneuron; sst GABAergic cortical interneuron; vascular leptomeningeal cell
5c97eeeb-7e52-44b3-b010-b832b1f5424c,10x 3' v3,dorsolateral prefrontal cortex,bipolar I disorder || type 1 diabetes mellitus,schizophrenia || type 1 diabetes mellitus,False,18,39909,6,2,4,GABAergic neuron; L2/3 intratelencephalic projecting glutamatergic neuron; L2/3-6 intratelencephalic projecting glutamatergic neuron; L5/6 near-projecting glutamatergic neuron; L6 corticothalamic-projecting glutamatergic cortical neuron; L6 intratelencephalic projecting glutamatergic neuron; L6b glutamatergic neuron of the primary motor cortex; VIP GABAergic cortical interneuron; astrocyte; endothelial cell; lamp5 GABAergic cortical interneuron; microglial cell; oligodendrocyte; oligodendrocyte precursor cell; pericyte; pvalb GABAergic cortical interneuron; sst GABAergic cortical interneuron; vascular leptomeningeal cell
5c97eeeb-7e52-44b3-b010-b832b1f5424c,10x 3' v3,dorsolateral prefrontal cortex,schizophrenia || type 1 diabetes mellitus,type 2 diabetes mellitus,False,18,38035,6,4,2,GABAergic neuron; L2/3 intratelencephalic projecting glutamatergic neuron; L2/3-6 intratelencephalic projecting glutamatergic neuron; L5/6 near-projecting glutamatergic neuron; L6 corticothalamic-projecting glutamatergic cortical neuron; L6 intratelencephalic projecting glutamatergic neuron; L6b glutamatergic neuron of the primary motor cortex; VIP GABAergic cortical interneuron; astrocyte; endothelial cell; lamp5 GABAergic cortical interneuron; microglial cell; oligodendrocyte; oligodendrocyte precursor cell; pericyte; pvalb GABAergic cortical interneuron; sst GABAergic cortical interneuron; vascular leptomeningeal cell
5c97eeeb-7e52-44b3-b010-b832b1f5424c,10x 3' v3,dorsolateral prefrontal cortex,bipolar disorder || schizoaffective bipolar disorder,schizophrenia || type 1 diabetes mellitus,False,18,36278,6,2,4,GABAergic neuron; L2/3 intratelencephalic projecting glutamatergic neuron; L2/3-6 intratelencephalic projecting glutamatergic neuron; L5/6 near-projecting glutamatergic neuron; L6 corticothalamic-projecting glutamatergic cortical neuron; L6 intratelencephalic projecting glutamatergic neuron; L6b glutamatergic neuron of the primary motor cortex; VIP GABAergic cortical interneuron; astrocyte; endothelial cell; lamp5 GABAergic cortical interneuron; microglial cell; oligodendrocyte; oligodendrocyte precursor cell; pericyte; pvalb GABAergic cortical interneuron; sst GABAergic cortical interneuron; vascular leptomeningeal cell
5e57cd50-8e42-42d6-940d-5c1660d06864,10x 3' v3,dorsolateral prefrontal cortex,dementia || Alzheimer disease || Parkinson disease || Lewy body dementia,vascular dementia || diabetes mellitus,False,18,34138,6,2,4,GABAergic neuron; L2/3 intratelencephalic projecting glutamatergic neuron; L2/3-6 intratelencephalic projecting glutamatergic neuron; L5/6 near-projecting glutamatergic neuron; L6 corticothalamic-projecting glutamatergic cortical neuron; L6 intratelencephalic projecting glutamatergic neuron; VIP GABAergic cortical interneuron; astrocyte; endothelial cell; lamp5 GABAergic cortical interneuron; microglial cell; oligodendrocyte; oligodendrocyte precursor cell; pericyte; perivascular macrophage; pvalb GABAergic cortical interneuron; sst GABAergic cortical interneuron; vascular leptomeningeal cell
5c97eeeb-7e52-44b3-b010-b832b1f5424c,10x 3' v3,dorsolateral prefrontal cortex,bipolar I disorder || obsessive-compulsive disorder,schizophrenia || type 2 diabetes mellitus || tardive dyskinesia,False,18,33566,6,4,2,GABAergic neuron; L2/3 intratelencephalic projecting glutamatergic neuron; L2/3-6 intratelencephalic projecting glutamatergic neuron; L5/6 near-projecting glutamatergic neuron; L6 corticothalamic-projecting glutamatergic cortical neuron; L6 intratelencephalic projecting glutamatergic neuron; L6b glutamatergic neuron of the primary motor cortex; VIP GABAergic cortical interneuron; astrocyte; endothelial cell; lamp5 GABAergic cortical interneuron; microglial cell; oligodendrocyte; oligodendrocyte precursor cell; pericyte; pvalb GABAergic cortical interneuron; sst GABAergic cortical interneuron; vascular leptomeningeal cell
5c97eeeb-7e52-44b3-b010-b832b1f5424c,10x 3' v3,dorsolateral prefrontal cortex,bipolar I disorder || obsessive-compulsive disorder,bipolar I disorder || type 1 diabetes mellitus,False,18,32256,6,4,2,GABAergic neuron; L2/3 intratelencephalic projecting glutamatergic neuron; L2/3-6 intratelencephalic projecting glutamatergic neuron; L5/6 near-projecting glutamatergic neuron; L6 corticothalamic-projecting glutamatergic cortical neuron; L6 intratelencephalic projecting glutamatergic neuron; L6b glutamatergic neuron of the primary motor cortex; VIP GABAergic cortical interneuron; astrocyte; endothelial cell; lamp5 GABAergic cortical interneuron; microglial cell; oligodendrocyte; oligodendrocyte precursor cell; pericyte; pvalb GABAergic cortical interneuron; sst GABAergic cortical interneuron; vascular leptomeningeal cell
5c97eeeb-7e52-44b3-b010-b832b1f5424c,10x 3' v3,dorsolateral prefrontal cortex,bipolar I disorder || obsessive-compulsive disorder,type 2 diabetes mellitus,False,18,30382,6,4,2,GABAergic neuron; L2/3 intratelencephalic projecting glutamatergic neuron; L2/3-6 intratelencephalic projecting glutamatergic neuron; L5/6 near-projecting glutamatergic neuron; L6 corticothalamic-projecting glutamatergic cortical neuron; L6 intratelencephalic projecting glutamatergic neuron; L6b glutamatergic neuron of the primary motor cortex; VIP GABAergic cortical interneuron; astrocyte; endothelial cell; lamp5 GABAergic cortical interneuron; microglial cell; oligodendrocyte; oligodendrocyte precursor cell; pericyte; pvalb GABAergic cortical interneuron; sst GABAergic cortical interneuron; vascular leptomeningeal cell
5c97eeeb-7e52-44b3-b010-b832b1f5424c,10x 3' v3,dorsolateral prefrontal cortex,bipolar I disorder || obsessive-compulsive disorder,bipolar disorder || schizoaffective bipolar disorder,False,18,28625,6,4,2,GABAergic neuron; L2/3 intratelencephalic projecting glutamatergic neuron; L2/3-6 intratelencephalic projecting glutamatergic neuron; L5/6 near-projecting glutamatergic neuron; L6 corticothalamic-projecting glutamatergic cortical neuron; L6 intratelencephalic projecting glutamatergic neuron; L6b glutamatergic neuron of the primary motor cortex; VIP GABAergic cortical interneuron; astrocyte; endothelial cell; lamp5 GABAergic cortical interneuron; microglial cell; oligodendrocyte; oligodendrocyte precursor cell; pericyte; pvalb GABAergic cortical interneuron; sst GABAergic cortical interneuron; vascular leptomeningeal cell
5e57cd50-8e42-42d6-940d-5c1660d06864,10x 3' v3,dorsolateral prefrontal cortex,dementia || Parkinson disease,dementia || tauopathy,False,18,19965,6,3,3,GABAergic neuron; L2/3 intratelencephalic projecting glutamatergic neuron; L2/3-6 intratelencephalic projecting glutamatergic neuron; L5/6 near-projecting glutamatergic neuron; L6 corticothalamic-projecting glutamatergic cortical neuron; L6 intratelencephalic projecting glutamatergic neuron; L6b glutamatergic neuron of the primary motor cortex; VIP GABAergic cortical interneuron; astrocyte; endothelial cell; lamp5 GABAergic cortical interneuron; microglial cell; oligodendrocyte; oligodendrocyte precursor cell; pericyte; pvalb GABAergic cortical interneuron; sst GABAergic cortical interneuron; vascular leptomeningeal cell
5e57cd50-8e42-42d6-940d-5c1660d06864,10x 3' v3,dorsolateral prefrontal cortex,dementia || Parkinson disease,vascular dementia,False,18,15648,6,3,3,GABAergic neuron; L2/3 intratelencephalic projecting glutamatergic neuron; L2/3-6 intratelencephalic projecting glutamatergic neuron; L5/6 near-projecting glutamatergic neuron; L6 corticothalamic-projecting glutamatergic cortical neuron; L6 intratelencephalic projecting glutamatergic neuron; L6b glutamatergic neuron of the primary motor cortex; VIP GABAergic cortical interneuron; astrocyte; endothelial cell; lamp5 GABAergic cortical interneuron; microglial cell; oligodendrocyte; oligodendrocyte precursor cell; pericyte; pvalb GABAergic cortical interneuron; sst GABAergic cortical interneuron; vascular leptomeningeal cell
5c97eeeb-7e52-44b3-b010-b832b1f5424c,10x 3' v3,dorsolateral prefrontal cortex,schizophrenia || type 2 diabetes mellitus,schizophrenia || type 2 diabetes mellitus || tardive dyskinesia,False,18,26727,5,3,2,GABAergic neuron; L2/3 intratelencephalic projecting glutamatergic neuron; L2/3-6 intratelencephalic projecting glutamatergic neuron; L5/6 near-projecting glutamatergic neuron; L6 corticothalamic-projecting glutamatergic cortical neuron; L6 intratelencephalic projecting glutamatergic neuron; L6b glutamatergic neuron of the primary motor cortex; VIP GABAergic cortical interneuron; astrocyte; endothelial cell; lamp5 GABAergic cortical interneuron; microglial cell; oligodendrocyte; oligodendrocyte precursor cell; pericyte; pvalb GABAergic cortical interneuron; sst GABAergic cortical interneuron; vascular leptomeningeal cell
5c97eeeb-7e52-44b3-b010-b832b1f5424c,10x 3' v3,dorsolateral prefrontal cortex,bipolar I disorder || type 1 diabetes mellitus,schizophrenia || type 2 diabetes mellitus,False,18,25417,5,2,3,GABAergic neuron; L2/3 intratelencephalic projecting glutamatergic neuron; L2/3-6 intratelencephalic projecting glutamatergic neuron; L5/6 near-projecting glutamatergic neuron; L6 corticothalamic-projecting glutamatergic cortical neuron; L6 intratelencephalic projecting glutamatergic neuron; L6b glutamatergic neuron of the primary motor cortex; VIP GABAergic cortical interneuron; astrocyte; endothelial cell; lamp5 GABAergic cortical interneuron; microglial cell; oligodendrocyte; oligodendrocyte precursor cell; pericyte; pvalb GABAergic cortical interneuron; sst GABAergic cortical interneuron; vascular leptomeningeal cell
5e57cd50-8e42-42d6-940d-5c1660d06864,10x 3' v3,dorsolateral prefrontal cortex,dementia || Parkinson disease,diabetes mellitus || head injury,False,18,24919,5,3,2,GABAergic neuron; L2/3 intratelencephalic projecting glutamatergic neuron; L2/3-6 intratelencephalic projecting glutamatergic neuron; L5/6 near-projecting glutamatergic neuron; L6 corticothalamic-projecting glutamatergic cortical neuron; L6 intratelencephalic projecting glutamatergic neuron; L6b glutamatergic neuron of the primary motor cortex; VIP GABAergic cortical interneuron; astrocyte; endothelial cell; lamp5 GABAergic cortical interneuron; microglial cell; oligodendrocyte; oligodendrocyte precursor cell; pericyte; pvalb GABAergic cortical interneuron; sst GABAergic cortical interneuron; vascular leptomeningeal cell
5c97eeeb-7e52-44b3-b010-b832b1f5424c,10x 3' v3,dorsolateral prefrontal cortex,schizophrenia || type 2 diabetes mellitus,type 2 diabetes mellitus,False,18,23543,5,3,2,GABAergic neuron; L2/3 intratelencephalic projecting glutamatergic neuron; L2/3-6 intratelencephalic projecting glutamatergic neuron; L5/6 near-projecting glutamatergic neuron; L6 corticothalamic-projecting glutamatergic cortical neuron; L6 intratelencephalic projecting glutamatergic neuron; L6b glutamatergic neuron of the primary motor cortex; VIP GABAergic cortical interneuron; astrocyte; endothelial cell; lamp5 GABAergic cortical interneuron; microglial cell; oligodendrocyte; oligodendrocyte precursor cell; pericyte; pvalb GABAergic cortical interneuron; sst GABAergic cortical interneuron; vascular leptomeningeal cell
5c97eeeb-7e52-44b3-b010-b832b1f5424c,10x 3' v3,dorsolateral prefrontal cortex,bipolar disorder || schizoaffective bipolar disorder,schizophrenia || type 2 diabetes mellitus,False,18,21786,5,2,3,GABAergic neuron; L2/3 intratelencephalic projecting glutamatergic neuron; L2/3-6 intratelencephalic projecting glutamatergic neuron; L5/6 near-projecting glutamatergic neuron; L6 corticothalamic-projecting glutamatergic cortical neuron; L6 intratelencephalic projecting glutamatergic neuron; L6b glutamatergic neuron of the primary motor cortex; VIP GABAergic cortical interneuron; astrocyte; endothelial cell; lamp5 GABAergic cortical interneuron; microglial cell; oligodendrocyte; oligodendrocyte precursor cell; pericyte; pvalb GABAergic cortical interneuron; sst GABAergic cortical interneuron; vascular leptomeningeal cell
5e57cd50-8e42-42d6-940d-5c1660d06864,10x 3' v3,dorsolateral prefrontal cortex,dementia || Parkinson disease,dementia || vascular dementia,False,18,21076,5,3,2,GABAergic neuron; L2/3 intratelencephalic projecting glutamatergic neuron; L2/3-6 intratelencephalic projecting glutamatergic neuron; L5/6 near-projecting glutamatergic neuron; L6 corticothalamic-projecting glutamatergic cortical neuron; L6 intratelencephalic projecting glutamatergic neuron; L6b glutamatergic neuron of the primary motor cortex; VIP GABAergic cortical interneuron; astrocyte; endothelial cell; lamp5 GABAergic cortical interneuron; microglial cell; oligodendrocyte; oligodendrocyte precursor cell; pericyte; pvalb GABAergic cortical interneuron; sst GABAergic cortical interneuron; vascular leptomeningeal cell
5e57cd50-8e42-42d6-940d-5c1660d06864,10x 3' v3,dorsolateral prefrontal cortex,dementia || Alzheimer disease || Parkinson disease || Lewy body dementia,dementia || tauopathy,False,18,19731,5,2,3,GABAergic neuron; L2/3 intratelencephalic projecting glutamatergic neuron; L2/3-6 intratelencephalic projecting glutamatergic neuron; L5/6 near-projecting glutamatergic neuron; L6 corticothalamic-projecting glutamatergic cortical neuron; L6 intratelencephalic projecting glutamatergic neuron; VIP GABAergic cortical interneuron; astrocyte; endothelial cell; lamp5 GABAergic cortical interneuron; microglial cell; oligodendrocyte; oligodendrocyte precursor cell; pericyte; perivascular macrophage; pvalb GABAergic cortical interneuron; sst GABAergic cortical interneuron; vascular leptomeningeal cell
5e57cd50-8e42-42d6-940d-5c1660d06864,10x 3' v3,dorsolateral prefrontal cortex,dementia || Alzheimer disease || Lewy body dementia,dementia || Parkinson disease,False,18,19080,5,2,3,GABAergic neuron; L2/3 intratelencephalic projecting glutamatergic neuron; L2/3-6 intratelencephalic projecting glutamatergic neuron; L5/6 near-projecting glutamatergic neuron; L6 corticothalamic-projecting glutamatergic cortical neuron; L6 intratelencephalic projecting glutamatergic neuron; L6b glutamatergic neuron of the primary motor cortex; VIP GABAergic cortical interneuron; astrocyte; endothelial cell; lamp5 GABAergic cortical interneuron; microglial cell; oligodendrocyte; oligodendrocyte precursor cell; pericyte; pvalb GABAergic cortical interneuron; sst GABAergic cortical interneuron; vascular leptomeningeal cell
19053a82-9c89-4fb8-bd19-d7b1800b0b7b,10x 3' v2,colon,colorectal cancer,inflammatory bowel disease,False,18,17579,5,3,2,"CD16-negative, CD56-bright natural killer cell, human; CD4-positive, alpha-beta memory T cell; CD8-positive, alpha-beta memory T cell; IgA plasma cell; T follicular helper cell; T-helper 17 cell; colonocyte; effector memory CD8-positive, alpha-beta T cell; gamma-delta T cell; germinal center B cell; group 3 innate lymphoid cell; mast cell; memory B cell; naive B cell; naive thymus-derived CD4-positive, alpha-beta T cell; naive thymus-derived CD8-positive, alpha-beta T cell; regulatory T cell; transit amplifying cell"
5e57cd50-8e42-42d6-940d-5c1660d06864,10x 3' v3,dorsolateral prefrontal cortex,dementia,vascular dementia,False,18,17557,5,2,3,GABAergic neuron; L2/3 intratelencephalic projecting glutamatergic neuron; L2/3-6 intratelencephalic projecting glutamatergic neuron; L5/6 near-projecting glutamatergic neuron; L6 corticothalamic-projecting glutamatergic cortical neuron; L6 intratelencephalic projecting glutamatergic neuron; VIP GABAergic cortical interneuron; astrocyte; endothelial cell; lamp5 GABAergic cortical interneuron; microglial cell; oligodendrocyte; oligodendrocyte precursor cell; pericyte; perivascular macrophage; pvalb GABAergic cortical interneuron; sst GABAergic cortical interneuron; vascular leptomeningeal cell
5e57cd50-8e42-42d6-940d-5c1660d06864,10x 3' v3,dorsolateral prefrontal cortex,dementia || Alzheimer disease || Parkinson disease || Lewy body dementia,vascular dementia,False,18,15414,5,2,3,GABAergic neuron; L2/3 intratelencephalic projecting glutamatergic neuron; L2/3-6 intratelencephalic projecting glutamatergic neuron; L5/6 near-projecting glutamatergic neuron; L6 corticothalamic-projecting glutamatergic cortical neuron; L6 intratelencephalic projecting glutamatergic neuron; VIP GABAergic cortical interneuron; astrocyte; endothelial cell; lamp5 GABAergic cortical interneuron; microglial cell; oligodendrocyte; oligodendrocyte precursor cell; pericyte; perivascular macrophage; pvalb GABAergic cortical interneuron; sst GABAergic cortical interneuron; vascular leptomeningeal cell
5c97eeeb-7e52-44b3-b010-b832b1f5424c,10x 3' v3,dorsolateral prefrontal cortex,bipolar I disorder || type 1 diabetes mellitus,schizophrenia || type 2 diabetes mellitus || tardive dyskinesia,False,18,28250,4,2,2,GABAergic neuron; L2/3 intratelencephalic projecting glutamatergic neuron; L2/3-6 intratelencephalic projecting glutamatergic neuron; L5/6 near-projecting glutamatergic neuron; L6 corticothalamic-projecting glutamatergic cortical neuron; L6 intratelencephalic projecting glutamatergic neuron; L6b glutamatergic neuron of the primary motor cortex; VIP GABAergic cortical interneuron; astrocyte; endothelial cell; lamp5 GABAergic cortical interneuron; microglial cell; oligodendrocyte; oligodendrocyte precursor cell; pericyte; pvalb GABAergic cortical interneuron; sst GABAergic cortical interneuron; vascular leptomeningeal cell
5c97eeeb-7e52-44b3-b010-b832b1f5424c,10x 3' v3,dorsolateral prefrontal cortex,schizophrenia || type 2 diabetes mellitus || tardive dyskinesia,type 2 diabetes mellitus,False,18,26376,4,2,2,GABAergic neuron; L2/3 intratelencephalic projecting glutamatergic neuron; L2/3-6 intratelencephalic projecting glutamatergic neuron; L5/6 near-projecting glutamatergic neuron; L6 corticothalamic-projecting glutamatergic cortical neuron; L6 intratelencephalic projecting glutamatergic neuron; L6b glutamatergic neuron of the primary motor cortex; VIP GABAergic cortical interneuron; astrocyte; endothelial cell; lamp5 GABAergic cortical interneuron; microglial cell; oligodendrocyte; oligodendrocyte precursor cell; pericyte; pvalb GABAergic cortical interneuron; sst GABAergic cortical interneuron; vascular leptomeningeal cell
5c97eeeb-7e52-44b3-b010-b832b1f5424c,10x 3' v3,dorsolateral prefrontal cortex,bipolar I disorder || type 1 diabetes mellitus,type 2 diabetes mellitus,False,18,25066,4,2,2,GABAergic neuron; L2/3 intratelencephalic projecting glutamatergic neuron; L2/3-6 intratelencephalic projecting glutamatergic neuron; L5/6 near-projecting glutamatergic neuron; L6 corticothalamic-projecting glutamatergic cortical neuron; L6 intratelencephalic projecting glutamatergic neuron; L6b glutamatergic neuron of the primary motor cortex; VIP GABAergic cortical interneuron; astrocyte; endothelial cell; lamp5 GABAergic cortical interneuron; microglial cell; oligodendrocyte; oligodendrocyte precursor cell; pericyte; pvalb GABAergic cortical interneuron; sst GABAergic cortical interneuron; vascular leptomeningeal cell
5e57cd50-8e42-42d6-940d-5c1660d06864,10x 3' v3,dorsolateral prefrontal cortex,dementia || Alzheimer disease || Parkinson disease || Lewy body dementia,diabetes mellitus || head injury,False,18,24685,4,2,2,GABAergic neuron; L2/3 intratelencephalic projecting glutamatergic neuron; L2/3-6 intratelencephalic projecting glutamatergic neuron; L5/6 near-projecting glutamatergic neuron; L6 corticothalamic-projecting glutamatergic cortical neuron; L6 intratelencephalic projecting glutamatergic neuron; VIP GABAergic cortical interneuron; astrocyte; endothelial cell; lamp5 GABAergic cortical interneuron; microglial cell; oligodendrocyte; oligodendrocyte precursor cell; pericyte; perivascular macrophage; pvalb GABAergic cortical interneuron; sst GABAergic cortical interneuron; vascular leptomeningeal cell
5c97eeeb-7e52-44b3-b010-b832b1f5424c,10x 3' v3,dorsolateral prefrontal cortex,bipolar disorder || schizoaffective bipolar disorder,schizophrenia || type 2 diabetes mellitus || tardive dyskinesia,False,18,24619,4,2,2,GABAergic neuron; L2/3 intratelencephalic projecting glutamatergic neuron; L2/3-6 intratelencephalic projecting glutamatergic neuron; L5/6 near-projecting glutamatergic neuron; L6 corticothalamic-projecting glutamatergic cortical neuron; L6 intratelencephalic projecting glutamatergic neuron; L6b glutamatergic neuron of the primary motor cortex; VIP GABAergic cortical interneuron; astrocyte; endothelial cell; lamp5 GABAergic cortical interneuron; microglial cell; oligodendrocyte; oligodendrocyte precursor cell; pericyte; pvalb GABAergic cortical interneuron; sst GABAergic cortical interneuron; vascular leptomeningeal cell
5c97eeeb-7e52-44b3-b010-b832b1f5424c,10x 3' v3,dorsolateral prefrontal cortex,bipolar I disorder || type 1 diabetes mellitus,bipolar disorder || schizoaffective bipolar disorder,False,18,23309,4,2,2,GABAergic neuron; L2/3 intratelencephalic projecting glutamatergic neuron; L2/3-6 intratelencephalic projecting glutamatergic neuron; L5/6 near-projecting glutamatergic neuron; L6 corticothalamic-projecting glutamatergic cortical neuron; L6 intratelencephalic projecting glutamatergic neuron; L6b glutamatergic neuron of the primary motor cortex; VIP GABAergic cortical interneuron; astrocyte; endothelial cell; lamp5 GABAergic cortical interneuron; microglial cell; oligodendrocyte; oligodendrocyte precursor cell; pericyte; pvalb GABAergic cortical interneuron; sst GABAergic cortical interneuron; vascular leptomeningeal cell
5e57cd50-8e42-42d6-940d-5c1660d06864,10x 3' v3,dorsolateral prefrontal cortex,dementia,dementia || vascular dementia,False,18,22985,4,2,2,GABAergic neuron; L2/3 intratelencephalic projecting glutamatergic neuron; L2/3-6 intratelencephalic projecting glutamatergic neuron; L5/6 near-projecting glutamatergic neuron; L6 corticothalamic-projecting glutamatergic cortical neuron; L6 intratelencephalic projecting glutamatergic neuron; VIP GABAergic cortical interneuron; astrocyte; endothelial cell; lamp5 GABAergic cortical interneuron; microglial cell; oligodendrocyte; oligodendrocyte precursor cell; pericyte; perivascular macrophage; pvalb GABAergic cortical interneuron; sst GABAergic cortical interneuron; vascular leptomeningeal cell
5c97eeeb-7e52-44b3-b010-b832b1f5424c,10x 3' v3,dorsolateral prefrontal cortex,bipolar disorder || schizoaffective bipolar disorder,type 2 diabetes mellitus,False,18,21435,4,2,2,GABAergic neuron; L2/3 intratelencephalic projecting glutamatergic neuron; L2/3-6 intratelencephalic projecting glutamatergic neuron; L5/6 near-projecting glutamatergic neuron; L6 corticothalamic-projecting glutamatergic cortical neuron; L6 intratelencephalic projecting glutamatergic neuron; L6b glutamatergic neuron of the primary motor cortex; VIP GABAergic cortical interneuron; astrocyte; endothelial cell; lamp5 GABAergic cortical interneuron; microglial cell; oligodendrocyte; oligodendrocyte precursor cell; pericyte; pvalb GABAergic cortical interneuron; sst GABAergic cortical interneuron; vascular leptomeningeal cell
5e57cd50-8e42-42d6-940d-5c1660d06864,10x 3' v3,dorsolateral prefrontal cortex,dementia || Alzheimer disease || Parkinson disease || Lewy body dementia,dementia || vascular dementia,False,18,20842,4,2,2,GABAergic neuron; L2/3 intratelencephalic projecting glutamatergic neuron; L2/3-6 intratelencephalic projecting glutamatergic neuron; L5/6 near-projecting glutamatergic neuron; L6 corticothalamic-projecting glutamatergic cortical neuron; L6 intratelencephalic projecting glutamatergic neuron; VIP GABAergic cortical interneuron; astrocyte; endothelial cell; lamp5 GABAergic cortical interneuron; microglial cell; oligodendrocyte; oligodendrocyte precursor cell; pericyte; perivascular macrophage; pvalb GABAergic cortical interneuron; sst GABAergic cortical interneuron; vascular leptomeningeal cell
5e57cd50-8e42-42d6-940d-5c1660d06864,10x 3' v3,dorsolateral prefrontal cortex,dementia || Alzheimer disease || Lewy body dementia,dementia || Alzheimer disease || Parkinson disease || Lewy body dementia,False,18,18846,4,2,2,GABAergic neuron; L2/3 intratelencephalic projecting glutamatergic neuron; L2/3-6 intratelencephalic projecting glutamatergic neuron; L5/6 near-projecting glutamatergic neuron; L6 corticothalamic-projecting glutamatergic cortical neuron; L6 intratelencephalic projecting glutamatergic neuron; VIP GABAergic cortical interneuron; astrocyte; endothelial cell; lamp5 GABAergic cortical interneuron; microglial cell; oligodendrocyte; oligodendrocyte precursor cell; pericyte; perivascular macrophage; pvalb GABAergic cortical interneuron; sst GABAergic cortical interneuron; vascular leptomeningeal cell
5e57cd50-8e42-42d6-940d-5c1660d06864,10x 3' v3,dorsolateral prefrontal cortex,dementia,dementia || Alzheimer disease || Parkinson disease || Lewy body dementia,False,18,17219,4,2,2,GABAergic neuron; L2/3 intratelencephalic projecting glutamatergic neuron; L2/3-6 intratelencephalic projecting glutamatergic neuron; L5/6 near-projecting glutamatergic neuron; L6 corticothalamic-projecting glutamatergic cortical neuron; L6 intratelencephalic projecting glutamatergic neuron; VIP GABAergic cortical interneuron; astrocyte; endothelial cell; lamp5 GABAergic cortical interneuron; microglial cell; oligodendrocyte; oligodendrocyte precursor cell; pericyte; perivascular macrophage; pvalb GABAergic cortical interneuron; sst GABAergic cortical interneuron; vascular leptomeningeal cell
5e57cd50-8e42-42d6-940d-5c1660d06864,10x 3' v3,dorsolateral prefrontal cortex,dementia || Alzheimer disease,head injury,False,17,187132,43,41,2,GABAergic neuron; L2/3 intratelencephalic projecting glutamatergic neuron; L2/3-6 intratelencephalic projecting glutamatergic neuron; L5/6 near-projecting glutamatergic neuron; L6 corticothalamic-projecting glutamatergic cortical neuron; L6 intratelencephalic projecting glutamatergic neuron; L6b glutamatergic neuron of the primary motor cortex; VIP GABAergic cortical interneuron; astrocyte; endothelial cell; lamp5 GABAergic cortical interneuron; microglial cell; oligodendrocyte; oligodendrocyte precursor cell; pericyte; pvalb GABAergic cortical interneuron; sst GABAergic cortical interneuron
5c97eeeb-7e52-44b3-b010-b832b1f5424c,10x 3' v3,dorsolateral prefrontal cortex,bipolar I disorder,bipolar disorder,False,17,159888,34,32,2,GABAergic neuron; L2/3 intratelencephalic projecting glutamatergic neuron; L2/3-6 intratelencephalic projecting glutamatergic neuron; L5/6 near-projecting glutamatergic neuron; L6 corticothalamic-projecting glutamatergic cortical neuron; L6 intratelencephalic projecting glutamatergic neuron; L6b glutamatergic neuron of the primary motor cortex; VIP GABAergic cortical interneuron; astrocyte; endothelial cell; lamp5 GABAergic cortical interneuron; microglial cell; oligodendrocyte; oligodendrocyte precursor cell; pericyte; pvalb GABAergic cortical interneuron; sst GABAergic cortical interneuron
5c97eeeb-7e52-44b3-b010-b832b1f5424c,10x 3' v3,dorsolateral prefrontal cortex,atherosclerosis,bipolar disorder,False,17,149208,26,24,2,GABAergic neuron; L2/3 intratelencephalic projecting glutamatergic neuron; L2/3-6 intratelencephalic projecting glutamatergic neuron; L5/6 near-projecting glutamatergic neuron; L6 corticothalamic-projecting glutamatergic cortical neuron; L6 intratelencephalic projecting glutamatergic neuron; L6b glutamatergic neuron of the primary motor cortex; VIP GABAergic cortical interneuron; astrocyte; endothelial cell; lamp5 GABAergic cortical interneuron; microglial cell; oligodendrocyte; oligodendrocyte precursor cell; pericyte; pvalb GABAergic cortical interneuron; sst GABAergic cortical interneuron
5c97eeeb-7e52-44b3-b010-b832b1f5424c,10x 3' v3,dorsolateral prefrontal cortex,bipolar disorder,schizophrenia,False,17,108415,23,2,21,GABAergic neuron; L2/3 intratelencephalic projecting glutamatergic neuron; L2/3-6 intratelencephalic projecting glutamatergic neuron; L5/6 near-projecting glutamatergic neuron; L6 corticothalamic-projecting glutamatergic cortical neuron; L6 intratelencephalic projecting glutamatergic neuron; L6b glutamatergic neuron of the primary motor cortex; VIP GABAergic cortical interneuron; astrocyte; endothelial cell; lamp5 GABAergic cortical interneuron; microglial cell; oligodendrocyte; oligodendrocyte precursor cell; pericyte; pvalb GABAergic cortical interneuron; sst GABAergic cortical interneuron
5e57cd50-8e42-42d6-940d-5c1660d06864,10x 3' v3,dorsolateral prefrontal cortex,diabetes mellitus,head injury,False,17,87238,20,18,2,GABAergic neuron; L2/3 intratelencephalic projecting glutamatergic neuron; L2/3-6 intratelencephalic projecting glutamatergic neuron; L5/6 near-projecting glutamatergic neuron; L6 corticothalamic-projecting glutamatergic cortical neuron; L6 intratelencephalic projecting glutamatergic neuron; L6b glutamatergic neuron of the primary motor cortex; VIP GABAergic cortical interneuron; astrocyte; endothelial cell; lamp5 GABAergic cortical interneuron; microglial cell; oligodendrocyte; oligodendrocyte precursor cell; pericyte; pvalb GABAergic cortical interneuron; sst GABAergic cortical interneuron
5e57cd50-8e42-42d6-940d-5c1660d06864,10x 3' v3,dorsolateral prefrontal cortex,dementia || Alzheimer disease || diabetes mellitus,head injury,False,17,62315,14,12,2,GABAergic neuron; L2/3 intratelencephalic projecting glutamatergic neuron; L2/3-6 intratelencephalic projecting glutamatergic neuron; L5/6 near-projecting glutamatergic neuron; L6 corticothalamic-projecting glutamatergic cortical neuron; L6 intratelencephalic projecting glutamatergic neuron; L6b glutamatergic neuron of the primary motor cortex; VIP GABAergic cortical interneuron; astrocyte; endothelial cell; lamp5 GABAergic cortical interneuron; microglial cell; oligodendrocyte; oligodendrocyte precursor cell; pericyte; pvalb GABAergic cortical interneuron; sst GABAergic cortical interneuron
5e57cd50-8e42-42d6-940d-5c1660d06864,10x 3' v3,dorsolateral prefrontal cortex,head injury,tauopathy,False,17,58826,11,2,9,GABAergic neuron; L2/3 intratelencephalic projecting glutamatergic neuron; L2/3-6 intratelencephalic projecting glutamatergic neuron; L5/6 near-projecting glutamatergic neuron; L6 corticothalamic-projecting glutamatergic cortical neuron; L6 intratelencephalic projecting glutamatergic neuron; L6b glutamatergic neuron of the primary motor cortex; VIP GABAergic cortical interneuron; astrocyte; endothelial cell; lamp5 GABAergic cortical interneuron; microglial cell; oligodendrocyte; oligodendrocyte precursor cell; pericyte; pvalb GABAergic cortical interneuron; sst GABAergic cortical interneuron
5c97eeeb-7e52-44b3-b010-b832b1f5424c,10x 3' v3,dorsolateral prefrontal cortex,bipolar disorder,schizophrenia || tardive dyskinesia,False,17,54105,11,2,9,GABAergic neuron; L2/3 intratelencephalic projecting glutamatergic neuron; L2/3-6 intratelencephalic projecting glutamatergic neuron; L5/6 near-projecting glutamatergic neuron; L6 corticothalamic-projecting glutamatergic cortical neuron; L6 intratelencephalic projecting glutamatergic neuron; L6b glutamatergic neuron of the primary motor cortex; VIP GABAergic cortical interneuron; astrocyte; endothelial cell; lamp5 GABAergic cortical interneuron; microglial cell; oligodendrocyte; oligodendrocyte precursor cell; pericyte; pvalb GABAergic cortical interneuron; sst GABAergic cortical interneuron
5e57cd50-8e42-42d6-940d-5c1660d06864,10x 3' v3,dorsolateral prefrontal cortex,dementia || vascular dementia || Alzheimer disease,head injury,False,17,43312,9,7,2,GABAergic neuron; L2/3 intratelencephalic projecting glutamatergic neuron; L2/3-6 intratelencephalic projecting glutamatergic neuron; L5/6 near-projecting glutamatergic neuron; L6 corticothalamic-projecting glutamatergic cortical neuron; L6 intratelencephalic projecting glutamatergic neuron; L6b glutamatergic neuron of the primary motor cortex; VIP GABAergic cortical interneuron; astrocyte; endothelial cell; lamp5 GABAergic cortical interneuron; microglial cell; oligodendrocyte; oligodendrocyte precursor cell; pericyte; pvalb GABAergic cortical interneuron; sst GABAergic cortical interneuron
5c97eeeb-7e52-44b3-b010-b832b1f5424c,10x 3' v3,dorsolateral prefrontal cortex,bipolar I disorder || atherosclerosis,bipolar disorder,False,17,43825,8,6,2,GABAergic neuron; L2/3 intratelencephalic projecting glutamatergic neuron; L2/3-6 intratelencephalic projecting glutamatergic neuron; L5/6 near-projecting glutamatergic neuron; L6 corticothalamic-projecting glutamatergic cortical neuron; L6 intratelencephalic projecting glutamatergic neuron; L6b glutamatergic neuron of the primary motor cortex; VIP GABAergic cortical interneuron; astrocyte; endothelial cell; lamp5 GABAergic cortical interneuron; microglial cell; oligodendrocyte; oligodendrocyte precursor cell; pericyte; pvalb GABAergic cortical interneuron; sst GABAergic cortical interneuron
5e57cd50-8e42-42d6-940d-5c1660d06864,10x 3' v3,dorsolateral prefrontal cortex,dementia || Alzheimer disease || Parkinson disease,head injury,False,17,39616,7,5,2,GABAergic neuron; L2/3 intratelencephalic projecting glutamatergic neuron; L2/3-6 intratelencephalic projecting glutamatergic neuron; L5/6 near-projecting glutamatergic neuron; L6 corticothalamic-projecting glutamatergic cortical neuron; L6 intratelencephalic projecting glutamatergic neuron; L6b glutamatergic neuron of the primary motor cortex; VIP GABAergic cortical interneuron; astrocyte; endothelial cell; lamp5 GABAergic cortical interneuron; microglial cell; oligodendrocyte; oligodendrocyte precursor cell; pericyte; pvalb GABAergic cortical interneuron; sst GABAergic cortical interneuron
5c97eeeb-7e52-44b3-b010-b832b1f5424c,10x 3' v3,dorsolateral prefrontal cortex,bipolar II disorder,bipolar disorder,False,17,34179,7,5,2,GABAergic neuron; L2/3 intratelencephalic projecting glutamatergic neuron; L2/3-6 intratelencephalic projecting glutamatergic neuron; L5/6 near-projecting glutamatergic neuron; L6 corticothalamic-projecting glutamatergic cortical neuron; L6 intratelencephalic projecting glutamatergic neuron; L6b glutamatergic neuron of the primary motor cortex; VIP GABAergic cortical interneuron; astrocyte; endothelial cell; lamp5 GABAergic cortical interneuron; microglial cell; oligodendrocyte; oligodendrocyte precursor cell; pericyte; pvalb GABAergic cortical interneuron; sst GABAergic cortical interneuron
5c97eeeb-7e52-44b3-b010-b832b1f5424c,10x 3' v3,dorsolateral prefrontal cortex,bipolar disorder,type 1 diabetes mellitus,False,17,31895,7,2,5,GABAergic neuron; L2/3 intratelencephalic projecting glutamatergic neuron; L2/3-6 intratelencephalic projecting glutamatergic neuron; L5/6 near-projecting glutamatergic neuron; L6 corticothalamic-projecting glutamatergic cortical neuron; L6 intratelencephalic projecting glutamatergic neuron; L6b glutamatergic neuron of the primary motor cortex; VIP GABAergic cortical interneuron; astrocyte; endothelial cell; lamp5 GABAergic cortical interneuron; microglial cell; oligodendrocyte; oligodendrocyte precursor cell; pericyte; pvalb GABAergic cortical interneuron; sst GABAergic cortical interneuron
5c97eeeb-7e52-44b3-b010-b832b1f5424c,10x 3' v3,dorsolateral prefrontal cortex,bipolar disorder,schizophrenia || atherosclerosis,False,17,25125,7,2,5,GABAergic neuron; L2/3 intratelencephalic projecting glutamatergic neuron; L2/3-6 intratelencephalic projecting glutamatergic neuron; L5/6 near-projecting glutamatergic neuron; L6 corticothalamic-projecting glutamatergic cortical neuron; L6 intratelencephalic projecting glutamatergic neuron; L6b glutamatergic neuron of the primary motor cortex; VIP GABAergic cortical interneuron; astrocyte; endothelial cell; lamp5 GABAergic cortical interneuron; microglial cell; oligodendrocyte; oligodendrocyte precursor cell; pericyte; pvalb GABAergic cortical interneuron; sst GABAergic cortical interneuron
5e57cd50-8e42-42d6-940d-5c1660d06864,10x 3' v3,dorsolateral prefrontal cortex,head injury,vascular dementia || diabetes mellitus,False,17,38041,6,2,4,GABAergic neuron; L2/3 intratelencephalic projecting glutamatergic neuron; L2/3-6 intratelencephalic projecting glutamatergic neuron; L5/6 near-projecting glutamatergic neuron; L6 corticothalamic-projecting glutamatergic cortical neuron; L6 intratelencephalic projecting glutamatergic neuron; L6b glutamatergic neuron of the primary motor cortex; VIP GABAergic cortical interneuron; astrocyte; endothelial cell; lamp5 GABAergic cortical interneuron; microglial cell; oligodendrocyte; oligodendrocyte precursor cell; pericyte; pvalb GABAergic cortical interneuron; sst GABAergic cortical interneuron
5c97eeeb-7e52-44b3-b010-b832b1f5424c,10x 3' v3,dorsolateral prefrontal cortex,bipolar disorder,schizophrenia || type 1 diabetes mellitus,False,17,34132,6,2,4,GABAergic neuron; L2/3 intratelencephalic projecting glutamatergic neuron; L2/3-6 intratelencephalic projecting glutamatergic neuron; L5/6 near-projecting glutamatergic neuron; L6 corticothalamic-projecting glutamatergic cortical neuron; L6 intratelencephalic projecting glutamatergic neuron; L6b glutamatergic neuron of the primary motor cortex; VIP GABAergic cortical interneuron; astrocyte; endothelial cell; lamp5 GABAergic cortical interneuron; microglial cell; oligodendrocyte; oligodendrocyte precursor cell; pericyte; pvalb GABAergic cortical interneuron; sst GABAergic cortical interneuron
5c97eeeb-7e52-44b3-b010-b832b1f5424c,10x 3' v3,dorsolateral prefrontal cortex,bipolar I disorder || obsessive-compulsive disorder,bipolar disorder,False,17,26479,6,4,2,GABAergic neuron; L2/3 intratelencephalic projecting glutamatergic neuron; L2/3-6 intratelencephalic projecting glutamatergic neuron; L5/6 near-projecting glutamatergic neuron; L6 corticothalamic-projecting glutamatergic cortical neuron; L6 intratelencephalic projecting glutamatergic neuron; L6b glutamatergic neuron of the primary motor cortex; VIP GABAergic cortical interneuron; astrocyte; endothelial cell; lamp5 GABAergic cortical interneuron; microglial cell; oligodendrocyte; oligodendrocyte precursor cell; pericyte; pvalb GABAergic cortical interneuron; sst GABAergic cortical interneuron
5e57cd50-8e42-42d6-940d-5c1660d06864,10x 3' v3,dorsolateral prefrontal cortex,dementia || tauopathy,head injury,False,17,23634,5,3,2,GABAergic neuron; L2/3 intratelencephalic projecting glutamatergic neuron; L2/3-6 intratelencephalic projecting glutamatergic neuron; L5/6 near-projecting glutamatergic neuron; L6 corticothalamic-projecting glutamatergic cortical neuron; L6 intratelencephalic projecting glutamatergic neuron; L6b glutamatergic neuron of the primary motor cortex; VIP GABAergic cortical interneuron; astrocyte; endothelial cell; lamp5 GABAergic cortical interneuron; microglial cell; oligodendrocyte; oligodendrocyte precursor cell; pericyte; pvalb GABAergic cortical interneuron; sst GABAergic cortical interneuron
5c97eeeb-7e52-44b3-b010-b832b1f5424c,10x 3' v3,dorsolateral prefrontal cortex,bipolar disorder,schizophrenia || type 2 diabetes mellitus,False,17,19640,5,2,3,GABAergic neuron; L2/3 intratelencephalic projecting glutamatergic neuron; L2/3-6 intratelencephalic projecting glutamatergic neuron; L5/6 near-projecting glutamatergic neuron; L6 corticothalamic-projecting glutamatergic cortical neuron; L6 intratelencephalic projecting glutamatergic neuron; L6b glutamatergic neuron of the primary motor cortex; VIP GABAergic cortical interneuron; astrocyte; endothelial cell; lamp5 GABAergic cortical interneuron; microglial cell; oligodendrocyte; oligodendrocyte precursor cell; pericyte; pvalb GABAergic cortical interneuron; sst GABAergic cortical interneuron
5e57cd50-8e42-42d6-940d-5c1660d06864,10x 3' v3,dorsolateral prefrontal cortex,head injury,vascular dementia,False,17,19317,5,2,3,GABAergic neuron; L2/3 intratelencephalic projecting glutamatergic neuron; L2/3-6 intratelencephalic projecting glutamatergic neuron; L5/6 near-projecting glutamatergic neuron; L6 corticothalamic-projecting glutamatergic cortical neuron; L6 intratelencephalic projecting glutamatergic neuron; L6b glutamatergic neuron of the primary motor cortex; VIP GABAergic cortical interneuron; astrocyte; endothelial cell; lamp5 GABAergic cortical interneuron; microglial cell; oligodendrocyte; oligodendrocyte precursor cell; pericyte; pvalb GABAergic cortical interneuron; sst GABAergic cortical interneuron
5e57cd50-8e42-42d6-940d-5c1660d06864,10x 3' v3,dorsolateral prefrontal cortex,dementia || Parkinson disease,head injury,False,17,19213,5,3,2,GABAergic neuron; L2/3 intratelencephalic projecting glutamatergic neuron; L2/3-6 intratelencephalic projecting glutamatergic neuron; L5/6 near-projecting glutamatergic neuron; L6 corticothalamic-projecting glutamatergic cortical neuron; L6 intratelencephalic projecting glutamatergic neuron; L6b glutamatergic neuron of the primary motor cortex; VIP GABAergic cortical interneuron; astrocyte; endothelial cell; lamp5 GABAergic cortical interneuron; microglial cell; oligodendrocyte; oligodendrocyte precursor cell; pericyte; pvalb GABAergic cortical interneuron; sst GABAergic cortical interneuron
5e57cd50-8e42-42d6-940d-5c1660d06864,10x 3' v3,dorsolateral prefrontal cortex,dementia,dementia || Parkinson disease,False,17,17453,5,2,3,GABAergic neuron; L2/3 intratelencephalic projecting glutamatergic neuron; L2/3-6 intratelencephalic projecting glutamatergic neuron; L5/6 near-projecting glutamatergic neuron; L6 corticothalamic-projecting glutamatergic cortical neuron; L6 intratelencephalic projecting glutamatergic neuron; VIP GABAergic cortical interneuron; astrocyte; endothelial cell; lamp5 GABAergic cortical interneuron; microglial cell; oligodendrocyte; oligodendrocyte precursor cell; pericyte; pvalb GABAergic cortical interneuron; sst GABAergic cortical interneuron; vascular leptomeningeal cell
5e57cd50-8e42-42d6-940d-5c1660d06864,10x 3' v3,dorsolateral prefrontal cortex,dementia || Alzheimer disease || Parkinson disease || Lewy body dementia,dementia || Parkinson disease,False,17,15310,5,2,3,GABAergic neuron; L2/3 intratelencephalic projecting glutamatergic neuron; L2/3-6 intratelencephalic projecting glutamatergic neuron; L5/6 near-projecting glutamatergic neuron; L6 corticothalamic-projecting glutamatergic cortical neuron; L6 intratelencephalic projecting glutamatergic neuron; VIP GABAergic cortical interneuron; astrocyte; endothelial cell; lamp5 GABAergic cortical interneuron; microglial cell; oligodendrocyte; oligodendrocyte precursor cell; pericyte; pvalb GABAergic cortical interneuron; sst GABAergic cortical interneuron; vascular leptomeningeal cell
5e57cd50-8e42-42d6-940d-5c1660d06864,10x 3' v3,dorsolateral prefrontal cortex,diabetes mellitus || head injury,head injury,False,17,28588,4,2,2,GABAergic neuron; L2/3 intratelencephalic projecting glutamatergic neuron; L2/3-6 intratelencephalic projecting glutamatergic neuron; L5/6 near-projecting glutamatergic neuron; L6 corticothalamic-projecting glutamatergic cortical neuron; L6 intratelencephalic projecting glutamatergic neuron; L6b glutamatergic neuron of the primary motor cortex; VIP GABAergic cortical interneuron; astrocyte; endothelial cell; lamp5 GABAergic cortical interneuron; microglial cell; oligodendrocyte; oligodendrocyte precursor cell; pericyte; pvalb GABAergic cortical interneuron; sst GABAergic cortical interneuron
5e57cd50-8e42-42d6-940d-5c1660d06864,10x 3' v3,dorsolateral prefrontal cortex,dementia || vascular dementia,head injury,False,17,24745,4,2,2,GABAergic neuron; L2/3 intratelencephalic projecting glutamatergic neuron; L2/3-6 intratelencephalic projecting glutamatergic neuron; L5/6 near-projecting glutamatergic neuron; L6 corticothalamic-projecting glutamatergic cortical neuron; L6 intratelencephalic projecting glutamatergic neuron; L6b glutamatergic neuron of the primary motor cortex; VIP GABAergic cortical interneuron; astrocyte; endothelial cell; lamp5 GABAergic cortical interneuron; microglial cell; oligodendrocyte; oligodendrocyte precursor cell; pericyte; pvalb GABAergic cortical interneuron; sst GABAergic cortical interneuron
5e57cd50-8e42-42d6-940d-5c1660d06864,10x 3' v3,dorsolateral prefrontal cortex,dementia || Alzheimer disease || Lewy body dementia,head injury,False,17,22749,4,2,2,GABAergic neuron; L2/3 intratelencephalic projecting glutamatergic neuron; L2/3-6 intratelencephalic projecting glutamatergic neuron; L5/6 near-projecting glutamatergic neuron; L6 corticothalamic-projecting glutamatergic cortical neuron; L6 intratelencephalic projecting glutamatergic neuron; L6b glutamatergic neuron of the primary motor cortex; VIP GABAergic cortical interneuron; astrocyte; endothelial cell; lamp5 GABAergic cortical interneuron; microglial cell; oligodendrocyte; oligodendrocyte precursor cell; pericyte; pvalb GABAergic cortical interneuron; sst GABAergic cortical interneuron
5c97eeeb-7e52-44b3-b010-b832b1f5424c,10x 3' v3,dorsolateral prefrontal cortex,bipolar disorder,schizophrenia || type 2 diabetes mellitus || tardive dyskinesia,False,17,22473,4,2,2,GABAergic neuron; L2/3 intratelencephalic projecting glutamatergic neuron; L2/3-6 intratelencephalic projecting glutamatergic neuron; L5/6 near-projecting glutamatergic neuron; L6 corticothalamic-projecting glutamatergic cortical neuron; L6 intratelencephalic projecting glutamatergic neuron; L6b glutamatergic neuron of the primary motor cortex; VIP GABAergic cortical interneuron; astrocyte; endothelial cell; lamp5 GABAergic cortical interneuron; microglial cell; oligodendrocyte; oligodendrocyte precursor cell; pericyte; pvalb GABAergic cortical interneuron; sst GABAergic cortical interneuron
5c97eeeb-7e52-44b3-b010-b832b1f5424c,10x 3' v3,dorsolateral prefrontal cortex,bipolar I disorder || type 1 diabetes mellitus,bipolar disorder,False,17,21163,4,2,2,GABAergic neuron; L2/3 intratelencephalic projecting glutamatergic neuron; L2/3-6 intratelencephalic projecting glutamatergic neuron; L5/6 near-projecting glutamatergic neuron; L6 corticothalamic-projecting glutamatergic cortical neuron; L6 intratelencephalic projecting glutamatergic neuron; L6b glutamatergic neuron of the primary motor cortex; VIP GABAergic cortical interneuron; astrocyte; endothelial cell; lamp5 GABAergic cortical interneuron; microglial cell; oligodendrocyte; oligodendrocyte precursor cell; pericyte; pvalb GABAergic cortical interneuron; sst GABAergic cortical interneuron
5c97eeeb-7e52-44b3-b010-b832b1f5424c,10x 3' v3,dorsolateral prefrontal cortex,bipolar disorder,type 2 diabetes mellitus,False,17,19289,4,2,2,GABAergic neuron; L2/3 intratelencephalic projecting glutamatergic neuron; L2/3-6 intratelencephalic projecting glutamatergic neuron; L5/6 near-projecting glutamatergic neuron; L6 corticothalamic-projecting glutamatergic cortical neuron; L6 intratelencephalic projecting glutamatergic neuron; L6b glutamatergic neuron of the primary motor cortex; VIP GABAergic cortical interneuron; astrocyte; endothelial cell; lamp5 GABAergic cortical interneuron; microglial cell; oligodendrocyte; oligodendrocyte precursor cell; pericyte; pvalb GABAergic cortical interneuron; sst GABAergic cortical interneuron
5c97eeeb-7e52-44b3-b010-b832b1f5424c,10x 3' v3,dorsolateral prefrontal cortex,bipolar disorder,bipolar disorder || schizoaffective bipolar disorder,False,17,17532,4,2,2,GABAergic neuron; L2/3 intratelencephalic projecting glutamatergic neuron; L2/3-6 intratelencephalic projecting glutamatergic neuron; L5/6 near-projecting glutamatergic neuron; L6 corticothalamic-projecting glutamatergic cortical neuron; L6 intratelencephalic projecting glutamatergic neuron; L6b glutamatergic neuron of the primary motor cortex; VIP GABAergic cortical interneuron; astrocyte; endothelial cell; lamp5 GABAergic cortical interneuron; microglial cell; oligodendrocyte; oligodendrocyte precursor cell; pericyte; pvalb GABAergic cortical interneuron; sst GABAergic cortical interneuron
5c97eeeb-7e52-44b3-b010-b832b1f5424c,10x 3' v3,dorsolateral prefrontal cortex,bipolar I disorder,bipolar I disorder || anorexia nervosa,False,16,159807,35,32,3,L2/3 intratelencephalic projecting glutamatergic neuron; L2/3-6 intratelencephalic projecting glutamatergic neuron; L5/6 near-projecting glutamatergic neuron; L6 corticothalamic-projecting glutamatergic cortical neuron; L6 intratelencephalic projecting glutamatergic neuron; L6b glutamatergic neuron of the primary motor cortex; VIP GABAergic cortical interneuron; astrocyte; endothelial cell; lamp5 GABAergic cortical interneuron; microglial cell; oligodendrocyte; oligodendrocyte precursor cell; pericyte; pvalb GABAergic cortical interneuron; sst GABAergic cortical interneuron
5c97eeeb-7e52-44b3-b010-b832b1f5424c,10x 3' v3,dorsolateral prefrontal cortex,atherosclerosis,bipolar I disorder || anorexia nervosa,False,16,149127,27,24,3,L2/3 intratelencephalic projecting glutamatergic neuron; L2/3-6 intratelencephalic projecting glutamatergic neuron; L5/6 near-projecting glutamatergic neuron; L6 corticothalamic-projecting glutamatergic cortical neuron; L6 intratelencephalic projecting glutamatergic neuron; L6b glutamatergic neuron of the primary motor cortex; VIP GABAergic cortical interneuron; astrocyte; endothelial cell; lamp5 GABAergic cortical interneuron; microglial cell; oligodendrocyte; oligodendrocyte precursor cell; pericyte; pvalb GABAergic cortical interneuron; sst GABAergic cortical interneuron
5c97eeeb-7e52-44b3-b010-b832b1f5424c,10x 3' v3,dorsolateral prefrontal cortex,bipolar I disorder || anorexia nervosa,schizophrenia,False,16,108334,24,3,21,L2/3 intratelencephalic projecting glutamatergic neuron; L2/3-6 intratelencephalic projecting glutamatergic neuron; L5/6 near-projecting glutamatergic neuron; L6 corticothalamic-projecting glutamatergic cortical neuron; L6 intratelencephalic projecting glutamatergic neuron; L6b glutamatergic neuron of the primary motor cortex; VIP GABAergic cortical interneuron; astrocyte; endothelial cell; lamp5 GABAergic cortical interneuron; microglial cell; oligodendrocyte; oligodendrocyte precursor cell; pericyte; pvalb GABAergic cortical interneuron; sst GABAergic cortical interneuron
5c97eeeb-7e52-44b3-b010-b832b1f5424c,10x 3' v3,dorsolateral prefrontal cortex,bipolar I disorder || anorexia nervosa,schizophrenia || tardive dyskinesia,False,16,54024,12,3,9,L2/3 intratelencephalic projecting glutamatergic neuron; L2/3-6 intratelencephalic projecting glutamatergic neuron; L5/6 near-projecting glutamatergic neuron; L6 corticothalamic-projecting glutamatergic cortical neuron; L6 intratelencephalic projecting glutamatergic neuron; L6b glutamatergic neuron of the primary motor cortex; VIP GABAergic cortical interneuron; astrocyte; endothelial cell; lamp5 GABAergic cortical interneuron; microglial cell; oligodendrocyte; oligodendrocyte precursor cell; pericyte; pvalb GABAergic cortical interneuron; sst GABAergic cortical interneuron
5c97eeeb-7e52-44b3-b010-b832b1f5424c,10x 3' v3,dorsolateral prefrontal cortex,bipolar I disorder || anorexia nervosa,bipolar I disorder || atherosclerosis,False,16,43744,9,3,6,L2/3 intratelencephalic projecting glutamatergic neuron; L2/3-6 intratelencephalic projecting glutamatergic neuron; L5/6 near-projecting glutamatergic neuron; L6 corticothalamic-projecting glutamatergic cortical neuron; L6 intratelencephalic projecting glutamatergic neuron; L6b glutamatergic neuron of the primary motor cortex; VIP GABAergic cortical interneuron; astrocyte; endothelial cell; lamp5 GABAergic cortical interneuron; microglial cell; oligodendrocyte; oligodendrocyte precursor cell; pericyte; pvalb GABAergic cortical interneuron; sst GABAergic cortical interneuron
5c97eeeb-7e52-44b3-b010-b832b1f5424c,10x 3' v3,dorsolateral prefrontal cortex,bipolar I disorder || anorexia nervosa,bipolar II disorder,False,16,34098,8,3,5,L2/3 intratelencephalic projecting glutamatergic neuron; L2/3-6 intratelencephalic projecting glutamatergic neuron; L5/6 near-projecting glutamatergic neuron; L6 corticothalamic-projecting glutamatergic cortical neuron; L6 intratelencephalic projecting glutamatergic neuron; L6b glutamatergic neuron of the primary motor cortex; VIP GABAergic cortical interneuron; astrocyte; endothelial cell; lamp5 GABAergic cortical interneuron; microglial cell; oligodendrocyte; oligodendrocyte precursor cell; pericyte; pvalb GABAergic cortical interneuron; sst GABAergic cortical interneuron
5c97eeeb-7e52-44b3-b010-b832b1f5424c,10x 3' v3,dorsolateral prefrontal cortex,bipolar I disorder || anorexia nervosa,type 1 diabetes mellitus,False,16,31814,8,3,5,L2/3 intratelencephalic projecting glutamatergic neuron; L2/3-6 intratelencephalic projecting glutamatergic neuron; L5/6 near-projecting glutamatergic neuron; L6 corticothalamic-projecting glutamatergic cortical neuron; L6 intratelencephalic projecting glutamatergic neuron; L6b glutamatergic neuron of the primary motor cortex; VIP GABAergic cortical interneuron; astrocyte; endothelial cell; lamp5 GABAergic cortical interneuron; microglial cell; oligodendrocyte; oligodendrocyte precursor cell; pericyte; pvalb GABAergic cortical interneuron; sst GABAergic cortical interneuron
5c97eeeb-7e52-44b3-b010-b832b1f5424c,10x 3' v3,dorsolateral prefrontal cortex,bipolar I disorder || anorexia nervosa,schizophrenia || atherosclerosis,False,16,25044,8,3,5,L2/3 intratelencephalic projecting glutamatergic neuron; L2/3-6 intratelencephalic projecting glutamatergic neuron; L5/6 near-projecting glutamatergic neuron; L6 corticothalamic-projecting glutamatergic cortical neuron; L6 intratelencephalic projecting glutamatergic neuron; L6b glutamatergic neuron of the primary motor cortex; VIP GABAergic cortical interneuron; astrocyte; endothelial cell; lamp5 GABAergic cortical interneuron; microglial cell; oligodendrocyte; oligodendrocyte precursor cell; pericyte; pvalb GABAergic cortical interneuron; sst GABAergic cortical interneuron
5c97eeeb-7e52-44b3-b010-b832b1f5424c,10x 3' v3,dorsolateral prefrontal cortex,bipolar I disorder || anorexia nervosa,schizophrenia || type 1 diabetes mellitus,False,16,34051,7,3,4,L2/3 intratelencephalic projecting glutamatergic neuron; L2/3-6 intratelencephalic projecting glutamatergic neuron; L5/6 near-projecting glutamatergic neuron; L6 corticothalamic-projecting glutamatergic cortical neuron; L6 intratelencephalic projecting glutamatergic neuron; L6b glutamatergic neuron of the primary motor cortex; VIP GABAergic cortical interneuron; astrocyte; endothelial cell; lamp5 GABAergic cortical interneuron; microglial cell; oligodendrocyte; oligodendrocyte precursor cell; pericyte; pvalb GABAergic cortical interneuron; sst GABAergic cortical interneuron
5c97eeeb-7e52-44b3-b010-b832b1f5424c,10x 3' v3,dorsolateral prefrontal cortex,bipolar I disorder || anorexia nervosa,bipolar I disorder || obsessive-compulsive disorder,False,16,26398,7,3,4,L2/3 intratelencephalic projecting glutamatergic neuron; L2/3-6 intratelencephalic projecting glutamatergic neuron; L5/6 near-projecting glutamatergic neuron; L6 corticothalamic-projecting glutamatergic cortical neuron; L6 intratelencephalic projecting glutamatergic neuron; L6b glutamatergic neuron of the primary motor cortex; VIP GABAergic cortical interneuron; astrocyte; endothelial cell; lamp5 GABAergic cortical interneuron; microglial cell; oligodendrocyte; oligodendrocyte precursor cell; pericyte; pvalb GABAergic cortical interneuron; sst GABAergic cortical interneuron
5c97eeeb-7e52-44b3-b010-b832b1f5424c,10x 3' v3,dorsolateral prefrontal cortex,bipolar I disorder || anorexia nervosa,schizophrenia || type 2 diabetes mellitus,False,16,19559,6,3,3,L2/3 intratelencephalic projecting glutamatergic neuron; L2/3-6 intratelencephalic projecting glutamatergic neuron; L5/6 near-projecting glutamatergic neuron; L6 corticothalamic-projecting glutamatergic cortical neuron; L6 intratelencephalic projecting glutamatergic neuron; L6b glutamatergic neuron of the primary motor cortex; VIP GABAergic cortical interneuron; astrocyte; endothelial cell; lamp5 GABAergic cortical interneuron; microglial cell; oligodendrocyte; oligodendrocyte precursor cell; pericyte; pvalb GABAergic cortical interneuron; sst GABAergic cortical interneuron
5c97eeeb-7e52-44b3-b010-b832b1f5424c,10x 3' v3,dorsolateral prefrontal cortex,bipolar I disorder || anorexia nervosa,schizophrenia || type 2 diabetes mellitus || tardive dyskinesia,False,16,22392,5,3,2,L2/3 intratelencephalic projecting glutamatergic neuron; L2/3-6 intratelencephalic projecting glutamatergic neuron; L5/6 near-projecting glutamatergic neuron; L6 corticothalamic-projecting glutamatergic cortical neuron; L6 intratelencephalic projecting glutamatergic neuron; L6b glutamatergic neuron of the primary motor cortex; VIP GABAergic cortical interneuron; astrocyte; endothelial cell; lamp5 GABAergic cortical interneuron; microglial cell; oligodendrocyte; oligodendrocyte precursor cell; pericyte; pvalb GABAergic cortical interneuron; sst GABAergic cortical interneuron
5c97eeeb-7e52-44b3-b010-b832b1f5424c,10x 3' v3,dorsolateral prefrontal cortex,bipolar I disorder || anorexia nervosa,bipolar I disorder || type 1 diabetes mellitus,False,16,21082,5,3,2,L2/3 intratelencephalic projecting glutamatergic neuron; L2/3-6 intratelencephalic projecting glutamatergic neuron; L5/6 near-projecting glutamatergic neuron; L6 corticothalamic-projecting glutamatergic cortical neuron; L6 intratelencephalic projecting glutamatergic neuron; L6b glutamatergic neuron of the primary motor cortex; VIP GABAergic cortical interneuron; astrocyte; endothelial cell; lamp5 GABAergic cortical interneuron; microglial cell; oligodendrocyte; oligodendrocyte precursor cell; pericyte; pvalb GABAergic cortical interneuron; sst GABAergic cortical interneuron
5c97eeeb-7e52-44b3-b010-b832b1f5424c,10x 3' v3,dorsolateral prefrontal cortex,bipolar I disorder || anorexia nervosa,type 2 diabetes mellitus,False,16,19208,5,3,2,L2/3 intratelencephalic projecting glutamatergic neuron; L2/3-6 intratelencephalic projecting glutamatergic neuron; L5/6 near-projecting glutamatergic neuron; L6 corticothalamic-projecting glutamatergic cortical neuron; L6 intratelencephalic projecting glutamatergic neuron; L6b glutamatergic neuron of the primary motor cortex; VIP GABAergic cortical interneuron; astrocyte; endothelial cell; lamp5 GABAergic cortical interneuron; microglial cell; oligodendrocyte; oligodendrocyte precursor cell; pericyte; pvalb GABAergic cortical interneuron; sst GABAergic cortical interneuron
5c97eeeb-7e52-44b3-b010-b832b1f5424c,10x 3' v3,dorsolateral prefrontal cortex,bipolar I disorder || anorexia nervosa,bipolar disorder || schizoaffective bipolar disorder,False,16,17451,5,3,2,L2/3 intratelencephalic projecting glutamatergic neuron; L2/3-6 intratelencephalic projecting glutamatergic neuron; L5/6 near-projecting glutamatergic neuron; L6 corticothalamic-projecting glutamatergic cortical neuron; L6 intratelencephalic projecting glutamatergic neuron; L6b glutamatergic neuron of the primary motor cortex; VIP GABAergic cortical interneuron; astrocyte; endothelial cell; lamp5 GABAergic cortical interneuron; microglial cell; oligodendrocyte; oligodendrocyte precursor cell; pericyte; pvalb GABAergic cortical interneuron; sst GABAergic cortical interneuron
5c97eeeb-7e52-44b3-b010-b832b1f5424c,10x 3' v3,dorsolateral prefrontal cortex,bipolar I disorder || anorexia nervosa,bipolar disorder,False,16,15305,5,3,2,L2/3 intratelencephalic projecting glutamatergic neuron; L2/3-6 intratelencephalic projecting glutamatergic neuron; L5/6 near-projecting glutamatergic neuron; L6 corticothalamic-projecting glutamatergic cortical neuron; L6 intratelencephalic projecting glutamatergic neuron; L6b glutamatergic neuron of the primary motor cortex; VIP GABAergic cortical interneuron; astrocyte; endothelial cell; lamp5 GABAergic cortical interneuron; microglial cell; oligodendrocyte; oligodendrocyte precursor cell; pericyte; pvalb GABAergic cortical interneuron; sst GABAergic cortical interneuron
5e57cd50-8e42-42d6-940d-5c1660d06864,10x 3' v3,dorsolateral prefrontal cortex,dementia,head injury,False,16,21122,4,2,2,GABAergic neuron; L2/3 intratelencephalic projecting glutamatergic neuron; L2/3-6 intratelencephalic projecting glutamatergic neuron; L5/6 near-projecting glutamatergic neuron; L6 corticothalamic-projecting glutamatergic cortical neuron; L6 intratelencephalic projecting glutamatergic neuron; VIP GABAergic cortical interneuron; astrocyte; endothelial cell; lamp5 GABAergic cortical interneuron; microglial cell; oligodendrocyte; oligodendrocyte precursor cell; pericyte; pvalb GABAergic cortical interneuron; sst GABAergic cortical interneuron
5e57cd50-8e42-42d6-940d-5c1660d06864,10x 3' v3,dorsolateral prefrontal cortex,dementia || Alzheimer disease || Parkinson disease || Lewy body dementia,head injury,False,16,18979,4,2,2,GABAergic neuron; L2/3 intratelencephalic projecting glutamatergic neuron; L2/3-6 intratelencephalic projecting glutamatergic neuron; L5/6 near-projecting glutamatergic neuron; L6 corticothalamic-projecting glutamatergic cortical neuron; L6 intratelencephalic projecting glutamatergic neuron; VIP GABAergic cortical interneuron; astrocyte; endothelial cell; lamp5 GABAergic cortical interneuron; microglial cell; oligodendrocyte; oligodendrocyte precursor cell; pericyte; pvalb GABAergic cortical interneuron; sst GABAergic cortical interneuron
5c97eeeb-7e52-44b3-b010-b832b1f5424c,10x 3' v3,dorsolateral prefrontal cortex,bipolar I disorder,bipolar I disorder || bulimia nervosa,False,15,171351,34,32,2,GABAergic neuron; L2/3 intratelencephalic projecting glutamatergic neuron; L2/3-6 intratelencephalic projecting glutamatergic neuron; VIP GABAergic cortical interneuron; astrocyte; endothelial cell; lamp5 GABAergic cortical interneuron; microglial cell; oligodendrocyte; oligodendrocyte precursor cell; pericyte; perivascular macrophage; smooth muscle cell; sst GABAergic cortical interneuron; vascular leptomeningeal cell
5c97eeeb-7e52-44b3-b010-b832b1f5424c,10x 3' v3,dorsolateral prefrontal cortex,atherosclerosis,bipolar I disorder || bulimia nervosa,False,15,160671,26,24,2,GABAergic neuron; L2/3 intratelencephalic projecting glutamatergic neuron; L2/3-6 intratelencephalic projecting glutamatergic neuron; VIP GABAergic cortical interneuron; astrocyte; endothelial cell; lamp5 GABAergic cortical interneuron; microglial cell; oligodendrocyte; oligodendrocyte precursor cell; pericyte; perivascular macrophage; smooth muscle cell; sst GABAergic cortical interneuron; vascular leptomeningeal cell
5c97eeeb-7e52-44b3-b010-b832b1f5424c,10x 3' v3,dorsolateral prefrontal cortex,bipolar I disorder || bulimia nervosa,schizophrenia,False,15,119878,23,2,21,GABAergic neuron; L2/3 intratelencephalic projecting glutamatergic neuron; L2/3-6 intratelencephalic projecting glutamatergic neuron; VIP GABAergic cortical interneuron; astrocyte; endothelial cell; lamp5 GABAergic cortical interneuron; microglial cell; oligodendrocyte; oligodendrocyte precursor cell; pericyte; perivascular macrophage; smooth muscle cell; sst GABAergic cortical interneuron; vascular leptomeningeal cell
5c97eeeb-7e52-44b3-b010-b832b1f5424c,10x 3' v3,dorsolateral prefrontal cortex,bipolar I disorder || bulimia nervosa,schizophrenia || tardive dyskinesia,False,15,65568,11,2,9,GABAergic neuron; L2/3 intratelencephalic projecting glutamatergic neuron; L2/3-6 intratelencephalic projecting glutamatergic neuron; VIP GABAergic cortical interneuron; astrocyte; endothelial cell; lamp5 GABAergic cortical interneuron; microglial cell; oligodendrocyte; oligodendrocyte precursor cell; pericyte; perivascular macrophage; smooth muscle cell; sst GABAergic cortical interneuron; vascular leptomeningeal cell
5c97eeeb-7e52-44b3-b010-b832b1f5424c,10x 3' v3,dorsolateral prefrontal cortex,bipolar I disorder || bulimia nervosa,type 1 diabetes mellitus,False,15,43358,7,2,5,GABAergic neuron; L2/3 intratelencephalic projecting glutamatergic neuron; L2/3-6 intratelencephalic projecting glutamatergic neuron; VIP GABAergic cortical interneuron; astrocyte; endothelial cell; lamp5 GABAergic cortical interneuron; microglial cell; oligodendrocyte; oligodendrocyte precursor cell; pericyte; perivascular macrophage; smooth muscle cell; sst GABAergic cortical interneuron; vascular leptomeningeal cell
5c97eeeb-7e52-44b3-b010-b832b1f5424c,10x 3' v3,dorsolateral prefrontal cortex,bipolar I disorder || bulimia nervosa,schizophrenia || atherosclerosis,False,15,36588,7,2,5,GABAergic neuron; L2/3 intratelencephalic projecting glutamatergic neuron; L2/3-6 intratelencephalic projecting glutamatergic neuron; VIP GABAergic cortical interneuron; astrocyte; endothelial cell; lamp5 GABAergic cortical interneuron; microglial cell; oligodendrocyte; oligodendrocyte precursor cell; pericyte; perivascular macrophage; smooth muscle cell; sst GABAergic cortical interneuron; vascular leptomeningeal cell
5c97eeeb-7e52-44b3-b010-b832b1f5424c,10x 3' v3,dorsolateral prefrontal cortex,bipolar I disorder || bulimia nervosa,bipolar I disorder || obsessive-compulsive disorder,False,15,37942,6,2,4,GABAergic neuron; L2/3 intratelencephalic projecting glutamatergic neuron; L2/3-6 intratelencephalic projecting glutamatergic neuron; VIP GABAergic cortical interneuron; astrocyte; endothelial cell; lamp5 GABAergic cortical interneuron; microglial cell; oligodendrocyte; oligodendrocyte precursor cell; pericyte; perivascular macrophage; smooth muscle cell; sst GABAergic cortical interneuron; vascular leptomeningeal cell
203025fe-fa99-4d57-81da-458ed8f0c334,10x multiome,dorsolateral prefrontal cortex,Alzheimer disease,cognitive disorder,False,14,44324,20,10,10,GABAergic neuron; T cell; astrocyte; capillary endothelial cell; endothelial cell of artery; fibroblast; glutamatergic neuron; microglial cell; oligodendrocyte; oligodendrocyte precursor cell; pericyte; perivascular macrophage; smooth muscle cell; vein endothelial cell
5c97eeeb-7e52-44b3-b010-b832b1f5424c,10x 3' v3,dorsolateral prefrontal cortex,bipolar I disorder || atherosclerosis,bipolar I disorder || bulimia nervosa,False,14,55288,8,6,2,GABAergic neuron; L2/3 intratelencephalic projecting glutamatergic neuron; L2/3-6 intratelencephalic projecting glutamatergic neuron; VIP GABAergic cortical interneuron; astrocyte; endothelial cell; lamp5 GABAergic cortical interneuron; microglial cell; oligodendrocyte; oligodendrocyte precursor cell; pericyte; perivascular macrophage; sst GABAergic cortical interneuron; vascular leptomeningeal cell
5c97eeeb-7e52-44b3-b010-b832b1f5424c,10x 3' v3,dorsolateral prefrontal cortex,bipolar I disorder || bulimia nervosa,bipolar II disorder,False,14,45642,7,2,5,GABAergic neuron; L2/3 intratelencephalic projecting glutamatergic neuron; L2/3-6 intratelencephalic projecting glutamatergic neuron; VIP GABAergic cortical interneuron; astrocyte; endothelial cell; lamp5 GABAergic cortical interneuron; microglial cell; oligodendrocyte; oligodendrocyte precursor cell; pericyte; smooth muscle cell; sst GABAergic cortical interneuron; vascular leptomeningeal cell
5c97eeeb-7e52-44b3-b010-b832b1f5424c,10x 3' v3,dorsolateral prefrontal cortex,bipolar I disorder || bulimia nervosa,schizophrenia || type 1 diabetes mellitus,False,14,45595,6,2,4,GABAergic neuron; L2/3 intratelencephalic projecting glutamatergic neuron; L2/3-6 intratelencephalic projecting glutamatergic neuron; VIP GABAergic cortical interneuron; astrocyte; endothelial cell; lamp5 GABAergic cortical interneuron; microglial cell; oligodendrocyte; oligodendrocyte precursor cell; pericyte; smooth muscle cell; sst GABAergic cortical interneuron; vascular leptomeningeal cell
5c97eeeb-7e52-44b3-b010-b832b1f5424c,10x 3' v3,dorsolateral prefrontal cortex,bipolar I disorder || bulimia nervosa,schizophrenia || type 2 diabetes mellitus,False,13,31103,5,2,3,GABAergic neuron; L2/3 intratelencephalic projecting glutamatergic neuron; L2/3-6 intratelencephalic projecting glutamatergic neuron; VIP GABAergic cortical interneuron; astrocyte; endothelial cell; lamp5 GABAergic cortical interneuron; microglial cell; oligodendrocyte; oligodendrocyte precursor cell; pericyte; sst GABAergic cortical interneuron; vascular leptomeningeal cell
5c97eeeb-7e52-44b3-b010-b832b1f5424c,10x 3' v3,dorsolateral prefrontal cortex,bipolar I disorder || bulimia nervosa,schizophrenia || type 2 diabetes mellitus || tardive dyskinesia,False,13,33936,4,2,2,GABAergic neuron; L2/3 intratelencephalic projecting glutamatergic neuron; L2/3-6 intratelencephalic projecting glutamatergic neuron; VIP GABAergic cortical interneuron; astrocyte; endothelial cell; lamp5 GABAergic cortical interneuron; microglial cell; oligodendrocyte; oligodendrocyte precursor cell; pericyte; sst GABAergic cortical interneuron; vascular leptomeningeal cell
5c97eeeb-7e52-44b3-b010-b832b1f5424c,10x 3' v3,dorsolateral prefrontal cortex,bipolar I disorder || bulimia nervosa,bipolar I disorder || type 1 diabetes mellitus,False,13,32626,4,2,2,GABAergic neuron; L2/3 intratelencephalic projecting glutamatergic neuron; L2/3-6 intratelencephalic projecting glutamatergic neuron; VIP GABAergic cortical interneuron; astrocyte; endothelial cell; lamp5 GABAergic cortical interneuron; microglial cell; oligodendrocyte; oligodendrocyte precursor cell; pericyte; sst GABAergic cortical interneuron; vascular leptomeningeal cell
5c97eeeb-7e52-44b3-b010-b832b1f5424c,10x 3' v3,dorsolateral prefrontal cortex,bipolar I disorder || bulimia nervosa,type 2 diabetes mellitus,False,13,30752,4,2,2,GABAergic neuron; L2/3 intratelencephalic projecting glutamatergic neuron; L2/3-6 intratelencephalic projecting glutamatergic neuron; VIP GABAergic cortical interneuron; astrocyte; endothelial cell; lamp5 GABAergic cortical interneuron; microglial cell; oligodendrocyte; oligodendrocyte precursor cell; pericyte; sst GABAergic cortical interneuron; vascular leptomeningeal cell
5c97eeeb-7e52-44b3-b010-b832b1f5424c,10x 3' v3,dorsolateral prefrontal cortex,bipolar I disorder || bulimia nervosa,bipolar disorder || schizoaffective bipolar disorder,False,13,28995,4,2,2,GABAergic neuron; L2/3 intratelencephalic projecting glutamatergic neuron; L2/3-6 intratelencephalic projecting glutamatergic neuron; VIP GABAergic cortical interneuron; astrocyte; endothelial cell; lamp5 GABAergic cortical interneuron; microglial cell; oligodendrocyte; oligodendrocyte precursor cell; pericyte; sst GABAergic cortical interneuron; vascular leptomeningeal cell
5c97eeeb-7e52-44b3-b010-b832b1f5424c,10x 3' v3,dorsolateral prefrontal cortex,bipolar I disorder || bulimia nervosa,bipolar disorder,False,12,26849,4,2,2,GABAergic neuron; L2/3 intratelencephalic projecting glutamatergic neuron; L2/3-6 intratelencephalic projecting glutamatergic neuron; VIP GABAergic cortical interneuron; astrocyte; endothelial cell; lamp5 GABAergic cortical interneuron; microglial cell; oligodendrocyte; oligodendrocyte precursor cell; pericyte; sst GABAergic cortical interneuron
e51bae9a-c747-4b64-904a-4da7cda218ab,10x 3' v3,islet of Langerhans,prediabetes syndrome,type 2 diabetes mellitus,False,11,123302,23,13,10,Schwann cell; endothelial cell; leukocyte; mast cell; pancreatic A cell; pancreatic D cell; pancreatic PP cell; pancreatic acinar cell; pancreatic ductal cell; pancreatic stellate cell; type B pancreatic cell
5c97eeeb-7e52-44b3-b010-b832b1f5424c,10x 3' v3,dorsolateral prefrontal cortex,bipolar I disorder || anorexia nervosa,bipolar I disorder || bulimia nervosa,False,11,26768,5,3,2,L2/3 intratelencephalic projecting glutamatergic neuron; L2/3-6 intratelencephalic projecting glutamatergic neuron; VIP GABAergic cortical interneuron; astrocyte; endothelial cell; lamp5 GABAergic cortical interneuron; microglial cell; oligodendrocyte; oligodendrocyte precursor cell; pericyte; sst GABAergic cortical interneuron
0bf30b02-db97-4560-b9cd-0fe3588892af,10x 5' v2,cerebrospinal fluid,brain cancer,lymphoma,False,7,35261,10,5,5,"B cell; CD4-positive, alpha-beta T cell; CD8-positive, alpha-beta T cell; dendritic cell, human; macrophage; monocyte; natural killer cell"
0bf30b02-db97-4560-b9cd-0fe3588892af,10x 5' v2,cerebrospinal fluid,inflammatory disease,lymphoma,False,7,46891,9,4,5,"B cell; CD4-positive, alpha-beta T cell; CD8-positive, alpha-beta T cell; dendritic cell, human; macrophage; monocyte; natural killer cell"
0bf30b02-db97-4560-b9cd-0fe3588892af,10x 5' v2,cerebrospinal fluid,brain cancer,inflammatory disease,False,7,45464,9,5,4,"B cell; CD4-positive, alpha-beta T cell; CD8-positive, alpha-beta T cell; dendritic cell, human; macrophage; monocyte; natural killer cell"
0bf30b02-db97-4560-b9cd-0fe3588892af,10x 5' v2,cerebrospinal fluid,glioblastoma,lymphoma,False,7,27231,7,2,5,"B cell; CD4-positive, alpha-beta T cell; CD8-positive, alpha-beta T cell; dendritic cell, human; macrophage; monocyte; natural killer cell"
0bf30b02-db97-4560-b9cd-0fe3588892af,10x 5' v2,cerebrospinal fluid,brain cancer,glioblastoma,False,7,25804,7,5,2,"B cell; CD4-positive, alpha-beta T cell; CD8-positive, alpha-beta T cell; dendritic cell, human; macrophage; monocyte; natural killer cell"
0bf30b02-db97-4560-b9cd-0fe3588892af,10x 5' v2,cerebrospinal fluid,glioblastoma,inflammatory disease,False,7,37434,6,2,4,"B cell; CD4-positive, alpha-beta T cell; CD8-positive, alpha-beta T cell; dendritic cell, human; macrophage; monocyte; natural killer cell"
