cohort,dataset_id,repeat,seed,model,n_cells,n_cell_types,identity_ba_minus_chance,identity_purity_macro,state_balanced_accuracy,state_accuracy,donor_bras_conditional,residual_donor_invariance,local_donor_mixing
Kidney,867757c1-3b1a-49d9-a0cd-17767eb160cc,0,42,scvi,520,13,0.676923076923077,0.6138461538461538,0.5865384615384616,0.5865384615384616,0.7597312927246094,0.9221749866751431,0.8740192307692307
Kidney,867757c1-3b1a-49d9-a0cd-17767eb160cc,0,42,geneformer,520,13,0.7288461538461539,0.6280769230769231,0.5557692307692308,0.5557692307692308,0.7883650660514832,0.9412827668077355,0.8869038461538461
Kidney,867757c1-3b1a-49d9-a0cd-17767eb160cc,0,42,scgpt,520,13,0.7211538461538463,0.7034615384615385,0.573076923076923,0.573076923076923,0.7828013300895691,0.923456113396024,0.8610384615384616
Kidney,867757c1-3b1a-49d9-a0cd-17767eb160cc,0,42,cellplm,520,13,0.5576923076923077,0.49500000000000005,0.5615384615384614,0.5615384615384614,0.5355567336082458,0.9413852133556551,0.9112884615384615
Kidney,867757c1-3b1a-49d9-a0cd-17767eb160cc,0,42,scprint,520,13,0.2711538461538462,0.2551923076923077,0.5538461538461539,0.5538461538461539,0.8275927901268005,0.9446221234231863,0.8744807692307692
Kidney,867757c1-3b1a-49d9-a0cd-17767eb160cc,0,42,sctrilemma,520,13,0.7307692307692306,0.6782692307692307,0.6115384615384616,0.6115384615384616,0.9072304368019104,0.9683064266586495,0.8611346153846153
Kidney,867757c1-3b1a-49d9-a0cd-17767eb160cc,1,43,scvi,520,13,0.6846153846153846,0.6263461538461539,0.5846153846153846,0.5846153846153846,0.7659819722175598,0.9165649382025334,0.8523846153846153
Kidney,867757c1-3b1a-49d9-a0cd-17767eb160cc,1,43,geneformer,520,13,0.7288461538461539,0.6234615384615385,0.5365384615384615,0.5365384615384615,0.811272382736206,0.9449432426750939,0.8777499999999999
Kidney,867757c1-3b1a-49d9-a0cd-17767eb160cc,1,43,scgpt,520,13,0.7269230769230768,0.7023076923076923,0.5788461538461538,0.5788461538461539,0.7670265436172485,0.9037172901816988,0.8378461538461538
Kidney,867757c1-3b1a-49d9-a0cd-17767eb160cc,1,43,cellplm,520,13,0.5403846153846155,0.49134615384615377,0.5403846153846154,0.5403846153846154,0.5843201279640198,0.9508827989466808,0.9073653846153845
Kidney,867757c1-3b1a-49d9-a0cd-17767eb160cc,1,43,scprint,520,13,0.27499999999999997,0.2375,0.48076923076923084,0.48076923076923084,0.8255595564842224,0.9460222980671126,0.8622307692307692
Kidney,867757c1-3b1a-49d9-a0cd-17767eb160cc,1,43,sctrilemma,520,13,0.7538461538461538,0.6738461538461538,0.5826923076923077,0.5826923076923077,0.9109033346176147,0.9659050212396703,0.832903846153846
Kidney,867757c1-3b1a-49d9-a0cd-17767eb160cc,2,44,scvi,520,13,0.6826923076923077,0.6298076923076922,0.5942307692307692,0.5942307692307692,0.7460111379623413,0.9291994544633466,0.8797692307692307
Kidney,867757c1-3b1a-49d9-a0cd-17767eb160cc,2,44,geneformer,520,13,0.7519230769230769,0.6278846153846154,0.5538461538461538,0.5538461538461538,0.8038018345832825,0.9486565802096915,0.889173076923077
Kidney,867757c1-3b1a-49d9-a0cd-17767eb160cc,2,44,scgpt,520,13,0.7115384615384617,0.7071153846153846,0.5365384615384615,0.5365384615384615,0.7530574798583984,0.9139811531165203,0.854923076923077
Kidney,867757c1-3b1a-49d9-a0cd-17767eb160cc,2,44,cellplm,520,13,0.5480769230769231,0.4886538461538461,0.5538461538461538,0.5538461538461538,0.6160538792610168,0.9592225012709836,0.9099230769230768
Kidney,867757c1-3b1a-49d9-a0cd-17767eb160cc,2,44,scprint,520,13,0.2807692307692308,0.2425,0.5076923076923078,0.5076923076923078,0.8450409770011902,0.9477540060049803,0.8820576923076923
Kidney,867757c1-3b1a-49d9-a0cd-17767eb160cc,2,44,sctrilemma,520,13,0.8115384615384615,0.6967307692307692,0.6134615384615384,0.6134615384615384,0.9189791083335876,0.9732079244879406,0.8825192307692309
Kidney,867757c1-3b1a-49d9-a0cd-17767eb160cc,3,45,scvi,520,13,0.6846153846153846,0.628076923076923,0.6000000000000001,0.6000000000000001,0.7570796608924866,0.9322046670920989,0.8922884615384615
Kidney,867757c1-3b1a-49d9-a0cd-17767eb160cc,3,45,geneformer,520,13,0.7634615384615384,0.6353846153846153,0.5942307692307693,0.5942307692307693,0.7808668613433838,0.9463909228408882,0.8869807692307691
Kidney,867757c1-3b1a-49d9-a0cd-17767eb160cc,3,45,scgpt,520,13,0.7346153846153847,0.7234615384615384,0.5653846153846155,0.5653846153846155,0.7679694294929504,0.92807399371503,0.8690769230769231
Kidney,867757c1-3b1a-49d9-a0cd-17767eb160cc,3,45,cellplm,520,13,0.5769230769230769,0.5178846153846155,0.5653846153846154,0.5653846153846154,0.5966911315917969,0.9567128594146536,0.9197692307692308
Kidney,867757c1-3b1a-49d9-a0cd-17767eb160cc,3,45,scprint,520,13,0.3461538461538461,0.2848076923076923,0.5480769230769229,0.548076923076923,0.8384939432144165,0.9591403673835122,0.8978461538461538
Kidney,867757c1-3b1a-49d9-a0cd-17767eb160cc,3,45,sctrilemma,520,13,0.7538461538461538,0.686923076923077,0.5980769230769231,0.5980769230769231,0.9048189520835876,0.9683586549484152,0.861403846153846
Kidney,867757c1-3b1a-49d9-a0cd-17767eb160cc,4,46,scvi,520,13,0.6423076923076925,0.6019230769230769,0.5634615384615385,0.5634615384615385,0.7563410997390747,0.918468497466702,0.8647884615384616
Kidney,867757c1-3b1a-49d9-a0cd-17767eb160cc,4,46,geneformer,520,13,0.7519230769230769,0.610576923076923,0.5653846153846154,0.5653846153846154,0.7987536787986755,0.93896604333938,0.8806923076923077
Kidney,867757c1-3b1a-49d9-a0cd-17767eb160cc,4,46,scgpt,520,13,0.7365384615384614,0.7126923076923076,0.6019230769230769,0.6019230769230769,0.7566306591033936,0.9154370181299598,0.8507115384615385
Kidney,867757c1-3b1a-49d9-a0cd-17767eb160cc,4,46,cellplm,520,13,0.5538461538461539,0.4896153846153846,0.5153846153846153,0.5153846153846153,0.6372860670089722,0.95561548477127,0.9064423076923078
Kidney,867757c1-3b1a-49d9-a0cd-17767eb160cc,4,46,scprint,520,13,0.2923076923076923,0.2544230769230769,0.5403846153846154,0.5403846153846155,0.8113977909088135,0.9450452438361545,0.8885384615384614
Kidney,867757c1-3b1a-49d9-a0cd-17767eb160cc,4,46,sctrilemma,520,13,0.7519230769230769,0.680576923076923,0.5807692307692307,0.5807692307692307,0.9062415361404419,0.969086636087056,0.8632307692307692
Kidney,867757c1-3b1a-49d9-a0cd-17767eb160cc,5,47,scvi,520,13,0.6730769230769231,0.6246153846153846,0.5923076923076924,0.5923076923076923,0.7632513642311096,0.9350192516999809,0.8916538461538461
Kidney,867757c1-3b1a-49d9-a0cd-17767eb160cc,5,47,geneformer,520,13,0.7096153846153845,0.6269230769230769,0.6038461538461538,0.6038461538461538,0.8220126628875732,0.9541497906948581,0.9050961538461538
Kidney,867757c1-3b1a-49d9-a0cd-17767eb160cc,5,47,scgpt,520,13,0.7461538461538462,0.7063461538461538,0.5634615384615385,0.5634615384615385,0.7853440046310425,0.9346019452498965,0.887173076923077
Kidney,867757c1-3b1a-49d9-a0cd-17767eb160cc,5,47,cellplm,520,13,0.5365384615384614,0.4938461538461538,0.5826923076923077,0.5826923076923077,0.6300642490386963,0.9605328218933207,0.9427307692307694
Kidney,867757c1-3b1a-49d9-a0cd-17767eb160cc,5,47,scprint,520,13,0.3346153846153846,0.27903846153846157,0.6019230769230769,0.6019230769230769,0.8498916029930115,0.9617131683645748,0.9057115384615384
Kidney,867757c1-3b1a-49d9-a0cd-17767eb160cc,5,47,sctrilemma,520,13,0.7307692307692306,0.6665384615384615,0.5884615384615386,0.5884615384615386,0.9158180952072144,0.971101220953157,0.8649615384615387
Kidney,867757c1-3b1a-49d9-a0cd-17767eb160cc,6,48,scvi,520,13,0.651923076923077,0.6051923076923077,0.5423076923076922,0.5423076923076923,0.739058256149292,0.9165043418207841,0.853923076923077
Kidney,867757c1-3b1a-49d9-a0cd-17767eb160cc,6,48,geneformer,520,13,0.7576923076923077,0.6323076923076923,0.6134615384615384,0.6134615384615384,0.8062570095062256,0.9452221695355433,0.8839807692307692
Kidney,867757c1-3b1a-49d9-a0cd-17767eb160cc,6,48,scgpt,520,13,0.7326923076923078,0.7092307692307693,0.5980769230769231,0.5980769230769231,0.7726506590843201,0.9314636193104127,0.8692692307692307
Kidney,867757c1-3b1a-49d9-a0cd-17767eb160cc,6,48,cellplm,520,13,0.5769230769230769,0.4886538461538461,0.5403846153846154,0.5403846153846152,0.6100659966468811,0.9661687868735925,0.9319423076923076
Kidney,867757c1-3b1a-49d9-a0cd-17767eb160cc,6,48,scprint,520,13,0.3153846153846153,0.2717307692307692,0.5173076923076924,0.5173076923076924,0.8287916779518127,0.9545685214395258,0.8943846153846156
Kidney,867757c1-3b1a-49d9-a0cd-17767eb160cc,6,48,sctrilemma,520,13,0.7615384615384615,0.6651923076923076,0.5923076923076923,0.5923076923076923,0.905957818031311,0.9691899707963735,0.8589423076923078
Kidney,867757c1-3b1a-49d9-a0cd-17767eb160cc,7,49,scvi,520,13,0.6826923076923077,0.6228846153846154,0.5923076923076922,0.5923076923076922,0.7411674857139587,0.9279675504023699,0.8783269230769231
Kidney,867757c1-3b1a-49d9-a0cd-17767eb160cc,7,49,geneformer,520,13,0.7519230769230769,0.641923076923077,0.6384615384615385,0.6384615384615385,0.8247989416122437,0.9578038765330787,0.910923076923077
Kidney,867757c1-3b1a-49d9-a0cd-17767eb160cc,7,49,scgpt,520,13,0.7538461538461538,0.7178846153846155,0.6057692307692307,0.6057692307692307,0.7648360729217529,0.9345854023201543,0.8829807692307692
Kidney,867757c1-3b1a-49d9-a0cd-17767eb160cc,7,49,cellplm,520,13,0.5923076923076922,0.5086538461538461,0.5980769230769231,0.5980769230769232,0.5734633803367615,0.9558486965242547,0.9266538461538462
Kidney,867757c1-3b1a-49d9-a0cd-17767eb160cc,7,49,scprint,520,13,0.3326923076923077,0.27557692307692305,0.5615384615384615,0.5615384615384615,0.8445411324501038,0.9614329301592576,0.9131153846153846
Kidney,867757c1-3b1a-49d9-a0cd-17767eb160cc,7,49,sctrilemma,520,13,0.7519230769230769,0.6855769230769231,0.6557692307692308,0.6557692307692309,0.917551577091217,0.9716828778269772,0.8666153846153845
Kidney,867757c1-3b1a-49d9-a0cd-17767eb160cc,8,50,scvi,520,13,0.6423076923076922,0.6157692307692308,0.5846153846153845,0.5846153846153846,0.7636318802833557,0.935025319588108,0.8933846153846154
Kidney,867757c1-3b1a-49d9-a0cd-17767eb160cc,8,50,geneformer,520,13,0.7249999999999999,0.6261538461538462,0.5769230769230769,0.5769230769230769,0.7939876914024353,0.9545026021288019,0.9052500000000001
Kidney,867757c1-3b1a-49d9-a0cd-17767eb160cc,8,50,scgpt,520,13,0.7634615384615384,0.7140384615384616,0.5865384615384616,0.5865384615384616,0.788916289806366,0.9345109424994031,0.8848076923076924
Kidney,867757c1-3b1a-49d9-a0cd-17767eb160cc,8,50,cellplm,520,13,0.5326923076923078,0.4859615384615385,0.5365384615384615,0.5365384615384615,0.6214233636856079,0.974327677706863,0.924653846153846
Kidney,867757c1-3b1a-49d9-a0cd-17767eb160cc,8,50,scprint,520,13,0.2865384615384616,0.2588461538461539,0.4807692307692308,0.4807692307692308,0.8080376982688904,0.9542232558525099,0.8858846153846154
Kidney,867757c1-3b1a-49d9-a0cd-17767eb160cc,8,50,sctrilemma,520,13,0.7423076923076921,0.6773076923076924,0.6115384615384615,0.6115384615384615,0.9088194370269775,0.9745721056992072,0.8819615384615382
Kidney,867757c1-3b1a-49d9-a0cd-17767eb160cc,9,51,scvi,520,13,0.6576923076923078,0.6098076923076923,0.5653846153846154,0.5653846153846154,0.7303838133811951,0.9121714220775983,0.8531153846153846
Kidney,867757c1-3b1a-49d9-a0cd-17767eb160cc,9,51,geneformer,520,13,0.7211538461538463,0.6213461538461538,0.5269230769230769,0.5269230769230769,0.7957664728164673,0.9436124005752536,0.8871538461538461
Kidney,867757c1-3b1a-49d9-a0cd-17767eb160cc,9,51,scgpt,520,13,0.7249999999999999,0.7044230769230769,0.5057692307692307,0.5057692307692307,0.7580057978630066,0.9157253640923902,0.8479807692307694
Kidney,867757c1-3b1a-49d9-a0cd-17767eb160cc,9,51,cellplm,520,13,0.5307692307692309,0.5063461538461538,0.528846153846154,0.528846153846154,0.5866318345069885,0.9430966798673522,0.9039999999999999
Kidney,867757c1-3b1a-49d9-a0cd-17767eb160cc,9,51,scprint,520,13,0.3249999999999999,0.25923076923076926,0.49038461538461536,0.49038461538461536,0.8321422338485718,0.9479595344383521,0.8758461538461538
Kidney,867757c1-3b1a-49d9-a0cd-17767eb160cc,9,51,sctrilemma,520,13,0.7634615384615384,0.6857692307692309,0.6096153846153847,0.6096153846153847,0.9117618799209595,0.969211767443379,0.8693653846153846
Kidney,867757c1-3b1a-49d9-a0cd-17767eb160cc,10,52,scvi,520,13,0.6749999999999998,0.6325000000000001,0.596153846153846,0.596153846153846,0.745354413986206,0.9223810039506944,0.872826923076923
Kidney,867757c1-3b1a-49d9-a0cd-17767eb160cc,10,52,geneformer,520,13,0.7749999999999999,0.6373076923076922,0.573076923076923,0.573076923076923,0.7996748685836792,0.9499054211691211,0.9145769230769231
Kidney,867757c1-3b1a-49d9-a0cd-17767eb160cc,10,52,scgpt,520,13,0.755769230769231,0.7328846153846152,0.5942307692307692,0.5942307692307692,0.7779346704483032,0.9365344813307653,0.8710000000000002
Kidney,867757c1-3b1a-49d9-a0cd-17767eb160cc,10,52,cellplm,520,13,0.5750000000000002,0.510576923076923,0.6076923076923078,0.6076923076923076,0.6333390474319458,0.9686629748750966,0.9351346153846153
Kidney,867757c1-3b1a-49d9-a0cd-17767eb160cc,10,52,scprint,520,13,0.3211538461538462,0.26711538461538464,0.5153846153846154,0.5153846153846154,0.8322234749794006,0.950962752449777,0.8845961538461538
Kidney,867757c1-3b1a-49d9-a0cd-17767eb160cc,10,52,sctrilemma,520,13,0.7865384615384614,0.6867307692307691,0.6115384615384616,0.6115384615384616,0.907051682472229,0.9724679505557606,0.8794038461538461
Kidney,867757c1-3b1a-49d9-a0cd-17767eb160cc,11,53,scvi,520,13,0.6634615384615385,0.6025,0.5384615384615384,0.5384615384615384,0.7399234771728516,0.9149386052633265,0.8607692307692307
Kidney,867757c1-3b1a-49d9-a0cd-17767eb160cc,11,53,geneformer,520,13,0.7826923076923076,0.6619230769230768,0.6096153846153846,0.6096153846153846,0.8268190622329712,0.957235450469128,0.9111153846153844
Kidney,867757c1-3b1a-49d9-a0cd-17767eb160cc,11,53,scgpt,520,13,0.7365384615384616,0.713076923076923,0.5653846153846154,0.5653846153846154,0.7631718516349792,0.922511222942098,0.8543846153846153
Kidney,867757c1-3b1a-49d9-a0cd-17767eb160cc,11,53,cellplm,520,13,0.5576923076923077,0.4903846153846154,0.551923076923077,0.5519230769230768,0.6619578003883362,0.966840076398772,0.9152307692307692
Kidney,867757c1-3b1a-49d9-a0cd-17767eb160cc,11,53,scprint,520,13,0.3346153846153846,0.2736538461538462,0.5903846153846154,0.5903846153846154,0.8514063358306885,0.9593319685444889,0.9007884615384616
Kidney,867757c1-3b1a-49d9-a0cd-17767eb160cc,11,53,sctrilemma,520,13,0.7788461538461537,0.6919230769230769,0.6480769230769231,0.648076923076923,0.9262685179710388,0.9766733693014013,0.8979423076923078
Kidney,867757c1-3b1a-49d9-a0cd-17767eb160cc,12,54,scvi,520,13,0.6826923076923077,0.6109615384615383,0.5826923076923076,0.5826923076923076,0.7475202083587646,0.917670446822373,0.8587692307692307
Kidney,867757c1-3b1a-49d9-a0cd-17767eb160cc,12,54,geneformer,520,13,0.7423076923076923,0.6321153846153845,0.625,0.625,0.7938985228538513,0.9441876328182012,0.8930192307692306
Kidney,867757c1-3b1a-49d9-a0cd-17767eb160cc,12,54,scgpt,520,13,0.7403846153846154,0.7121153846153847,0.6096153846153846,0.6096153846153847,0.7920157313346863,0.9278404194273548,0.8835192307692309
Kidney,867757c1-3b1a-49d9-a0cd-17767eb160cc,12,54,cellplm,520,13,0.5250000000000001,0.4915384615384615,0.5307692307692309,0.5307692307692309,0.5849650502204895,0.9529032012256998,0.9150384615384616
Kidney,867757c1-3b1a-49d9-a0cd-17767eb160cc,12,54,scprint,520,13,0.29615384615384616,0.23961538461538465,0.525,0.525,0.8197234272956848,0.9432376962470306,0.8696346153846155
Kidney,867757c1-3b1a-49d9-a0cd-17767eb160cc,12,54,sctrilemma,520,13,0.7750000000000001,0.6821153846153845,0.6115384615384615,0.6115384615384615,0.9117695093154907,0.971348849789891,0.8726538461538461
Kidney,867757c1-3b1a-49d9-a0cd-17767eb160cc,13,55,scvi,520,13,0.676923076923077,0.6311538461538461,0.5557692307692308,0.5557692307692308,0.7477641701698303,0.9063442286140441,0.84325
Kidney,867757c1-3b1a-49d9-a0cd-17767eb160cc,13,55,geneformer,520,13,0.7538461538461538,0.6440384615384614,0.5865384615384616,0.5865384615384616,0.799444317817688,0.9435872079392393,0.8811346153846155
Kidney,867757c1-3b1a-49d9-a0cd-17767eb160cc,13,55,scgpt,520,13,0.7403846153846154,0.7271153846153846,0.5557692307692308,0.5557692307692308,0.7728967666625977,0.9238277650071559,0.8630576923076922
Kidney,867757c1-3b1a-49d9-a0cd-17767eb160cc,13,55,cellplm,520,13,0.55,0.4951923076923076,0.5115384615384615,0.5115384615384615,0.604136049747467,0.9472230511467228,0.91625
Kidney,867757c1-3b1a-49d9-a0cd-17767eb160cc,13,55,scprint,520,13,0.3326923076923077,0.26692307692307693,0.548076923076923,0.548076923076923,0.816078782081604,0.9395747357994503,0.8619423076923076
Kidney,867757c1-3b1a-49d9-a0cd-17767eb160cc,13,55,sctrilemma,520,13,0.796153846153846,0.7051923076923077,0.6134615384615384,0.6134615384615384,0.9133597016334534,0.9717484722103354,0.868076923076923
Kidney,867757c1-3b1a-49d9-a0cd-17767eb160cc,14,56,scvi,520,13,0.6961538461538461,0.6365384615384615,0.5269230769230769,0.5269230769230769,0.7466962337493896,0.9253958144787111,0.8830576923076923
Kidney,867757c1-3b1a-49d9-a0cd-17767eb160cc,14,56,geneformer,520,13,0.7480769230769233,0.6415384615384615,0.5865384615384616,0.5865384615384616,0.7900367975234985,0.9376034109211682,0.8797692307692307
Kidney,867757c1-3b1a-49d9-a0cd-17767eb160cc,14,56,scgpt,520,13,0.755769230769231,0.7251923076923077,0.5461538461538461,0.5461538461538461,0.7644764184951782,0.9092559426747686,0.8482500000000001
Kidney,867757c1-3b1a-49d9-a0cd-17767eb160cc,14,56,cellplm,520,13,0.5923076923076924,0.5226923076923078,0.5423076923076924,0.5423076923076923,0.6674676537513733,0.9508501424630275,0.9130384615384616
Kidney,867757c1-3b1a-49d9-a0cd-17767eb160cc,14,56,scprint,520,13,0.3211538461538462,0.26038461538461544,0.5653846153846154,0.5653846153846154,0.8331169486045837,0.9445183695743289,0.8747499999999998
Kidney,867757c1-3b1a-49d9-a0cd-17767eb160cc,14,56,sctrilemma,520,13,0.773076923076923,0.6934615384615385,0.5980769230769231,0.5980769230769231,0.9132959842681885,0.9714032445608791,0.871903846153846
Kidney,867757c1-3b1a-49d9-a0cd-17767eb160cc,15,57,scvi,520,13,0.6826923076923077,0.6221153846153846,0.601923076923077,0.6019230769230769,0.7376205921173096,0.9339164898706774,0.8884615384615385
Kidney,867757c1-3b1a-49d9-a0cd-17767eb160cc,15,57,geneformer,520,13,0.7615384615384615,0.6363461538461539,0.6307692307692309,0.6307692307692307,0.8075751066207886,0.9550669663460803,0.8966730769230769
Kidney,867757c1-3b1a-49d9-a0cd-17767eb160cc,15,57,scgpt,520,13,0.7307692307692308,0.700576923076923,0.5826923076923077,0.5826923076923077,0.7854365706443787,0.9409774760352276,0.8851538461538463
Kidney,867757c1-3b1a-49d9-a0cd-17767eb160cc,15,57,cellplm,520,13,0.5442307692307693,0.48423076923076924,0.5192307692307692,0.5192307692307692,0.6267960667610168,0.9699474046236815,0.925826923076923
Kidney,867757c1-3b1a-49d9-a0cd-17767eb160cc,15,57,scprint,520,13,0.3269230769230769,0.26596153846153847,0.5442307692307692,0.5442307692307693,0.8356943130493164,0.9548004686972824,0.8829615384615384
Kidney,867757c1-3b1a-49d9-a0cd-17767eb160cc,15,57,sctrilemma,520,13,0.7519230769230769,0.6673076923076924,0.6019230769230769,0.6019230769230769,0.9136566519737244,0.9718025296699795,0.8720961538461538
Kidney,867757c1-3b1a-49d9-a0cd-17767eb160cc,16,58,scvi,520,13,0.6634615384615385,0.628076923076923,0.5269230769230769,0.5269230769230769,0.7091912627220154,0.9151246962878117,0.8625
Kidney,867757c1-3b1a-49d9-a0cd-17767eb160cc,16,58,geneformer,520,13,0.7576923076923077,0.638076923076923,0.5499999999999999,0.55,0.7923940420150757,0.9499824040548495,0.9020576923076924
Kidney,867757c1-3b1a-49d9-a0cd-17767eb160cc,16,58,scgpt,520,13,0.7673076923076922,0.7359615384615384,0.5442307692307692,0.5442307692307692,0.7765522003173828,0.9365958144503507,0.8933846153846153
Kidney,867757c1-3b1a-49d9-a0cd-17767eb160cc,16,58,cellplm,520,13,0.5576923076923077,0.5044230769230769,0.5153846153846153,0.5153846153846153,0.5150759220123291,0.9537958524735438,0.9061923076923077
Kidney,867757c1-3b1a-49d9-a0cd-17767eb160cc,16,58,scprint,520,13,0.3346153846153846,0.27692307692307694,0.4961538461538461,0.4961538461538461,0.8429470658302307,0.9560993953149257,0.9048076923076921
Kidney,867757c1-3b1a-49d9-a0cd-17767eb160cc,16,58,sctrilemma,520,13,0.7634615384615386,0.6911538461538462,0.5826923076923077,0.5826923076923077,0.9025560617446899,0.9718616703056763,0.8727307692307692
Kidney,867757c1-3b1a-49d9-a0cd-17767eb160cc,17,59,scvi,520,13,0.6673076923076924,0.6307692307692307,0.5403846153846154,0.5403846153846154,0.7437295317649841,0.9294785826915778,0.8885576923076923
Kidney,867757c1-3b1a-49d9-a0cd-17767eb160cc,17,59,geneformer,520,13,0.773076923076923,0.6573076923076924,0.5769230769230769,0.5769230769230769,0.7984708547592163,0.9600221714987767,0.9124615384615383
Kidney,867757c1-3b1a-49d9-a0cd-17767eb160cc,17,59,scgpt,520,13,0.7788461538461537,0.7449999999999999,0.5750000000000001,0.5750000000000001,0.7942937016487122,0.9442042782814017,0.90325
Kidney,867757c1-3b1a-49d9-a0cd-17767eb160cc,17,59,cellplm,520,13,0.5711538461538461,0.5201923076923076,0.5211538461538461,0.5211538461538461,0.5342671275138855,0.9545037843111527,0.9238846153846154
Kidney,867757c1-3b1a-49d9-a0cd-17767eb160cc,17,59,scprint,520,13,0.34615384615384615,0.2875,0.5576923076923076,0.5576923076923076,0.839358925819397,0.9589867345798444,0.8911153846153846
Kidney,867757c1-3b1a-49d9-a0cd-17767eb160cc,17,59,sctrilemma,520,13,0.7903846153846155,0.7098076923076924,0.6019230769230769,0.6019230769230769,0.9130628108978271,0.972839364047278,0.8769230769230769
Kidney,867757c1-3b1a-49d9-a0cd-17767eb160cc,18,60,scvi,520,13,0.6692307692307693,0.6201923076923077,0.6615384615384616,0.6615384615384616,0.7742613554000854,0.929771384767068,0.8815192307692308
Kidney,867757c1-3b1a-49d9-a0cd-17767eb160cc,18,60,geneformer,520,13,0.7442307692307693,0.6178846153846154,0.6403846153846154,0.6403846153846154,0.8333770036697388,0.9605835386888741,0.9250000000000002
Kidney,867757c1-3b1a-49d9-a0cd-17767eb160cc,18,60,scgpt,520,13,0.7326923076923078,0.7038461538461538,0.5942307692307692,0.5942307692307692,0.7831480503082275,0.9201661130703964,0.8467115384615386
Kidney,867757c1-3b1a-49d9-a0cd-17767eb160cc,18,60,cellplm,520,13,0.5269230769230768,0.48846153846153845,0.6173076923076922,0.6173076923076922,0.6394333243370056,0.9655801429074576,0.9148653846153846
Kidney,867757c1-3b1a-49d9-a0cd-17767eb160cc,18,60,scprint,520,13,0.325,0.27057692307692305,0.5673076923076923,0.5673076923076923,0.8438425660133362,0.9558543877999457,0.8996923076923076
Kidney,867757c1-3b1a-49d9-a0cd-17767eb160cc,18,60,sctrilemma,520,13,0.7865384615384616,0.6807692307692308,0.6403846153846154,0.6403846153846154,0.9248179793357849,0.9762329684435795,0.8898076923076921
Kidney,867757c1-3b1a-49d9-a0cd-17767eb160cc,19,61,scvi,520,13,0.7192307692307691,0.6565384615384615,0.5461538461538462,0.5461538461538462,0.7365601062774658,0.9169379660805065,0.8599423076923078
Kidney,867757c1-3b1a-49d9-a0cd-17767eb160cc,19,61,geneformer,520,13,0.753846153846154,0.644423076923077,0.6057692307692307,0.6057692307692307,0.7992516160011292,0.9442097588319098,0.8827884615384616
Kidney,867757c1-3b1a-49d9-a0cd-17767eb160cc,19,61,scgpt,520,13,0.7653846153846153,0.7226923076923076,0.5576923076923077,0.5576923076923077,0.7694365382194519,0.9177080609413572,0.8665384615384616
Kidney,867757c1-3b1a-49d9-a0cd-17767eb160cc,19,61,cellplm,520,13,0.5807692307692309,0.5044230769230769,0.523076923076923,0.523076923076923,0.6464051008224487,0.9598170946679758,0.9231730769230768
Kidney,867757c1-3b1a-49d9-a0cd-17767eb160cc,19,61,scprint,520,13,0.3326923076923077,0.2778846153846154,0.5442307692307692,0.5442307692307692,0.8419975638389587,0.952327847949508,0.8826923076923077
Kidney,867757c1-3b1a-49d9-a0cd-17767eb160cc,19,61,sctrilemma,520,13,0.7807692307692307,0.6926923076923077,0.6384615384615384,0.6384615384615384,0.9090595245361328,0.9683053447503712,0.8554807692307692
Liver,e3ed2ba4-edf5-40ac-8750-8a417ad1eefe,0,42,scvi,440,11,0.7886363636363637,0.7854545454545456,0.6272727272727273,0.6272727272727273,0.7258182168006897,0.9248033832631362,0.8759545454545453
Liver,e3ed2ba4-edf5-40ac-8750-8a417ad1eefe,0,42,geneformer,440,11,0.7022727272727273,0.6111363636363636,0.6022727272727273,0.6022727272727273,0.7682741284370422,0.9306000414869754,0.8480000000000001
Liver,e3ed2ba4-edf5-40ac-8750-8a417ad1eefe,0,42,scgpt,440,11,0.7931818181818182,0.749090909090909,0.565909090909091,0.565909090909091,0.740905225276947,0.9222586303081369,0.8605227272727273
Liver,e3ed2ba4-edf5-40ac-8750-8a417ad1eefe,0,42,cellplm,440,11,0.8068181818181818,0.8427272727272728,0.6227272727272727,0.6227272727272727,0.5626117587089539,0.8924753637109516,0.8637727272727272
Liver,e3ed2ba4-edf5-40ac-8750-8a417ad1eefe,0,42,scprint,440,11,0.6022727272727272,0.520909090909091,0.5499999999999999,0.5499999999999999,0.7789230346679688,0.9014099377561462,0.7441363636363636
Liver,e3ed2ba4-edf5-40ac-8750-8a417ad1eefe,0,42,sctrilemma,440,11,0.7772727272727272,0.7320454545454546,0.6340909090909093,0.6340909090909093,0.8525397777557373,0.9479951670996233,0.8485227272727273
Liver,e3ed2ba4-edf5-40ac-8750-8a417ad1eefe,1,43,scvi,440,11,0.7999999999999999,0.7597727272727273,0.5318181818181817,0.5318181818181817,0.7428186535835266,0.92172600200373,0.9028409090909093
Liver,e3ed2ba4-edf5-40ac-8750-8a417ad1eefe,1,43,geneformer,440,11,0.740909090909091,0.6375,0.5386363636363637,0.5386363636363637,0.7625057697296143,0.9264693905173236,0.859659090909091
Liver,e3ed2ba4-edf5-40ac-8750-8a417ad1eefe,1,43,scgpt,440,11,0.7977272727272726,0.7581818181818182,0.5750000000000001,0.5750000000000001,0.7697250247001648,0.9167723687289652,0.8642954545454544
Liver,e3ed2ba4-edf5-40ac-8750-8a417ad1eefe,1,43,cellplm,440,11,0.8272727272727273,0.8418181818181818,0.5977272727272728,0.5977272727272728,0.682970404624939,0.9327680205165231,0.9170909090909088
Liver,e3ed2ba4-edf5-40ac-8750-8a417ad1eefe,1,43,scprint,440,11,0.6113636363636363,0.5111363636363636,0.515909090909091,0.5159090909090909,0.7607236504554749,0.8895748733253659,0.7375454545454546
Liver,e3ed2ba4-edf5-40ac-8750-8a417ad1eefe,1,43,sctrilemma,440,11,0.7954545454545455,0.7311363636363636,0.5931818181818183,0.5931818181818183,0.8542069792747498,0.9449977395872562,0.8390227272727272
Liver,e3ed2ba4-edf5-40ac-8750-8a417ad1eefe,2,44,scvi,440,11,0.7818181818181819,0.759090909090909,0.5613636363636364,0.5613636363636364,0.7368884682655334,0.9193284853420512,0.8613863636363636
Liver,e3ed2ba4-edf5-40ac-8750-8a417ad1eefe,2,44,geneformer,440,11,0.675,0.6068181818181819,0.5477272727272726,0.5477272727272727,0.7630909085273743,0.9425762619290227,0.8805909090909091
Liver,e3ed2ba4-edf5-40ac-8750-8a417ad1eefe,2,44,scgpt,440,11,0.7477272727272727,0.7277272727272728,0.540909090909091,0.540909090909091,0.7568410634994507,0.9228468054671864,0.8535
Liver,e3ed2ba4-edf5-40ac-8750-8a417ad1eefe,2,44,cellplm,440,11,0.7954545454545454,0.8245454545454546,0.5136363636363637,0.5136363636363637,0.6347202658653259,0.9070884930542629,0.8462727272727274
Liver,e3ed2ba4-edf5-40ac-8750-8a417ad1eefe,2,44,scprint,440,11,0.5681818181818181,0.4856818181818182,0.5045454545454545,0.5045454545454545,0.7752099633216858,0.9087259848888491,0.7648636363636364
Liver,e3ed2ba4-edf5-40ac-8750-8a417ad1eefe,2,44,sctrilemma,440,11,0.765909090909091,0.7100000000000001,0.575,0.575,0.8560740947723389,0.9543129803129445,0.8627727272727274
Liver,e3ed2ba4-edf5-40ac-8750-8a417ad1eefe,3,45,scvi,440,11,0.7704545454545455,0.7475,0.5613636363636364,0.5613636363636364,0.7024641036987305,0.9157103963514099,0.8618181818181818
Liver,e3ed2ba4-edf5-40ac-8750-8a417ad1eefe,3,45,geneformer,440,11,0.725,0.6245454545454545,0.5886363636363636,0.5886363636363636,0.7651832103729248,0.9353287146971281,0.8539318181818181
Liver,e3ed2ba4-edf5-40ac-8750-8a417ad1eefe,3,45,scgpt,440,11,0.7681818181818182,0.729318181818182,0.6000000000000001,0.6000000000000001,0.7602401375770569,0.9336836344173255,0.8721818181818182
Liver,e3ed2ba4-edf5-40ac-8750-8a417ad1eefe,3,45,cellplm,440,11,0.784090909090909,0.8095454545454546,0.5727272727272728,0.5727272727272728,0.5969155430793762,0.9011483594807796,0.8730454545454545
Liver,e3ed2ba4-edf5-40ac-8750-8a417ad1eefe,3,45,scprint,440,11,0.6681818181818181,0.5372727272727273,0.6204545454545454,0.6204545454545455,0.801837146282196,0.9214166930255915,0.8040454545454544
Liver,e3ed2ba4-edf5-40ac-8750-8a417ad1eefe,3,45,sctrilemma,440,11,0.775,0.7111363636363637,0.6181818181818182,0.6181818181818182,0.8520923256874084,0.9530547742621697,0.8308181818181818
Liver,e3ed2ba4-edf5-40ac-8750-8a417ad1eefe,4,46,scvi,440,11,0.8113636363636363,0.7797727272727272,0.6113636363636362,0.6113636363636362,0.7550605535507202,0.9301073318058832,0.869909090909091
Liver,e3ed2ba4-edf5-40ac-8750-8a417ad1eefe,4,46,geneformer,440,11,0.7227272727272728,0.6565909090909091,0.5704545454545454,0.5704545454545454,0.7977674603462219,0.9470234425891819,0.8774545454545456
Liver,e3ed2ba4-edf5-40ac-8750-8a417ad1eefe,4,46,scgpt,440,11,0.8022727272727271,0.771590909090909,0.6022727272727273,0.6022727272727273,0.7593929767608643,0.9308043236387679,0.8694772727272728
Liver,e3ed2ba4-edf5-40ac-8750-8a417ad1eefe,4,46,cellplm,440,11,0.7977272727272727,0.8354545454545454,0.5931818181818183,0.5931818181818183,0.6357057690620422,0.9454883017180493,0.9165681818181818
Liver,e3ed2ba4-edf5-40ac-8750-8a417ad1eefe,4,46,scprint,440,11,0.5931818181818181,0.5422727272727274,0.5727272727272728,0.5727272727272728,0.7865342497825623,0.9022087369454017,0.7353863636363634
Liver,e3ed2ba4-edf5-40ac-8750-8a417ad1eefe,4,46,sctrilemma,440,11,0.8045454545454543,0.7561363636363636,0.6295454545454545,0.6295454545454544,0.8819413781166077,0.9568787963593952,0.8480909090909091
Liver,e3ed2ba4-edf5-40ac-8750-8a417ad1eefe,5,47,scvi,440,11,0.7659090909090908,0.7390909090909091,0.5499999999999999,0.5499999999999999,0.7282722592353821,0.9085571615174174,0.8565227272727274
Liver,e3ed2ba4-edf5-40ac-8750-8a417ad1eefe,5,47,geneformer,440,11,0.6568181818181819,0.5975,0.5204545454545455,0.5204545454545454,0.7743597626686096,0.9216955079123887,0.8390227272727273
Liver,e3ed2ba4-edf5-40ac-8750-8a417ad1eefe,5,47,scgpt,440,11,0.7568181818181817,0.73,0.5272727272727273,0.5272727272727272,0.7566080093383789,0.9127845578676147,0.8555454545454544
Liver,e3ed2ba4-edf5-40ac-8750-8a417ad1eefe,5,47,cellplm,440,11,0.8113636363636362,0.8243181818181817,0.6204545454545454,0.6204545454545454,0.6603264808654785,0.9211744779633905,0.9001363636363635
Liver,e3ed2ba4-edf5-40ac-8750-8a417ad1eefe,5,47,scprint,440,11,0.6318181818181817,0.5375000000000001,0.6,0.6,0.8081657886505127,0.9164823077567759,0.7821363636363635
Liver,e3ed2ba4-edf5-40ac-8750-8a417ad1eefe,5,47,sctrilemma,440,11,0.7636363636363637,0.7070454545454546,0.5840909090909091,0.5840909090909091,0.8420718908309937,0.9332383135968706,0.8100909090909092
Liver,e3ed2ba4-edf5-40ac-8750-8a417ad1eefe,6,48,scvi,440,11,0.7909090909090909,0.7672727272727272,0.5886363636363636,0.5886363636363636,0.7207707762718201,0.9071107046351271,0.8396818181818181
Liver,e3ed2ba4-edf5-40ac-8750-8a417ad1eefe,6,48,geneformer,440,11,0.7522727272727273,0.6256818181818182,0.5840909090909091,0.5840909090909091,0.7694209814071655,0.9402506120499778,0.8710909090909091
Liver,e3ed2ba4-edf5-40ac-8750-8a417ad1eefe,6,48,scgpt,440,11,0.7863636363636364,0.7368181818181818,0.5909090909090908,0.5909090909090908,0.7484139800071716,0.9307573440573814,0.8667727272727273
Liver,e3ed2ba4-edf5-40ac-8750-8a417ad1eefe,6,48,cellplm,440,11,0.8090909090909091,0.8259090909090909,0.609090909090909,0.609090909090909,0.6579406261444092,0.9197471980881108,0.8682954545454543
Liver,e3ed2ba4-edf5-40ac-8750-8a417ad1eefe,6,48,scprint,440,11,0.6045454545454545,0.5202272727272728,0.609090909090909,0.609090909090909,0.7966257333755493,0.9155154791413359,0.7828863636363637
Liver,e3ed2ba4-edf5-40ac-8750-8a417ad1eefe,6,48,sctrilemma,440,11,0.7909090909090909,0.7231818181818181,0.6272727272727273,0.6272727272727272,0.8660535216331482,0.9476139351908688,0.8364318181818183
Liver,e3ed2ba4-edf5-40ac-8750-8a417ad1eefe,7,49,scvi,440,11,0.7545454545454545,0.7227272727272727,0.5795454545454545,0.5795454545454546,0.7628275156021118,0.9349002682908224,0.9019772727272728
Liver,e3ed2ba4-edf5-40ac-8750-8a417ad1eefe,7,49,geneformer,440,11,0.7090909090909091,0.6111363636363636,0.5431818181818182,0.5431818181818182,0.784852921962738,0.9421167052799385,0.8872954545454544
Liver,e3ed2ba4-edf5-40ac-8750-8a417ad1eefe,7,49,scgpt,440,11,0.8045454545454545,0.7475,0.5727272727272726,0.5727272727272726,0.7843707799911499,0.9451546365758503,0.8966818181818182
Liver,e3ed2ba4-edf5-40ac-8750-8a417ad1eefe,7,49,cellplm,440,11,0.7909090909090909,0.8106818181818183,0.5704545454545454,0.5704545454545454,0.6714831590652466,0.9319219039658979,0.8941136363636364
Liver,e3ed2ba4-edf5-40ac-8750-8a417ad1eefe,7,49,scprint,440,11,0.5931818181818181,0.5038636363636364,0.5636363636363637,0.5636363636363637,0.7964734435081482,0.9173625159662078,0.7876363636363638
Liver,e3ed2ba4-edf5-40ac-8750-8a417ad1eefe,7,49,sctrilemma,440,11,0.7931818181818181,0.7031818181818181,0.5750000000000001,0.5750000000000001,0.8635638952255249,0.9521370781458552,0.871840909090909
Liver,e3ed2ba4-edf5-40ac-8750-8a417ad1eefe,8,50,scvi,440,11,0.7863636363636363,0.7613636363636364,0.5454545454545454,0.5454545454545454,0.7206185460090637,0.9154762129373016,0.8642954545454546
Liver,e3ed2ba4-edf5-40ac-8750-8a417ad1eefe,8,50,geneformer,440,11,0.7113636363636363,0.6231818181818183,0.5613636363636364,0.5613636363636364,0.7733668684959412,0.9296280733131331,0.8569545454545454
Liver,e3ed2ba4-edf5-40ac-8750-8a417ad1eefe,8,50,scgpt,440,11,0.7999999999999999,0.7465909090909091,0.5477272727272727,0.5477272727272727,0.7752512097358704,0.9299677577211766,0.8602954545454545
Liver,e3ed2ba4-edf5-40ac-8750-8a417ad1eefe,8,50,cellplm,440,11,0.8318181818181817,0.8325,0.5659090909090909,0.5659090909090909,0.6445842385292053,0.9441535927743807,0.9102954545454544
Liver,e3ed2ba4-edf5-40ac-8750-8a417ad1eefe,8,50,scprint,440,11,0.6045454545454546,0.4977272727272727,0.5204545454545454,0.5204545454545454,0.7697159051895142,0.8983255657308113,0.734090909090909
Liver,e3ed2ba4-edf5-40ac-8750-8a417ad1eefe,8,50,sctrilemma,440,11,0.7795454545454544,0.7295454545454545,0.5863636363636364,0.5863636363636364,0.8509635329246521,0.9458046753295103,0.8329772727272725
Liver,e3ed2ba4-edf5-40ac-8750-8a417ad1eefe,9,51,scvi,440,11,0.7727272727272727,0.7549999999999999,0.5568181818181818,0.5568181818181818,0.7337232828140259,0.914708042977918,0.8720681818181819
Liver,e3ed2ba4-edf5-40ac-8750-8a417ad1eefe,9,51,geneformer,440,11,0.6931818181818181,0.6252272727272727,0.5477272727272727,0.5477272727272727,0.754412829875946,0.922675357633673,0.8567272727272727
Liver,e3ed2ba4-edf5-40ac-8750-8a417ad1eefe,9,51,scgpt,440,11,0.8045454545454546,0.7629545454545454,0.5568181818181818,0.5568181818181818,0.7578721642494202,0.9196183030599234,0.8709772727272729
Liver,e3ed2ba4-edf5-40ac-8750-8a417ad1eefe,9,51,cellplm,440,11,0.7613636363636364,0.8111363636363635,0.5295454545454544,0.5295454545454544,0.5966294407844543,0.9153337725803508,0.8898863636363633
Liver,e3ed2ba4-edf5-40ac-8750-8a417ad1eefe,9,51,scprint,440,11,0.609090909090909,0.5215909090909091,0.5590909090909091,0.5590909090909091,0.793727695941925,0.9103994904359891,0.7777045454545455
Liver,e3ed2ba4-edf5-40ac-8750-8a417ad1eefe,9,51,sctrilemma,440,11,0.7772727272727272,0.721590909090909,0.5386363636363636,0.5386363636363636,0.8461431264877319,0.9399420081779771,0.8074999999999999
Liver,e3ed2ba4-edf5-40ac-8750-8a417ad1eefe,10,52,scvi,440,11,0.8090909090909092,0.7959090909090909,0.6136363636363635,0.6136363636363635,0.7661796808242798,0.9344995357785768,0.883840909090909
Liver,e3ed2ba4-edf5-40ac-8750-8a417ad1eefe,10,52,geneformer,440,11,0.7181818181818181,0.6165909090909091,0.5590909090909091,0.5590909090909091,0.7960346341133118,0.9331306941172374,0.8729318181818182
Liver,e3ed2ba4-edf5-40ac-8750-8a417ad1eefe,10,52,scgpt,440,11,0.7818181818181819,0.7447727272727274,0.5954545454545455,0.5954545454545455,0.7615087628364563,0.9176771400090307,0.8560909090909091
Liver,e3ed2ba4-edf5-40ac-8750-8a417ad1eefe,10,52,cellplm,440,11,0.7999999999999999,0.8313636363636363,0.6136363636363635,0.6136363636363635,0.6266980767250061,0.9108784610210726,0.8796363636363637
Liver,e3ed2ba4-edf5-40ac-8750-8a417ad1eefe,10,52,scprint,440,11,0.625,0.5136363636363637,0.5636363636363636,0.5636363636363636,0.7973731756210327,0.9066804106022623,0.7591363636363636
Liver,e3ed2ba4-edf5-40ac-8750-8a417ad1eefe,10,52,sctrilemma,440,11,0.7977272727272727,0.7286363636363636,0.6363636363636365,0.6363636363636365,0.8641975522041321,0.9429501685076779,0.8300681818181818
Liver,e3ed2ba4-edf5-40ac-8750-8a417ad1eefe,11,53,scvi,440,11,0.7954545454545453,0.7654545454545454,0.5886363636363635,0.5886363636363635,0.7155735492706299,0.9369719419638012,0.8885909090909091
Liver,e3ed2ba4-edf5-40ac-8750-8a417ad1eefe,11,53,geneformer,440,11,0.7068181818181819,0.6109090909090908,0.5704545454545454,0.5704545454545454,0.7533737421035767,0.9417315311576191,0.879181818181818
Liver,e3ed2ba4-edf5-40ac-8750-8a417ad1eefe,11,53,scgpt,440,11,0.7840909090909091,0.7411363636363636,0.5545454545454546,0.5545454545454546,0.7464839816093445,0.9380517568210354,0.8822045454545453
Liver,e3ed2ba4-edf5-40ac-8750-8a417ad1eefe,11,53,cellplm,440,11,0.8136363636363636,0.8311363636363636,0.5386363636363637,0.5386363636363637,0.6435444951057434,0.9183367211635293,0.8704545454545456
Liver,e3ed2ba4-edf5-40ac-8750-8a417ad1eefe,11,53,scprint,440,11,0.6272727272727273,0.5127272727272727,0.5704545454545455,0.5704545454545455,0.7838564515113831,0.9111040944045598,0.7543863636363636
Liver,e3ed2ba4-edf5-40ac-8750-8a417ad1eefe,11,53,sctrilemma,440,11,0.7727272727272727,0.7102272727272727,0.5977272727272728,0.5977272727272728,0.852505087852478,0.9502592165171142,0.8411818181818181
Liver,e3ed2ba4-edf5-40ac-8750-8a417ad1eefe,12,54,scvi,440,11,0.7818181818181819,0.7606818181818181,0.5886363636363637,0.5886363636363637,0.7428151965141296,0.9067269508167698,0.8626818181818181
Liver,e3ed2ba4-edf5-40ac-8750-8a417ad1eefe,12,54,geneformer,440,11,0.7477272727272727,0.6415909090909091,0.5750000000000001,0.5750000000000001,0.7603620290756226,0.9287438103199908,0.8416136363636363
Liver,e3ed2ba4-edf5-40ac-8750-8a417ad1eefe,12,54,scgpt,440,11,0.8022727272727272,0.7463636363636363,0.5886363636363636,0.5886363636363637,0.740547776222229,0.9096925594512613,0.8496136363636363
Liver,e3ed2ba4-edf5-40ac-8750-8a417ad1eefe,12,54,cellplm,440,11,0.7977272727272726,0.8263636363636362,0.6181818181818182,0.6181818181818183,0.7036215662956238,0.9245185966283137,0.8922727272727272
Liver,e3ed2ba4-edf5-40ac-8750-8a417ad1eefe,12,54,scprint,440,11,0.6522727272727272,0.5297727272727273,0.5522727272727272,0.5522727272727272,0.7744576930999756,0.900340240571404,0.753090909090909
Liver,e3ed2ba4-edf5-40ac-8750-8a417ad1eefe,12,54,sctrilemma,440,11,0.7909090909090909,0.7415909090909092,0.5909090909090909,0.5909090909090909,0.8535447716712952,0.9402712684981173,0.7967045454545453
Liver,e3ed2ba4-edf5-40ac-8750-8a417ad1eefe,13,55,scvi,440,11,0.7636363636363636,0.7561363636363636,0.5931818181818183,0.5931818181818183,0.7146863341331482,0.9133712957171715,0.8634318181818181
Liver,e3ed2ba4-edf5-40ac-8750-8a417ad1eefe,13,55,geneformer,440,11,0.6863636363636363,0.6120454545454544,0.5477272727272726,0.5477272727272727,0.7534103989601135,0.9371156128686955,0.8607272727272726
Liver,e3ed2ba4-edf5-40ac-8750-8a417ad1eefe,13,55,scgpt,440,11,0.8022727272727271,0.7470454545454546,0.5863636363636364,0.5863636363636364,0.7532516717910767,0.9231731695700008,0.8569545454545454
Liver,e3ed2ba4-edf5-40ac-8750-8a417ad1eefe,13,55,cellplm,440,11,0.8113636363636363,0.8254545454545454,0.5999999999999999,0.5999999999999999,0.6239668726921082,0.9282411826691777,0.8856818181818181
Liver,e3ed2ba4-edf5-40ac-8750-8a417ad1eefe,13,55,scprint,440,11,0.6727272727272727,0.5272727272727272,0.5681818181818181,0.5681818181818181,0.787394106388092,0.9076157084463683,0.7759772727272726
Liver,e3ed2ba4-edf5-40ac-8750-8a417ad1eefe,13,55,sctrilemma,440,11,0.7886363636363637,0.719318181818182,0.5795454545454547,0.5795454545454546,0.8470233678817749,0.948900757900466,0.8483181818181819
Liver,e3ed2ba4-edf5-40ac-8750-8a417ad1eefe,14,56,scvi,440,11,0.7499999999999999,0.7481818181818183,0.5613636363636364,0.5613636363636364,0.706557035446167,0.9172166840682932,0.8679772727272727
Liver,e3ed2ba4-edf5-40ac-8750-8a417ad1eefe,14,56,geneformer,440,11,0.6545454545454547,0.6027272727272728,0.5340909090909092,0.5340909090909092,0.7366247177124023,0.9296015032396295,0.8555454545454545
Liver,e3ed2ba4-edf5-40ac-8750-8a417ad1eefe,14,56,scgpt,440,11,0.8045454545454546,0.7436363636363637,0.5681818181818182,0.5681818181818182,0.7400909066200256,0.9290494665227165,0.873590909090909
Liver,e3ed2ba4-edf5-40ac-8750-8a417ad1eefe,14,56,cellplm,440,11,0.8068181818181818,0.8368181818181819,0.5681818181818182,0.5681818181818182,0.6124331951141357,0.904495697900952,0.8960454545454543
Liver,e3ed2ba4-edf5-40ac-8750-8a417ad1eefe,14,56,scprint,440,11,0.6181818181818183,0.5272727272727273,0.5431818181818182,0.5431818181818182,0.7854618430137634,0.910340148991756,0.7703636363636364
Liver,e3ed2ba4-edf5-40ac-8750-8a417ad1eefe,14,56,sctrilemma,440,11,0.7909090909090909,0.7229545454545454,0.5818181818181819,0.5818181818181819,0.8539383411407471,0.9452379817406581,0.8397954545454546
Liver,e3ed2ba4-edf5-40ac-8750-8a417ad1eefe,15,57,scvi,440,11,0.7999999999999999,0.7604545454545453,0.6113636363636363,0.6113636363636363,0.7261678576469421,0.9303844262630048,0.8979772727272727
Liver,e3ed2ba4-edf5-40ac-8750-8a417ad1eefe,15,57,geneformer,440,11,0.6749999999999999,0.6131818181818183,0.5840909090909091,0.5840909090909091,0.7499925494194031,0.9355905287169712,0.8858863636363636
Liver,e3ed2ba4-edf5-40ac-8750-8a417ad1eefe,15,57,scgpt,440,11,0.7999999999999999,0.7563636363636363,0.6477272727272728,0.6477272727272728,0.7473015189170837,0.9289215093047842,0.8762727272727272
Liver,e3ed2ba4-edf5-40ac-8750-8a417ad1eefe,15,57,cellplm,440,11,0.8045454545454546,0.8340909090909091,0.6022727272727273,0.6022727272727273,0.6424602270126343,0.9273057686566388,0.8934545454545456
Liver,e3ed2ba4-edf5-40ac-8750-8a417ad1eefe,15,57,scprint,440,11,0.6045454545454546,0.5047727272727273,0.5431818181818182,0.5431818181818182,0.7785760760307312,0.8939300229937316,0.7371136363636364
Liver,e3ed2ba4-edf5-40ac-8750-8a417ad1eefe,15,57,sctrilemma,440,11,0.790909090909091,0.7218181818181819,0.634090909090909,0.634090909090909,0.8560791015625,0.9490601411760519,0.847659090909091
Liver,e3ed2ba4-edf5-40ac-8750-8a417ad1eefe,16,58,scvi,440,11,0.7795454545454544,0.7456818181818181,0.5886363636363636,0.5886363636363637,0.733015775680542,0.9238878780468436,0.8848181818181817
Liver,e3ed2ba4-edf5-40ac-8750-8a417ad1eefe,16,58,geneformer,440,11,0.6931818181818181,0.6009090909090911,0.5772727272727273,0.5772727272727273,0.7554134130477905,0.9384300339745015,0.8630000000000002
Liver,e3ed2ba4-edf5-40ac-8750-8a417ad1eefe,16,58,scgpt,440,11,0.7863636363636363,0.7254545454545455,0.5727272727272728,0.5727272727272728,0.7510287761688232,0.9313197048623756,0.8868636363636363
Liver,e3ed2ba4-edf5-40ac-8750-8a417ad1eefe,16,58,cellplm,440,11,0.7772727272727272,0.7822727272727272,0.5249999999999999,0.525,0.6243088841438293,0.927375570088932,0.8915
Liver,e3ed2ba4-edf5-40ac-8750-8a417ad1eefe,16,58,scprint,440,11,0.6250000000000001,0.5152272727272728,0.5840909090909091,0.5840909090909091,0.7708362936973572,0.9173740713552313,0.7854772727272729
Liver,e3ed2ba4-edf5-40ac-8750-8a417ad1eefe,16,58,sctrilemma,440,11,0.7590909090909091,0.6945454545454546,0.5681818181818182,0.5681818181818182,0.8490563035011292,0.9548875604815393,0.853181818181818
Liver,e3ed2ba4-edf5-40ac-8750-8a417ad1eefe,17,59,scvi,440,11,0.7772727272727272,0.7645454545454545,0.6022727272727273,0.6022727272727273,0.7219681143760681,0.9044288250301807,0.8428181818181817
Liver,e3ed2ba4-edf5-40ac-8750-8a417ad1eefe,17,59,geneformer,440,11,0.6431818181818182,0.5988636363636364,0.5318181818181819,0.5318181818181817,0.7339185476303101,0.9247628147196535,0.8429090909090909
Liver,e3ed2ba4-edf5-40ac-8750-8a417ad1eefe,17,59,scgpt,440,11,0.7840909090909091,0.7393181818181819,0.55,0.55,0.7311486601829529,0.9176627584142172,0.8557727272727272
Liver,e3ed2ba4-edf5-40ac-8750-8a417ad1eefe,17,59,cellplm,440,11,0.7863636363636364,0.8272727272727272,0.5818181818181819,0.5818181818181819,0.60642009973526,0.9010313963372375,0.8568409090909092
Liver,e3ed2ba4-edf5-40ac-8750-8a417ad1eefe,17,59,scprint,440,11,0.6113636363636364,0.5106818181818181,0.5636363636363636,0.5636363636363636,0.7858304977416992,0.908817826081505,0.7565454545454546
Liver,e3ed2ba4-edf5-40ac-8750-8a417ad1eefe,17,59,sctrilemma,440,11,0.7477272727272727,0.7150000000000001,0.5818181818181818,0.5818181818181818,0.8330366611480713,0.9367790233122832,0.8204545454545453
Liver,e3ed2ba4-edf5-40ac-8750-8a417ad1eefe,18,60,scvi,440,11,0.759090909090909,0.731590909090909,0.5863636363636364,0.5863636363636364,0.707779586315155,0.8993180814015477,0.8427045454545453
Liver,e3ed2ba4-edf5-40ac-8750-8a417ad1eefe,18,60,geneformer,440,11,0.6636363636363637,0.589090909090909,0.5727272727272728,0.5727272727272728,0.7525607943534851,0.9189462024689536,0.8256363636363635
Liver,e3ed2ba4-edf5-40ac-8750-8a417ad1eefe,18,60,scgpt,440,11,0.7636363636363636,0.7136363636363636,0.55,0.5499999999999999,0.720975935459137,0.9016088596135207,0.8227272727272728
Liver,e3ed2ba4-edf5-40ac-8750-8a417ad1eefe,18,60,cellplm,440,11,0.7568181818181817,0.7952272727272727,0.5636363636363636,0.5636363636363636,0.6057307720184326,0.8901033905621178,0.8445454545454545
Liver,e3ed2ba4-edf5-40ac-8750-8a417ad1eefe,18,60,scprint,440,11,0.6272727272727272,0.5306818181818183,0.6295454545454545,0.6295454545454545,0.7662517428398132,0.9007934457689509,0.7470454545454545
Liver,e3ed2ba4-edf5-40ac-8750-8a417ad1eefe,18,60,sctrilemma,440,11,0.7340909090909091,0.6988636363636364,0.5886363636363637,0.5886363636363637,0.840464174747467,0.9356790994280975,0.81625
Liver,e3ed2ba4-edf5-40ac-8750-8a417ad1eefe,19,61,scvi,440,11,0.7659090909090909,0.7638636363636363,0.525,0.525,0.719363272190094,0.8920868229864631,0.82575
Liver,e3ed2ba4-edf5-40ac-8750-8a417ad1eefe,19,61,geneformer,440,11,0.6659090909090909,0.5981818181818181,0.5522727272727272,0.5522727272727272,0.7731044292449951,0.9354447624274189,0.8588863636363637
Liver,e3ed2ba4-edf5-40ac-8750-8a417ad1eefe,19,61,scgpt,440,11,0.7863636363636363,0.7279545454545455,0.5590909090909091,0.5590909090909091,0.7613357305526733,0.9226647627030466,0.8710909090909091
Liver,e3ed2ba4-edf5-40ac-8750-8a417ad1eefe,19,61,cellplm,440,11,0.8136363636363637,0.8377272727272727,0.5750000000000001,0.5750000000000001,0.664124608039856,0.9229926406713043,0.9000454545454545
Liver,e3ed2ba4-edf5-40ac-8750-8a417ad1eefe,19,61,scprint,440,11,0.6545454545454545,0.5404545454545453,0.6,0.6,0.8069543242454529,0.9229379085413109,0.7984318181818183
Liver,e3ed2ba4-edf5-40ac-8750-8a417ad1eefe,19,61,sctrilemma,440,11,0.7613636363636364,0.708409090909091,0.5750000000000001,0.5750000000000001,0.8513292670249939,0.9450877766240624,0.8277954545454544
Brain,203025fe-fa99-4d57-81da-458ed8f0c334,0,42,scvi,280,7,0.7678571428571428,0.7853571428571429,0.42857142857142855,0.42857142857142855,0.7008658051490784,0.8801450270686646,0.8095357142857142
Brain,203025fe-fa99-4d57-81da-458ed8f0c334,0,42,geneformer,280,7,0.6607142857142858,0.5846428571428572,0.5178571428571429,0.5178571428571429,0.7052363753318787,0.8958270794280598,0.817357142857143
Brain,203025fe-fa99-4d57-81da-458ed8f0c334,0,42,scgpt,280,7,0.7535714285714286,0.7785714285714285,0.48214285714285715,0.48214285714285715,0.6880562901496887,0.883684015204946,0.8149642857142858
Brain,203025fe-fa99-4d57-81da-458ed8f0c334,0,42,cellplm,280,7,0.75,0.7517857142857143,0.4607142857142858,0.4607142857142858,0.6406283378601074,0.9158204280579522,0.879107142857143
Brain,203025fe-fa99-4d57-81da-458ed8f0c334,0,42,scprint,280,7,0.55,0.49178571428571427,0.45,0.45,0.7487875819206238,0.8706606275629315,0.7314999999999998
Brain,203025fe-fa99-4d57-81da-458ed8f0c334,0,42,sctrilemma,280,7,0.7750000000000001,0.7757142857142858,0.4964285714285715,0.4964285714285715,0.8334519267082214,0.9464700086059652,0.8492500000000003
Brain,203025fe-fa99-4d57-81da-458ed8f0c334,1,43,scvi,280,7,0.7857142857142858,0.7825,0.4607142857142857,0.4607142857142857,0.690981924533844,0.8717205542766333,0.8015714285714285
Brain,203025fe-fa99-4d57-81da-458ed8f0c334,1,43,geneformer,280,7,0.6642857142857144,0.5907142857142857,0.5714285714285714,0.5714285714285714,0.7246919274330139,0.8868578387657936,0.8363571428571426
Brain,203025fe-fa99-4d57-81da-458ed8f0c334,1,43,scgpt,280,7,0.7535714285714288,0.7707142857142857,0.525,0.525,0.7122692465782166,0.872311918984389,0.8090357142857141
Brain,203025fe-fa99-4d57-81da-458ed8f0c334,1,43,cellplm,280,7,0.7678571428571428,0.7350000000000001,0.5,0.5,0.6404911875724792,0.8913378481451479,0.8553571428571428
Brain,203025fe-fa99-4d57-81da-458ed8f0c334,1,43,scprint,280,7,0.5142857142857145,0.47250000000000003,0.4142857142857143,0.4142857142857142,0.7518089413642883,0.8706555746234423,0.7274285714285714
Brain,203025fe-fa99-4d57-81da-458ed8f0c334,1,43,sctrilemma,280,7,0.7857142857142858,0.7810714285714286,0.5285714285714286,0.5285714285714286,0.8366362452507019,0.9388547759448069,0.8314285714285716
Brain,203025fe-fa99-4d57-81da-458ed8f0c334,2,44,scvi,280,7,0.7178571428571427,0.7685714285714285,0.425,0.425,0.7061403393745422,0.885174935308989,0.8219285714285715
Brain,203025fe-fa99-4d57-81da-458ed8f0c334,2,44,geneformer,280,7,0.625,0.5953571428571428,0.5464285714285715,0.5464285714285715,0.730405867099762,0.8931738210812401,0.8207499999999998
Brain,203025fe-fa99-4d57-81da-458ed8f0c334,2,44,scgpt,280,7,0.7464285714285714,0.7710714285714285,0.4321428571428572,0.4321428571428572,0.6946831941604614,0.8737595365290771,0.7941071428571428
Brain,203025fe-fa99-4d57-81da-458ed8f0c334,2,44,cellplm,280,7,0.7464285714285714,0.7217857142857143,0.48571428571428577,0.48571428571428577,0.659080445766449,0.9243069483138493,0.8711428571428571
Brain,203025fe-fa99-4d57-81da-458ed8f0c334,2,44,scprint,280,7,0.5571428571428572,0.5075000000000001,0.4321428571428572,0.4321428571428572,0.7638066411018372,0.8784701879110484,0.7355714285714285
Brain,203025fe-fa99-4d57-81da-458ed8f0c334,2,44,sctrilemma,280,7,0.767857142857143,0.7685714285714285,0.5,0.5,0.8474041223526001,0.9443310771017673,0.8463571428571429
Brain,203025fe-fa99-4d57-81da-458ed8f0c334,3,45,scvi,280,7,0.7321428571428572,0.7682142857142857,0.43571428571428567,0.43571428571428567,0.7025967240333557,0.8728990220308847,0.8142857142857143
Brain,203025fe-fa99-4d57-81da-458ed8f0c334,3,45,geneformer,280,7,0.6428571428571428,0.5985714285714286,0.5357142857142857,0.5357142857142857,0.6780386567115784,0.8640613329990671,0.8244642857142858
Brain,203025fe-fa99-4d57-81da-458ed8f0c334,3,45,scgpt,280,7,0.7500000000000002,0.7842857142857143,0.5464285714285714,0.5464285714285714,0.687879204750061,0.8747163005518234,0.8041071428571429
Brain,203025fe-fa99-4d57-81da-458ed8f0c334,3,45,cellplm,280,7,0.75,0.7389285714285714,0.44642857142857145,0.44642857142857145,0.6142594218254089,0.9049537092420926,0.8517857142857144
Brain,203025fe-fa99-4d57-81da-458ed8f0c334,3,45,scprint,280,7,0.5714285714285714,0.5146428571428572,0.48214285714285715,0.48214285714285715,0.7433644533157349,0.8698542722252198,0.7091071428571428
Brain,203025fe-fa99-4d57-81da-458ed8f0c334,3,45,sctrilemma,280,7,0.7785714285714287,0.7792857142857144,0.48928571428571427,0.4892857142857143,0.8399662971496582,0.9438629829706738,0.8522857142857142
Brain,203025fe-fa99-4d57-81da-458ed8f0c334,4,46,scvi,280,7,0.732142857142857,0.7732142857142856,0.4571428571428572,0.4571428571428572,0.712384045124054,0.8896017851058374,0.8435
Brain,203025fe-fa99-4d57-81da-458ed8f0c334,4,46,geneformer,280,7,0.6785714285714286,0.5971428571428572,0.5321428571428571,0.5321428571428571,0.7432137727737427,0.9040512486500973,0.8470357142857142
Brain,203025fe-fa99-4d57-81da-458ed8f0c334,4,46,scgpt,280,7,0.767857142857143,0.7896428571428571,0.4892857142857143,0.4892857142857143,0.7318004369735718,0.8959687625224699,0.83025
Brain,203025fe-fa99-4d57-81da-458ed8f0c334,4,46,cellplm,280,7,0.7571428571428571,0.7467857142857143,0.5285714285714286,0.5285714285714286,0.6555617451667786,0.915022012072762,0.8702857142857142
Brain,203025fe-fa99-4d57-81da-458ed8f0c334,4,46,scprint,280,7,0.5428571428571429,0.48750000000000004,0.4678571428571429,0.4678571428571429,0.785003125667572,0.8893267702702032,0.7606785714285714
Brain,203025fe-fa99-4d57-81da-458ed8f0c334,4,46,sctrilemma,280,7,0.7535714285714286,0.7675000000000001,0.4714285714285715,0.4714285714285715,0.8598132133483887,0.949571468392863,0.8341428571428572
Brain,203025fe-fa99-4d57-81da-458ed8f0c334,5,47,scvi,280,7,0.7357142857142855,0.760357142857143,0.44642857142857145,0.44642857142857145,0.7397856116294861,0.8946752480304067,0.8334642857142859
Brain,203025fe-fa99-4d57-81da-458ed8f0c334,5,47,geneformer,280,7,0.6357142857142859,0.5925,0.5357142857142858,0.5357142857142858,0.7378130555152893,0.8923164114267034,0.8180357142857143
Brain,203025fe-fa99-4d57-81da-458ed8f0c334,5,47,scgpt,280,7,0.7214285714285715,0.7385714285714287,0.46071428571428574,0.46071428571428574,0.7166295647621155,0.877229030025252,0.8097142857142856
Brain,203025fe-fa99-4d57-81da-458ed8f0c334,5,47,cellplm,280,7,0.717857142857143,0.7285714285714286,0.4428571428571429,0.4428571428571428,0.6407912373542786,0.9079179263232184,0.8504285714285713
Brain,203025fe-fa99-4d57-81da-458ed8f0c334,5,47,scprint,280,7,0.5535714285714286,0.505,0.4535714285714286,0.4535714285714286,0.7522484660148621,0.8735152362877199,0.7355714285714284
Brain,203025fe-fa99-4d57-81da-458ed8f0c334,5,47,sctrilemma,280,7,0.75,0.7521428571428571,0.5,0.5,0.8539609909057617,0.9431728524292103,0.8355
Brain,203025fe-fa99-4d57-81da-458ed8f0c334,6,48,scvi,280,7,0.75,0.7621428571428571,0.4428571428571428,0.4428571428571428,0.7298995852470398,0.8783065631612378,0.8056428571428571
Brain,203025fe-fa99-4d57-81da-458ed8f0c334,6,48,geneformer,280,7,0.6535714285714287,0.5871428571428572,0.5464285714285715,0.5464285714285715,0.7358688712120056,0.8904114520153327,0.8436428571428571
Brain,203025fe-fa99-4d57-81da-458ed8f0c334,6,48,scgpt,280,7,0.7535714285714288,0.7585714285714287,0.5178571428571429,0.5178571428571429,0.7357054352760315,0.8820619705228476,0.8166785714285714
Brain,203025fe-fa99-4d57-81da-458ed8f0c334,6,48,cellplm,280,7,0.7464285714285714,0.7350000000000001,0.4357142857142858,0.4357142857142858,0.662371039390564,0.9143292393839585,0.876392857142857
Brain,203025fe-fa99-4d57-81da-458ed8f0c334,6,48,scprint,280,7,0.5357142857142858,0.4839285714285714,0.4107142857142857,0.4107142857142857,0.7479057312011719,0.8668134663537728,0.72675
Brain,203025fe-fa99-4d57-81da-458ed8f0c334,6,48,sctrilemma,280,7,0.7607142857142859,0.7650000000000001,0.5035714285714286,0.5035714285714286,0.8575252890586853,0.9471871275898894,0.8619642857142856
Brain,203025fe-fa99-4d57-81da-458ed8f0c334,7,49,scvi,280,7,0.7642857142857142,0.7742857142857144,0.425,0.425,0.6957902312278748,0.8789519754470362,0.8015714285714285
Brain,203025fe-fa99-4d57-81da-458ed8f0c334,7,49,geneformer,280,7,0.6714285714285715,0.5928571428571429,0.4785714285714286,0.47857142857142854,0.7296546101570129,0.8822496656561779,0.7968214285714286
Brain,203025fe-fa99-4d57-81da-458ed8f0c334,7,49,scgpt,280,7,0.75,0.7714285714285715,0.4642857142857143,0.4642857142857143,0.6794471740722656,0.8594937376759801,0.7554285714285713
Brain,203025fe-fa99-4d57-81da-458ed8f0c334,7,49,cellplm,280,7,0.717857142857143,0.7189285714285714,0.4750000000000001,0.4750000000000001,0.6261175870895386,0.9029728695675284,0.8429642857142857
Brain,203025fe-fa99-4d57-81da-458ed8f0c334,7,49,scprint,280,7,0.5750000000000002,0.5175,0.4964285714285714,0.49642857142857144,0.7664974331855774,0.8837234921709218,0.7525357142857143
Brain,203025fe-fa99-4d57-81da-458ed8f0c334,7,49,sctrilemma,280,7,0.7607142857142859,0.7635714285714286,0.4821428571428572,0.4821428571428572,0.8330416083335876,0.9336170251914898,0.805642857142857
Brain,203025fe-fa99-4d57-81da-458ed8f0c334,8,50,scvi,280,7,0.7321428571428572,0.7642857142857145,0.5107142857142856,0.5107142857142857,0.7053952813148499,0.874882541081888,0.8171785714285715
Brain,203025fe-fa99-4d57-81da-458ed8f0c334,8,50,geneformer,280,7,0.6500000000000001,0.6121428571428572,0.5464285714285714,0.5464285714285715,0.7257516980171204,0.8908239235358182,0.8450000000000001
Brain,203025fe-fa99-4d57-81da-458ed8f0c334,8,50,scgpt,280,7,0.75,0.7753571428571429,0.4892857142857144,0.4892857142857144,0.6983562111854553,0.8730586253109714,0.8034285714285713
Brain,203025fe-fa99-4d57-81da-458ed8f0c334,8,50,cellplm,280,7,0.7571428571428571,0.7335714285714285,0.4678571428571428,0.46785714285714286,0.671575665473938,0.9028074154078374,0.8562142857142858
Brain,203025fe-fa99-4d57-81da-458ed8f0c334,8,50,scprint,280,7,0.5214285714285716,0.49642857142857144,0.4678571428571429,0.4678571428571429,0.7790268659591675,0.8896858149406884,0.7593214285714287
Brain,203025fe-fa99-4d57-81da-458ed8f0c334,8,50,sctrilemma,280,7,0.7714285714285716,0.7814285714285715,0.46071428571428574,0.46071428571428574,0.8364079594612122,0.9401080589862285,0.8461785714285713
Brain,203025fe-fa99-4d57-81da-458ed8f0c334,9,51,scvi,280,7,0.75,0.7785714285714287,0.5,0.5,0.739410400390625,0.8981870621451895,0.8538214285714286
Brain,203025fe-fa99-4d57-81da-458ed8f0c334,9,51,geneformer,280,7,0.6464285714285714,0.5721428571428571,0.46785714285714286,0.46785714285714286,0.7078701853752136,0.9028981836320683,0.8512857142857141
Brain,203025fe-fa99-4d57-81da-458ed8f0c334,9,51,scgpt,280,7,0.7357142857142858,0.7728571428571429,0.4642857142857143,0.4642857142857143,0.7110170125961304,0.8972626001640013,0.8416071428571428
Brain,203025fe-fa99-4d57-81da-458ed8f0c334,9,51,cellplm,280,7,0.75,0.7414285714285713,0.46428571428571425,0.46428571428571425,0.7177044749259949,0.927811870598702,0.8906428571428571
Brain,203025fe-fa99-4d57-81da-458ed8f0c334,9,51,scprint,280,7,0.5785714285714285,0.4839285714285714,0.37857142857142856,0.37857142857142856,0.7510666251182556,0.8737278627484675,0.742357142857143
Brain,203025fe-fa99-4d57-81da-458ed8f0c334,9,51,sctrilemma,280,7,0.75,0.7682142857142857,0.4571428571428572,0.4571428571428572,0.8621967434883118,0.9518971176378412,0.8709642857142856
Brain,203025fe-fa99-4d57-81da-458ed8f0c334,10,52,scvi,280,7,0.7464285714285714,0.755,0.4785714285714286,0.4785714285714286,0.7291457056999207,0.8889315613439167,0.8285357142857144
Brain,203025fe-fa99-4d57-81da-458ed8f0c334,10,52,geneformer,280,7,0.6714285714285715,0.605,0.5357142857142857,0.5357142857142857,0.7522879838943481,0.9071918833285851,0.8650357142857142
Brain,203025fe-fa99-4d57-81da-458ed8f0c334,10,52,scgpt,280,7,0.7357142857142858,0.7646428571428572,0.4678571428571429,0.4678571428571429,0.7330225706100464,0.8930129941882569,0.8321071428571429
Brain,203025fe-fa99-4d57-81da-458ed8f0c334,10,52,cellplm,280,7,0.7392857142857143,0.7225,0.4857142857142857,0.48571428571428577,0.643487811088562,0.9182177552444729,0.873
Brain,203025fe-fa99-4d57-81da-458ed8f0c334,10,52,scprint,280,7,0.5571428571428572,0.49535714285714283,0.4321428571428571,0.4321428571428571,0.7633601427078247,0.8813550091261795,0.75
Brain,203025fe-fa99-4d57-81da-458ed8f0c334,10,52,sctrilemma,280,7,0.7535714285714288,0.7675000000000001,0.4928571428571428,0.4928571428571429,0.8652764558792114,0.9494925104787235,0.8517857142857143
Brain,203025fe-fa99-4d57-81da-458ed8f0c334,11,53,scvi,280,7,0.7392857142857143,0.7785714285714285,0.43928571428571433,0.43928571428571433,0.6862231492996216,0.8653167029834322,0.81175
Brain,203025fe-fa99-4d57-81da-458ed8f0c334,11,53,geneformer,280,7,0.657142857142857,0.5910714285714287,0.5,0.5,0.7224768996238708,0.875088173774915,0.8124285714285714
Brain,203025fe-fa99-4d57-81da-458ed8f0c334,11,53,scgpt,280,7,0.767857142857143,0.7785714285714286,0.49999999999999994,0.49999999999999994,0.7103112936019897,0.8678691570339057,0.7912142857142859
Brain,203025fe-fa99-4d57-81da-458ed8f0c334,11,53,cellplm,280,7,0.7428571428571429,0.7307142857142856,0.40714285714285714,0.40714285714285714,0.6088748574256897,0.880230639754295,0.8375357142857143
Brain,203025fe-fa99-4d57-81da-458ed8f0c334,11,53,scprint,280,7,0.5535714285714286,0.5032142857142856,0.4678571428571429,0.4678571428571429,0.7609621286392212,0.8724774130743636,0.7314999999999999
Brain,203025fe-fa99-4d57-81da-458ed8f0c334,11,53,sctrilemma,280,7,0.7642857142857145,0.7739285714285713,0.5000000000000001,0.5,0.8593811988830566,0.9442391024291087,0.8314285714285715
Brain,203025fe-fa99-4d57-81da-458ed8f0c334,12,54,scvi,280,7,0.7357142857142858,0.7596428571428571,0.4714285714285714,0.4714285714285714,0.733194887638092,0.8873950077396268,0.8226071428571429
Brain,203025fe-fa99-4d57-81da-458ed8f0c334,12,54,geneformer,280,7,0.6392857142857142,0.6085714285714285,0.5750000000000001,0.5750000000000001,0.7387856245040894,0.8908938960115486,0.8232857142857143
Brain,203025fe-fa99-4d57-81da-458ed8f0c334,12,54,scgpt,280,7,0.7428571428571429,0.7814285714285715,0.5107142857142858,0.5107142857142858,0.7432854771614075,0.8859678019107969,0.8144642857142858
Brain,203025fe-fa99-4d57-81da-458ed8f0c334,12,54,cellplm,280,7,0.7571428571428571,0.7457142857142858,0.48214285714285715,0.48214285714285715,0.6553331613540649,0.9150914845292442,0.8689285714285714
Brain,203025fe-fa99-4d57-81da-458ed8f0c334,12,54,scprint,280,7,0.55,0.5007142857142858,0.4714285714285715,0.4714285714285715,0.7442278265953064,0.8709622487882345,0.7172499999999999
Brain,203025fe-fa99-4d57-81da-458ed8f0c334,12,54,sctrilemma,280,7,0.7750000000000001,0.7853571428571429,0.5321428571428571,0.5321428571428571,0.8605398535728455,0.9487880921552978,0.8395714285714286
Brain,203025fe-fa99-4d57-81da-458ed8f0c334,13,55,scvi,280,7,0.7607142857142859,0.7621428571428572,0.4285714285714285,0.4285714285714285,0.690339982509613,0.8650464496408132,0.7805357142857143
Brain,203025fe-fa99-4d57-81da-458ed8f0c334,13,55,geneformer,280,7,0.6214285714285714,0.5903571428571428,0.5071428571428571,0.5071428571428571,0.7126614451408386,0.882326680381543,0.8226071428571428
Brain,203025fe-fa99-4d57-81da-458ed8f0c334,13,55,scgpt,280,7,0.7321428571428572,0.7535714285714286,0.525,0.525,0.6869311332702637,0.8680376500420177,0.7893571428571429
Brain,203025fe-fa99-4d57-81da-458ed8f0c334,13,55,cellplm,280,7,0.7249999999999999,0.7253571428571428,0.5,0.5,0.5885220170021057,0.8952859013140874,0.8585714285714285
Brain,203025fe-fa99-4d57-81da-458ed8f0c334,13,55,scprint,280,7,0.4964285714285714,0.48,0.4678571428571428,0.4678571428571428,0.7454644441604614,0.8737352716301242,0.7457500000000001
Brain,203025fe-fa99-4d57-81da-458ed8f0c334,13,55,sctrilemma,280,7,0.7357142857142858,0.7467857142857144,0.48214285714285715,0.48214285714285715,0.8466624021530151,0.9378264503188225,0.8137857142857144
Brain,203025fe-fa99-4d57-81da-458ed8f0c334,14,56,scvi,280,7,0.7428571428571429,0.7921428571428571,0.43571428571428567,0.4357142857142858,0.7121538519859314,0.8795200814078834,0.8100714285714287
Brain,203025fe-fa99-4d57-81da-458ed8f0c334,14,56,geneformer,280,7,0.6642857142857144,0.6214285714285714,0.5,0.5,0.7151855826377869,0.8752570957761568,0.8227857142857143
Brain,203025fe-fa99-4d57-81da-458ed8f0c334,14,56,scgpt,280,7,0.7642857142857145,0.8025,0.525,0.525,0.7225485444068909,0.8798975057751889,0.8036071428571427
Brain,203025fe-fa99-4d57-81da-458ed8f0c334,14,56,cellplm,280,7,0.7642857142857142,0.7389285714285715,0.4928571428571428,0.4928571428571428,0.6675041913986206,0.914552753815262,0.8852142857142856
Brain,203025fe-fa99-4d57-81da-458ed8f0c334,14,56,scprint,280,7,0.5392857142857144,0.5035714285714286,0.4178571428571428,0.4178571428571428,0.7617149949073792,0.8761686683616703,0.723357142857143
Brain,203025fe-fa99-4d57-81da-458ed8f0c334,14,56,sctrilemma,280,7,0.7785714285714287,0.7853571428571429,0.4928571428571429,0.4928571428571428,0.8560221791267395,0.9438363197293471,0.841607142857143
Brain,203025fe-fa99-4d57-81da-458ed8f0c334,15,57,scvi,280,7,0.7392857142857143,0.765357142857143,0.4178571428571428,0.4178571428571428,0.7037890553474426,0.8740301326143298,0.8095357142857144
Brain,203025fe-fa99-4d57-81da-458ed8f0c334,15,57,geneformer,280,7,0.6321428571428571,0.5903571428571428,0.475,0.475,0.7289032936096191,0.8943176647300696,0.8390714285714286
Brain,203025fe-fa99-4d57-81da-458ed8f0c334,15,57,scgpt,280,7,0.7535714285714286,0.7739285714285714,0.47857142857142865,0.47857142857142865,0.7124902606010437,0.8805055763006073,0.8164999999999999
Brain,203025fe-fa99-4d57-81da-458ed8f0c334,15,57,cellplm,280,7,0.7250000000000001,0.7271428571428571,0.47857142857142854,0.47857142857142854,0.62102872133255,0.9055436813825278,0.8490714285714286
Brain,203025fe-fa99-4d57-81da-458ed8f0c334,15,57,scprint,280,7,0.5571428571428572,0.5010714285714285,0.42142857142857143,0.42142857142857143,0.7611204981803894,0.8883160427118072,0.7622142857142858
Brain,203025fe-fa99-4d57-81da-458ed8f0c334,15,57,sctrilemma,280,7,0.7785714285714287,0.7639285714285715,0.4785714285714286,0.4785714285714286,0.8595659136772156,0.9479487283316829,0.8599285714285714
Brain,203025fe-fa99-4d57-81da-458ed8f0c334,16,58,scvi,280,7,0.7285714285714286,0.7657142857142858,0.4964285714285714,0.4964285714285714,0.7197545766830444,0.8887845361372692,0.8351785714285714
Brain,203025fe-fa99-4d57-81da-458ed8f0c334,16,58,geneformer,280,7,0.6071428571428572,0.5635714285714286,0.48928571428571427,0.48928571428571427,0.7075210809707642,0.88815635450292,0.8404285714285715
Brain,203025fe-fa99-4d57-81da-458ed8f0c334,16,58,scgpt,280,7,0.7285714285714286,0.7550000000000001,0.4678571428571429,0.4678571428571429,0.7021557688713074,0.8784916561461832,0.8190357142857143
Brain,203025fe-fa99-4d57-81da-458ed8f0c334,16,58,cellplm,280,7,0.7392857142857143,0.7242857142857142,0.4392857142857142,0.4392857142857142,0.6647750735282898,0.9137299143953095,0.883357142857143
Brain,203025fe-fa99-4d57-81da-458ed8f0c334,16,58,scprint,280,7,0.532142857142857,0.4689285714285715,0.39642857142857146,0.3964285714285714,0.7522834539413452,0.8676410298656886,0.7369285714285715
Brain,203025fe-fa99-4d57-81da-458ed8f0c334,16,58,sctrilemma,280,7,0.7357142857142858,0.7621428571428572,0.5142857142857143,0.5142857142857143,0.8512911200523376,0.9508556693332976,0.8641785714285716
Brain,203025fe-fa99-4d57-81da-458ed8f0c334,17,59,scvi,280,7,0.7357142857142858,0.7617857142857143,0.5142857142857143,0.5142857142857143,0.7026895880699158,0.8764007901854374,0.8029285714285715
Brain,203025fe-fa99-4d57-81da-458ed8f0c334,17,59,geneformer,280,7,0.6464285714285716,0.6074999999999999,0.5571428571428572,0.5571428571428572,0.7293020486831665,0.8925854585365264,0.8409285714285714
Brain,203025fe-fa99-4d57-81da-458ed8f0c334,17,59,scgpt,280,7,0.7285714285714286,0.7657142857142856,0.5428571428571428,0.5428571428571428,0.7257300615310669,0.8775828955831348,0.8083571428571428
Brain,203025fe-fa99-4d57-81da-458ed8f0c334,17,59,cellplm,280,7,0.7464285714285714,0.7171428571428571,0.45357142857142857,0.45357142857142857,0.6401267647743225,0.9137162410726574,0.8667142857142858
Brain,203025fe-fa99-4d57-81da-458ed8f0c334,17,59,scprint,280,7,0.5285714285714287,0.4939285714285715,0.46428571428571436,0.46428571428571436,0.7572457194328308,0.8665092570707897,0.7253928571428572
Brain,203025fe-fa99-4d57-81da-458ed8f0c334,17,59,sctrilemma,280,7,0.7535714285714286,0.7639285714285715,0.5428571428571428,0.5428571428571428,0.8608733415603638,0.9499088101821329,0.8551785714285715
Brain,203025fe-fa99-4d57-81da-458ed8f0c334,18,60,scvi,280,7,0.7321428571428572,0.7703571428571429,0.44642857142857145,0.44642857142857145,0.6988879442214966,0.8745811320241214,0.8044642857142856
Brain,203025fe-fa99-4d57-81da-458ed8f0c334,18,60,geneformer,280,7,0.675,0.6157142857142857,0.5321428571428571,0.5321428571428571,0.7465158700942993,0.9098468171379935,0.8382142857142857
Brain,203025fe-fa99-4d57-81da-458ed8f0c334,18,60,scgpt,280,7,0.7250000000000001,0.755,0.4857142857142857,0.4857142857142857,0.7233119010925293,0.8902962726368211,0.8076785714285714
Brain,203025fe-fa99-4d57-81da-458ed8f0c334,18,60,cellplm,280,7,0.7107142857142856,0.7228571428571429,0.4607142857142857,0.4607142857142857,0.5999515652656555,0.9088044991175572,0.8633214285714287
Brain,203025fe-fa99-4d57-81da-458ed8f0c334,18,60,scprint,280,7,0.5642857142857143,0.49535714285714283,0.48571428571428577,0.48571428571428577,0.7750412225723267,0.8832239300556893,0.7518571428571429
Brain,203025fe-fa99-4d57-81da-458ed8f0c334,18,60,sctrilemma,280,7,0.767857142857143,0.7707142857142857,0.4785714285714286,0.4785714285714286,0.8611089587211609,0.9512022929546948,0.8707857142857144
Brain,203025fe-fa99-4d57-81da-458ed8f0c334,19,61,scvi,280,7,0.7428571428571429,0.770357142857143,0.4107142857142857,0.4107142857142857,0.7104489207267761,0.87708867946764,0.82175
Brain,203025fe-fa99-4d57-81da-458ed8f0c334,19,61,geneformer,280,7,0.6500000000000001,0.6092857142857142,0.48214285714285715,0.48214285714285715,0.7317634224891663,0.8940583334287332,0.8070000000000002
Brain,203025fe-fa99-4d57-81da-458ed8f0c334,19,61,scgpt,280,7,0.7500000000000002,0.7782142857142857,0.4642857142857143,0.4642857142857143,0.7137190699577332,0.8716732081701933,0.7756071428571428
Brain,203025fe-fa99-4d57-81da-458ed8f0c334,19,61,cellplm,280,7,0.7071428571428571,0.7146428571428571,0.4714285714285715,0.4714285714285715,0.6268349289894104,0.9039737862569166,0.8526428571428573
Brain,203025fe-fa99-4d57-81da-458ed8f0c334,19,61,scprint,280,7,0.5607142857142857,0.5092857142857143,0.5071428571428571,0.5071428571428571,0.7811959385871887,0.8895011798376969,0.7579642857142856
Brain,203025fe-fa99-4d57-81da-458ed8f0c334,19,61,sctrilemma,280,7,0.7607142857142859,0.7739285714285715,0.47500000000000003,0.47500000000000003,0.8574424386024475,0.9451778202073611,0.8159999999999998
Tendon,acd544d0-4d8b-46c7-98b3-fc48f7e6fdb7,0,42,scvi,160,4,0.525,0.7018749999999999,0.625,0.625,0.6721434593200684,0.836176794715281,0.724375
Tendon,acd544d0-4d8b-46c7-98b3-fc48f7e6fdb7,0,42,geneformer,160,4,0.59375,0.6475,0.7250000000000001,0.7250000000000001,0.7146545648574829,0.8537522797205814,0.6519375000000001
Tendon,acd544d0-4d8b-46c7-98b3-fc48f7e6fdb7,0,42,scgpt,160,4,0.5187499999999999,0.6925000000000001,0.66875,0.66875,0.6849368214607239,0.8122054588127402,0.6899375000000001
Tendon,acd544d0-4d8b-46c7-98b3-fc48f7e6fdb7,0,42,cellplm,160,4,0.44999999999999996,0.61875,0.625,0.625,0.5224037170410156,0.8146517738300447,0.7611874999999999
Tendon,acd544d0-4d8b-46c7-98b3-fc48f7e6fdb7,0,42,scprint,160,4,0.38125,0.45499999999999996,0.58125,0.58125,0.811506986618042,0.9135898678422868,0.7493125
Tendon,acd544d0-4d8b-46c7-98b3-fc48f7e6fdb7,0,42,sctrilemma,160,4,0.53125,0.663125,0.7250000000000001,0.7250000000000001,0.8666199445724487,0.9345662284930605,0.6935
Tendon,acd544d0-4d8b-46c7-98b3-fc48f7e6fdb7,1,43,scvi,160,4,0.51875,0.6875,0.5,0.5,0.5772253274917603,0.7500053187201574,0.5688125
Tendon,acd544d0-4d8b-46c7-98b3-fc48f7e6fdb7,1,43,geneformer,160,4,0.4750000000000001,0.5768749999999999,0.6124999999999999,0.6124999999999999,0.6351121664047241,0.7733419396657256,0.5058750000000001
Tendon,acd544d0-4d8b-46c7-98b3-fc48f7e6fdb7,1,43,scgpt,160,4,0.6,0.7075,0.59375,0.59375,0.6461269855499268,0.7783834966472152,0.5830625
Tendon,acd544d0-4d8b-46c7-98b3-fc48f7e6fdb7,1,43,cellplm,160,4,0.45625000000000004,0.60125,0.4875,0.4875,0.5630993843078613,0.8254803261679788,0.705375
Tendon,acd544d0-4d8b-46c7-98b3-fc48f7e6fdb7,1,43,scprint,160,4,0.36249999999999993,0.424375,0.575,0.575,0.7692943811416626,0.8766291201110232,0.627
Tendon,acd544d0-4d8b-46c7-98b3-fc48f7e6fdb7,1,43,sctrilemma,160,4,0.48124999999999996,0.608125,0.58125,0.58125,0.8116143345832825,0.8979386756162584,0.5878125000000001
Tendon,acd544d0-4d8b-46c7-98b3-fc48f7e6fdb7,2,44,scvi,160,4,0.54375,0.69625,0.6875,0.6875,0.6745890378952026,0.875221242321332,0.7825625
Tendon,acd544d0-4d8b-46c7-98b3-fc48f7e6fdb7,2,44,geneformer,160,4,0.48124999999999996,0.5956250000000001,0.65,0.65,0.6761693954467773,0.8166706982414176,0.6424375000000001
Tendon,acd544d0-4d8b-46c7-98b3-fc48f7e6fdb7,2,44,scgpt,160,4,0.56875,0.725625,0.6812499999999999,0.6812499999999999,0.6753947734832764,0.8364092922717126,0.7136875
Tendon,acd544d0-4d8b-46c7-98b3-fc48f7e6fdb7,2,44,cellplm,160,4,0.51875,0.646875,0.61875,0.61875,0.5938875675201416,0.8784683230680654,0.8268125
Tendon,acd544d0-4d8b-46c7-98b3-fc48f7e6fdb7,2,44,scprint,160,4,0.30625,0.41250000000000003,0.5812499999999999,0.5812499999999999,0.7827102541923523,0.8971352598527756,0.70775
Tendon,acd544d0-4d8b-46c7-98b3-fc48f7e6fdb7,2,44,sctrilemma,160,4,0.46875,0.628125,0.6375,0.6375,0.8493434190750122,0.9302853415959846,0.7065625
Tendon,acd544d0-4d8b-46c7-98b3-fc48f7e6fdb7,3,45,scvi,160,4,0.40625,0.6243749999999999,0.55,0.5499999999999999,0.6008731126785278,0.7867921311690463,0.6400625
Tendon,acd544d0-4d8b-46c7-98b3-fc48f7e6fdb7,3,45,geneformer,160,4,0.38749999999999996,0.535625,0.5375000000000001,0.5375000000000001,0.6525357961654663,0.7950818856038375,0.6020625000000001
Tendon,acd544d0-4d8b-46c7-98b3-fc48f7e6fdb7,3,45,scgpt,160,4,0.53125,0.6418750000000001,0.6499999999999999,0.6499999999999999,0.6239384412765503,0.7827941825148855,0.6198750000000001
Tendon,acd544d0-4d8b-46c7-98b3-fc48f7e6fdb7,3,45,cellplm,160,4,0.4375,0.6018749999999999,0.59375,0.59375,0.48385289311408997,0.8285405542903614,0.7350625000000001
Tendon,acd544d0-4d8b-46c7-98b3-fc48f7e6fdb7,3,45,scprint,160,4,0.2749999999999999,0.40062499999999995,0.5,0.5,0.766581654548645,0.8865458098723863,0.6828125
Tendon,acd544d0-4d8b-46c7-98b3-fc48f7e6fdb7,3,45,sctrilemma,160,4,0.44375,0.5862499999999999,0.675,0.675,0.8266568183898926,0.9113101808439371,0.6258125000000001
Tendon,acd544d0-4d8b-46c7-98b3-fc48f7e6fdb7,4,46,scvi,160,4,0.45625000000000004,0.65375,0.6125,0.6125,0.6482790112495422,0.814878628848485,0.705375
Tendon,acd544d0-4d8b-46c7-98b3-fc48f7e6fdb7,4,46,geneformer,160,4,0.4437500000000001,0.578125,0.5750000000000001,0.5750000000000001,0.6435161232948303,0.7914713810628794,0.5688125
Tendon,acd544d0-4d8b-46c7-98b3-fc48f7e6fdb7,4,46,scgpt,160,4,0.50625,0.6725,0.6687500000000001,0.6687500000000001,0.6514077186584473,0.7908322471336959,0.6424375000000001
Tendon,acd544d0-4d8b-46c7-98b3-fc48f7e6fdb7,4,46,cellplm,160,4,0.39375000000000004,0.595,0.5625,0.5625,0.5643779039382935,0.8475984766048288,0.7505
Tendon,acd544d0-4d8b-46c7-98b3-fc48f7e6fdb7,4,46,scprint,160,4,0.30625,0.40812499999999996,0.5125,0.5125,0.7769851684570312,0.8939330146505223,0.6875625000000001
Tendon,acd544d0-4d8b-46c7-98b3-fc48f7e6fdb7,4,46,sctrilemma,160,4,0.55,0.6525,0.75,0.75,0.8433539271354675,0.9200711480932539,0.6531250000000001
Tendon,acd544d0-4d8b-46c7-98b3-fc48f7e6fdb7,5,47,scvi,160,4,0.5,0.6599999999999999,0.50625,0.50625,0.5845839381217957,0.79016861781336,0.6661875
Tendon,acd544d0-4d8b-46c7-98b3-fc48f7e6fdb7,5,47,geneformer,160,4,0.51875,0.64625,0.6687500000000001,0.6687500000000001,0.6792436242103577,0.8213358059084332,0.5664374999999999
Tendon,acd544d0-4d8b-46c7-98b3-fc48f7e6fdb7,5,47,scgpt,160,4,0.5,0.7,0.6125,0.6125,0.6328926086425781,0.782240251552621,0.619875
Tendon,acd544d0-4d8b-46c7-98b3-fc48f7e6fdb7,5,47,cellplm,160,4,0.375,0.5662499999999999,0.5875,0.5875,0.5098379254341125,0.84035018802146,0.7413125
Tendon,acd544d0-4d8b-46c7-98b3-fc48f7e6fdb7,5,47,scprint,160,4,0.35624999999999996,0.44999999999999996,0.5874999999999999,0.5874999999999999,0.790885329246521,0.8945153010265765,0.686375
Tendon,acd544d0-4d8b-46c7-98b3-fc48f7e6fdb7,5,47,sctrilemma,160,4,0.55,0.64875,0.61875,0.61875,0.8263465166091919,0.9203045867849473,0.657875
Tendon,acd544d0-4d8b-46c7-98b3-fc48f7e6fdb7,6,48,scvi,160,4,0.48124999999999996,0.6668750000000001,0.56875,0.56875,0.6635303497314453,0.8083218961654987,0.6970625
Tendon,acd544d0-4d8b-46c7-98b3-fc48f7e6fdb7,6,48,geneformer,160,4,0.42500000000000004,0.566875,0.55,0.55,0.6679815053939819,0.8144365632921515,0.6376875
Tendon,acd544d0-4d8b-46c7-98b3-fc48f7e6fdb7,6,48,scgpt,160,4,0.5062500000000001,0.6925,0.61875,0.61875,0.6576284170150757,0.8137560681498053,0.672125
Tendon,acd544d0-4d8b-46c7-98b3-fc48f7e6fdb7,6,48,cellplm,160,4,0.4125,0.5987500000000001,0.5812499999999999,0.58125,0.5637630224227905,0.8404019422936938,0.752
Tendon,acd544d0-4d8b-46c7-98b3-fc48f7e6fdb7,6,48,scprint,160,4,0.36875,0.42374999999999996,0.59375,0.59375,0.799315333366394,0.8962466438931329,0.695875
Tendon,acd544d0-4d8b-46c7-98b3-fc48f7e6fdb7,6,48,sctrilemma,160,4,0.4624999999999999,0.6174999999999999,0.5625,0.5625,0.8212815523147583,0.9140571768413596,0.6543125000000001
Tendon,acd544d0-4d8b-46c7-98b3-fc48f7e6fdb7,7,49,scvi,160,4,0.40625,0.6268750000000001,0.6125,0.6125,0.6355413794517517,0.8145157522421171,0.6997500000000001
Tendon,acd544d0-4d8b-46c7-98b3-fc48f7e6fdb7,7,49,geneformer,160,4,0.39375000000000004,0.57875,0.5125,0.5125,0.6525106430053711,0.7808250082188419,0.553375
Tendon,acd544d0-4d8b-46c7-98b3-fc48f7e6fdb7,7,49,scgpt,160,4,0.5,0.6575,0.6375,0.6375,0.6812115907669067,0.7951466884778275,0.6400625
Tendon,acd544d0-4d8b-46c7-98b3-fc48f7e6fdb7,7,49,cellplm,160,4,0.3999999999999999,0.599375,0.55625,0.55625,0.6036651730537415,0.8527908973482075,0.759125
Tendon,acd544d0-4d8b-46c7-98b3-fc48f7e6fdb7,7,49,scprint,160,4,0.30000000000000004,0.38062500000000005,0.50625,0.50625,0.7732768654823303,0.8794915463414793,0.6460000000000001
Tendon,acd544d0-4d8b-46c7-98b3-fc48f7e6fdb7,7,49,sctrilemma,160,4,0.4437500000000001,0.61,0.6937500000000001,0.6937500000000001,0.8275490999221802,0.9061125862553855,0.62225
Tendon,acd544d0-4d8b-46c7-98b3-fc48f7e6fdb7,8,50,scvi,160,4,0.46875,0.6525000000000001,0.5875,0.5874999999999999,0.6314624547958374,0.7946743968357182,0.6768749999999999
Tendon,acd544d0-4d8b-46c7-98b3-fc48f7e6fdb7,8,50,geneformer,160,4,0.4624999999999999,0.594375,0.675,0.675,0.6957573890686035,0.8268045550743754,0.6198750000000001
Tendon,acd544d0-4d8b-46c7-98b3-fc48f7e6fdb7,8,50,scgpt,160,4,0.48750000000000004,0.6974999999999999,0.7124999999999999,0.7124999999999999,0.6719840168952942,0.8098046647353666,0.6495625
Tendon,acd544d0-4d8b-46c7-98b3-fc48f7e6fdb7,8,50,cellplm,160,4,0.39375000000000004,0.60125,0.60625,0.60625,0.5709432363510132,0.8489839719270406,0.7813749999999999
Tendon,acd544d0-4d8b-46c7-98b3-fc48f7e6fdb7,8,50,scprint,160,4,0.28125,0.410625,0.6625,0.6625,0.8211655616760254,0.915525374758696,0.7457499999999999
Tendon,acd544d0-4d8b-46c7-98b3-fc48f7e6fdb7,8,50,sctrilemma,160,4,0.53125,0.634375,0.7437499999999999,0.7437499999999999,0.8606017231941223,0.9334765835347067,0.7398125
Tendon,acd544d0-4d8b-46c7-98b3-fc48f7e6fdb7,9,51,scvi,160,4,0.46875,0.6456249999999999,0.5875,0.5875,0.6460719108581543,0.822444352780987,0.695875
Tendon,acd544d0-4d8b-46c7-98b3-fc48f7e6fdb7,9,51,geneformer,160,4,0.51875,0.59125,0.5499999999999999,0.5499999999999999,0.6655465364456177,0.8174657847127368,0.6091875000000001
Tendon,acd544d0-4d8b-46c7-98b3-fc48f7e6fdb7,9,51,scgpt,160,4,0.55,0.676875,0.65625,0.65625,0.6440930962562561,0.8091770407355421,0.6555
Tendon,acd544d0-4d8b-46c7-98b3-fc48f7e6fdb7,9,51,cellplm,160,4,0.34375,0.581875,0.5499999999999999,0.5499999999999999,0.5820538401603699,0.8709206214513511,0.7885
Tendon,acd544d0-4d8b-46c7-98b3-fc48f7e6fdb7,9,51,scprint,160,4,0.35,0.424375,0.625,0.625,0.7750464081764221,0.8915016950217458,0.684
Tendon,acd544d0-4d8b-46c7-98b3-fc48f7e6fdb7,9,51,sctrilemma,160,4,0.50625,0.619375,0.65625,0.65625,0.8267587423324585,0.9178270336184754,0.6756875
Tendon,acd544d0-4d8b-46c7-98b3-fc48f7e6fdb7,10,52,scvi,160,4,0.5,0.66125,0.675,0.675,0.6736940145492554,0.9043410362088201,0.8300625
Tendon,acd544d0-4d8b-46c7-98b3-fc48f7e6fdb7,10,52,geneformer,160,4,0.38749999999999996,0.5506249999999999,0.7062499999999999,0.70625,0.7009262442588806,0.8397924597796043,0.6365000000000001
Tendon,acd544d0-4d8b-46c7-98b3-fc48f7e6fdb7,10,52,scgpt,160,4,0.51875,0.70625,0.75,0.75,0.7217537760734558,0.8636058028948621,0.733875
Tendon,acd544d0-4d8b-46c7-98b3-fc48f7e6fdb7,10,52,cellplm,160,4,0.45625000000000004,0.6168750000000001,0.66875,0.66875,0.659197211265564,0.9383530107394243,0.8419375
Tendon,acd544d0-4d8b-46c7-98b3-fc48f7e6fdb7,10,52,scprint,160,4,0.35,0.42375,0.7000000000000001,0.7000000000000001,0.8223460912704468,0.9210899810242013,0.7695000000000001
Tendon,acd544d0-4d8b-46c7-98b3-fc48f7e6fdb7,10,52,sctrilemma,160,4,0.51875,0.6200000000000001,0.68125,0.68125,0.8503008484840393,0.9389485346870949,0.7374375
Tendon,acd544d0-4d8b-46c7-98b3-fc48f7e6fdb7,11,53,scvi,160,4,0.5625,0.7262500000000001,0.7,0.7,0.7498253583908081,0.8922718113598597,0.8063125
Tendon,acd544d0-4d8b-46c7-98b3-fc48f7e6fdb7,11,53,geneformer,160,4,0.50625,0.6531250000000001,0.6187499999999999,0.6187499999999999,0.6647652387619019,0.8188122052477818,0.6507499999999999
Tendon,acd544d0-4d8b-46c7-98b3-fc48f7e6fdb7,11,53,scgpt,160,4,0.5812499999999999,0.75125,0.7000000000000001,0.7000000000000001,0.6991185545921326,0.8502076847351723,0.7315
Tendon,acd544d0-4d8b-46c7-98b3-fc48f7e6fdb7,11,53,cellplm,160,4,0.4937499999999999,0.68875,0.7125,0.7125,0.5616593360900879,0.8933748543487007,0.8300625
Tendon,acd544d0-4d8b-46c7-98b3-fc48f7e6fdb7,11,53,scprint,160,4,0.40625,0.43937499999999996,0.6,0.6,0.7978346943855286,0.9053464548120113,0.7314999999999999
Tendon,acd544d0-4d8b-46c7-98b3-fc48f7e6fdb7,11,53,sctrilemma,160,4,0.55625,0.6668750000000001,0.7,0.7,0.8446381092071533,0.9275400335926226,0.7018125
Tendon,acd544d0-4d8b-46c7-98b3-fc48f7e6fdb7,12,54,scvi,160,4,0.48750000000000004,0.6831250000000001,0.625,0.625,0.6769660711288452,0.849417596674532,0.7421875
Tendon,acd544d0-4d8b-46c7-98b3-fc48f7e6fdb7,12,54,geneformer,160,4,0.4,0.5825,0.51875,0.51875,0.6692886352539062,0.8093308448158738,0.6080000000000001
Tendon,acd544d0-4d8b-46c7-98b3-fc48f7e6fdb7,12,54,scgpt,160,4,0.5750000000000001,0.71375,0.6125,0.6125,0.6807751655578613,0.8266230987929604,0.686375
Tendon,acd544d0-4d8b-46c7-98b3-fc48f7e6fdb7,12,54,cellplm,160,4,0.39375000000000004,0.5675,0.5125,0.5125,0.5034431219100952,0.878589900273786,0.7706875
Tendon,acd544d0-4d8b-46c7-98b3-fc48f7e6fdb7,12,54,scprint,160,4,0.36249999999999993,0.405,0.6,0.6000000000000001,0.7652655839920044,0.8889925277706883,0.6970624999999999
Tendon,acd544d0-4d8b-46c7-98b3-fc48f7e6fdb7,12,54,sctrilemma,160,4,0.44375,0.6100000000000001,0.625,0.625,0.8301230669021606,0.9114489108029538,0.6495625
Tendon,acd544d0-4d8b-46c7-98b3-fc48f7e6fdb7,13,55,scvi,160,4,0.54375,0.69625,0.625,0.625,0.6350667476654053,0.8106630761082506,0.7077499999999999
Tendon,acd544d0-4d8b-46c7-98b3-fc48f7e6fdb7,13,55,geneformer,160,4,0.4,0.5774999999999999,0.5875,0.5875,0.6428987979888916,0.7905460961842367,0.6068125
Tendon,acd544d0-4d8b-46c7-98b3-fc48f7e6fdb7,13,55,scgpt,160,4,0.525,0.699375,0.60625,0.6062500000000001,0.6365069150924683,0.8119183443263267,0.6412500000000001
Tendon,acd544d0-4d8b-46c7-98b3-fc48f7e6fdb7,13,55,cellplm,160,4,0.43125,0.6174999999999999,0.55625,0.55625,0.6418794989585876,0.8835163358198603,0.782875
Tendon,acd544d0-4d8b-46c7-98b3-fc48f7e6fdb7,13,55,scprint,160,4,0.25625,0.40249999999999997,0.65625,0.65625,0.780424952507019,0.8895261528162303,0.6768749999999999
Tendon,acd544d0-4d8b-46c7-98b3-fc48f7e6fdb7,13,55,sctrilemma,160,4,0.5187499999999999,0.6299999999999999,0.64375,0.64375,0.8143531680107117,0.9103665302712791,0.6661875
Tendon,acd544d0-4d8b-46c7-98b3-fc48f7e6fdb7,14,56,scvi,160,4,0.475,0.645,0.56875,0.56875,0.6382628679275513,0.7924461624470632,0.681625
Tendon,acd544d0-4d8b-46c7-98b3-fc48f7e6fdb7,14,56,geneformer,160,4,0.48750000000000004,0.601875,0.60625,0.60625,0.6821630597114563,0.8216127118656658,0.5996874999999999
Tendon,acd544d0-4d8b-46c7-98b3-fc48f7e6fdb7,14,56,scgpt,160,4,0.5187499999999999,0.706875,0.6375,0.6375,0.6746956706047058,0.808259941259832,0.665
Tendon,acd544d0-4d8b-46c7-98b3-fc48f7e6fdb7,14,56,cellplm,160,4,0.38750000000000007,0.615625,0.5874999999999999,0.5875,0.5734798908233643,0.8721748221800472,0.78675
Tendon,acd544d0-4d8b-46c7-98b3-fc48f7e6fdb7,14,56,scprint,160,4,0.20625,0.36,0.59375,0.59375,0.7875037789344788,0.8903040154900521,0.667375
Tendon,acd544d0-4d8b-46c7-98b3-fc48f7e6fdb7,14,56,sctrilemma,160,4,0.475,0.62625,0.65625,0.65625,0.8465632200241089,0.9291934541918925,0.662625
Tendon,acd544d0-4d8b-46c7-98b3-fc48f7e6fdb7,15,57,scvi,160,4,0.41874999999999996,0.634375,0.54375,0.54375,0.6137788891792297,0.7721732186948904,0.6555
Tendon,acd544d0-4d8b-46c7-98b3-fc48f7e6fdb7,15,57,geneformer,160,4,0.5125,0.5981249999999999,0.7124999999999999,0.7124999999999999,0.7006953954696655,0.8342134981089288,0.6388750000000001
Tendon,acd544d0-4d8b-46c7-98b3-fc48f7e6fdb7,15,57,scgpt,160,4,0.42500000000000004,0.650625,0.59375,0.59375,0.637374997138977,0.7735172242283082,0.5949375000000001
Tendon,acd544d0-4d8b-46c7-98b3-fc48f7e6fdb7,15,57,cellplm,160,4,0.34375,0.559375,0.575,0.575,0.5137250423431396,0.7946966771494887,0.7326874999999999
Tendon,acd544d0-4d8b-46c7-98b3-fc48f7e6fdb7,15,57,scprint,160,4,0.31875,0.4425,0.7125,0.7125,0.8085711002349854,0.9105501204330128,0.7231875000000001
Tendon,acd544d0-4d8b-46c7-98b3-fc48f7e6fdb7,15,57,sctrilemma,160,4,0.4750000000000001,0.586875,0.71875,0.71875,0.8369073867797852,0.9182329126566942,0.6329375000000002
Tendon,acd544d0-4d8b-46c7-98b3-fc48f7e6fdb7,16,58,scvi,160,4,0.53125,0.6699999999999999,0.6000000000000001,0.6000000000000001,0.6547394394874573,0.8327099366555628,0.7136875
Tendon,acd544d0-4d8b-46c7-98b3-fc48f7e6fdb7,16,58,geneformer,160,4,0.5625,0.638125,0.61875,0.61875,0.6652085781097412,0.8076384670441976,0.558125
Tendon,acd544d0-4d8b-46c7-98b3-fc48f7e6fdb7,16,58,scgpt,160,4,0.5874999999999999,0.73125,0.68125,0.68125,0.6485651731491089,0.8125466480485235,0.6721250000000001
Tendon,acd544d0-4d8b-46c7-98b3-fc48f7e6fdb7,16,58,cellplm,160,4,0.42500000000000004,0.5931249999999999,0.5875,0.5875,0.5470107793807983,0.8769428996746116,0.773375
Tendon,acd544d0-4d8b-46c7-98b3-fc48f7e6fdb7,16,58,scprint,160,4,0.39374999999999993,0.448125,0.5874999999999999,0.5874999999999999,0.8174901008605957,0.9091359574781944,0.7160625
Tendon,acd544d0-4d8b-46c7-98b3-fc48f7e6fdb7,16,58,sctrilemma,160,4,0.59375,0.6643749999999999,0.63125,0.63125,0.8500083684921265,0.9272246675605978,0.6851875
Tendon,acd544d0-4d8b-46c7-98b3-fc48f7e6fdb7,17,59,scvi,160,4,0.525,0.6993750000000001,0.66875,0.66875,0.7274184226989746,0.8775868466562387,0.786125
Tendon,acd544d0-4d8b-46c7-98b3-fc48f7e6fdb7,17,59,geneformer,160,4,0.5125,0.64,0.6375,0.6375,0.7255240082740784,0.8619394426748772,0.7033125
Tendon,acd544d0-4d8b-46c7-98b3-fc48f7e6fdb7,17,59,scgpt,160,4,0.5812499999999999,0.744375,0.7250000000000001,0.7250000000000001,0.7528042793273926,0.8798455551454979,0.7920625000000001
Tendon,acd544d0-4d8b-46c7-98b3-fc48f7e6fdb7,17,59,cellplm,160,4,0.46875,0.6387499999999999,0.6687500000000001,0.6687500000000001,0.5996745228767395,0.9079145383572127,0.84075
Tendon,acd544d0-4d8b-46c7-98b3-fc48f7e6fdb7,17,59,scprint,160,4,0.4,0.435,0.5625,0.5625,0.8015285730361938,0.906329710182804,0.7184375000000001
Tendon,acd544d0-4d8b-46c7-98b3-fc48f7e6fdb7,17,59,sctrilemma,160,4,0.5375,0.6549999999999999,0.70625,0.70625,0.8687765002250671,0.9401286790629392,0.729125
Tendon,acd544d0-4d8b-46c7-98b3-fc48f7e6fdb7,18,60,scvi,160,4,0.475,0.6475,0.5562499999999999,0.55625,0.5819785594940186,0.8065563307766108,0.6970624999999999
Tendon,acd544d0-4d8b-46c7-98b3-fc48f7e6fdb7,18,60,geneformer,160,4,0.44999999999999996,0.5712499999999999,0.6375,0.6375000000000001,0.6404383182525635,0.7782762025956819,0.5759375
Tendon,acd544d0-4d8b-46c7-98b3-fc48f7e6fdb7,18,60,scgpt,160,4,0.53125,0.66875,0.65,0.65,0.6363527178764343,0.7708816709368647,0.6032500000000001
Tendon,acd544d0-4d8b-46c7-98b3-fc48f7e6fdb7,18,60,cellplm,160,4,0.4937499999999999,0.620625,0.59375,0.59375,0.46561968326568604,0.8325251150222207,0.7389375
Tendon,acd544d0-4d8b-46c7-98b3-fc48f7e6fdb7,18,60,scprint,160,4,0.29374999999999996,0.42374999999999996,0.55,0.55,0.780324399471283,0.8871939570180166,0.681625
Tendon,acd544d0-4d8b-46c7-98b3-fc48f7e6fdb7,18,60,sctrilemma,160,4,0.475,0.608125,0.65625,0.65625,0.8378453850746155,0.9164919156092297,0.6353125
Tendon,acd544d0-4d8b-46c7-98b3-fc48f7e6fdb7,19,61,scvi,160,4,0.56875,0.7168749999999999,0.73125,0.73125,0.7112442255020142,0.8913586891020842,0.830375
Tendon,acd544d0-4d8b-46c7-98b3-fc48f7e6fdb7,19,61,geneformer,160,4,0.5562499999999999,0.66875,0.6312499999999999,0.6312499999999999,0.7033773064613342,0.8501370147370471,0.6495625
Tendon,acd544d0-4d8b-46c7-98b3-fc48f7e6fdb7,19,61,scgpt,160,4,0.60625,0.75,0.6625,0.6625,0.7067520618438721,0.8497355335342078,0.719625
Tendon,acd544d0-4d8b-46c7-98b3-fc48f7e6fdb7,19,61,cellplm,160,4,0.44999999999999996,0.62875,0.65,0.65,0.46925076842308044,0.8648575514797426,0.814625
Tendon,acd544d0-4d8b-46c7-98b3-fc48f7e6fdb7,19,61,scprint,160,4,0.43125,0.45687500000000003,0.5562499999999999,0.5562499999999999,0.8129228353500366,0.9178618904874706,0.7457499999999999
Tendon,acd544d0-4d8b-46c7-98b3-fc48f7e6fdb7,19,61,sctrilemma,160,4,0.54375,0.659375,0.6375,0.6375,0.8446082472801208,0.9312153980856301,0.710125
Colon,829a3cd1-a466-49f1-b2e9-d3f6b7f392e2,0,42,scvi,240,6,0.6291666666666668,0.6179166666666667,0.6375000000000001,0.6375000000000001,0.7390391826629639,0.9280048671085227,0.8910416666666667
Colon,829a3cd1-a466-49f1-b2e9-d3f6b7f392e2,0,42,geneformer,240,6,0.5125000000000001,0.5745833333333333,0.6458333333333334,0.6458333333333334,0.6636609435081482,0.8653122423220853,0.7869166666666666
Colon,829a3cd1-a466-49f1-b2e9-d3f6b7f392e2,0,42,scgpt,240,6,0.5708333333333333,0.62625,0.6166666666666667,0.6166666666666667,0.6460288763046265,0.8643037888501219,0.81225
Colon,829a3cd1-a466-49f1-b2e9-d3f6b7f392e2,0,42,cellplm,240,6,0.49583333333333335,0.5800000000000001,0.5458333333333333,0.5458333333333333,0.6692668795585632,0.9641546792003549,0.9047083333333333
Colon,829a3cd1-a466-49f1-b2e9-d3f6b7f392e2,0,42,scprint,240,6,0.44166666666666654,0.49583333333333324,0.6166666666666667,0.6166666666666667,0.774256706237793,0.8854039080785607,0.7386249999999999
Colon,829a3cd1-a466-49f1-b2e9-d3f6b7f392e2,0,42,sctrilemma,240,6,0.5666666666666667,0.6279166666666667,0.6291666666666668,0.6291666666666668,0.7776091694831848,0.8998285179107407,0.74575
Colon,829a3cd1-a466-49f1-b2e9-d3f6b7f392e2,1,43,scvi,240,6,0.65,0.6279166666666667,0.6708333333333334,0.6708333333333334,0.7364726662635803,0.9164106890375923,0.8621249999999998
Colon,829a3cd1-a466-49f1-b2e9-d3f6b7f392e2,1,43,geneformer,240,6,0.43333333333333335,0.5395833333333333,0.5875,0.5875,0.6532666087150574,0.8388478010084776,0.7322916666666668
Colon,829a3cd1-a466-49f1-b2e9-d3f6b7f392e2,1,43,scgpt,240,6,0.4750000000000001,0.585,0.5583333333333333,0.5583333333333333,0.6316527724266052,0.8551683521277831,0.7972083333333332
Colon,829a3cd1-a466-49f1-b2e9-d3f6b7f392e2,1,43,cellplm,240,6,0.47083333333333344,0.5679166666666666,0.5541666666666667,0.5541666666666666,0.6406211256980896,0.9262601033455031,0.844125
Colon,829a3cd1-a466-49f1-b2e9-d3f6b7f392e2,1,43,scprint,240,6,0.4666666666666667,0.47375,0.5458333333333333,0.5458333333333333,0.761592447757721,0.8744071703750969,0.7164583333333333
Colon,829a3cd1-a466-49f1-b2e9-d3f6b7f392e2,1,43,sctrilemma,240,6,0.5041666666666668,0.5891666666666667,0.5666666666666668,0.5666666666666667,0.7649000287055969,0.8887178023147866,0.7481249999999999
Colon,829a3cd1-a466-49f1-b2e9-d3f6b7f392e2,2,44,scvi,240,6,0.525,0.5733333333333333,0.5291666666666667,0.5291666666666667,0.7069143652915955,0.8783139811974859,0.8187916666666667
Colon,829a3cd1-a466-49f1-b2e9-d3f6b7f392e2,2,44,geneformer,240,6,0.5041666666666667,0.5816666666666667,0.6541666666666667,0.6541666666666667,0.6623949408531189,0.8661177755195065,0.7877083333333333
Colon,829a3cd1-a466-49f1-b2e9-d3f6b7f392e2,2,44,scgpt,240,6,0.5250000000000001,0.59375,0.6083333333333333,0.6083333333333333,0.6416531205177307,0.8541415985328105,0.8053333333333333
Colon,829a3cd1-a466-49f1-b2e9-d3f6b7f392e2,2,44,cellplm,240,6,0.5083333333333334,0.5658333333333334,0.5625,0.5625,0.6487173438072205,0.9268098603950911,0.8670833333333334
Colon,829a3cd1-a466-49f1-b2e9-d3f6b7f392e2,2,44,scprint,240,6,0.43333333333333346,0.46791666666666665,0.6,0.6,0.7545619606971741,0.8824180226884962,0.7140833333333334
Colon,829a3cd1-a466-49f1-b2e9-d3f6b7f392e2,2,44,sctrilemma,240,6,0.5666666666666668,0.6216666666666666,0.6333333333333333,0.6333333333333333,0.7789129614830017,0.8950365117452793,0.7315000000000002
Colon,829a3cd1-a466-49f1-b2e9-d3f6b7f392e2,3,45,scvi,240,6,0.5833333333333334,0.5745833333333333,0.5416666666666666,0.5416666666666666,0.702342689037323,0.885685214206402,0.8124583333333334
Colon,829a3cd1-a466-49f1-b2e9-d3f6b7f392e2,3,45,geneformer,240,6,0.4666666666666667,0.545,0.6166666666666666,0.6166666666666666,0.6163905262947083,0.8393805295503564,0.7473333333333333
Colon,829a3cd1-a466-49f1-b2e9-d3f6b7f392e2,3,45,scgpt,240,6,0.5166666666666667,0.57125,0.5583333333333332,0.5583333333333332,0.6157005429267883,0.827009259069191,0.7712916666666666
Colon,829a3cd1-a466-49f1-b2e9-d3f6b7f392e2,3,45,cellplm,240,6,0.5000000000000001,0.5700000000000001,0.5791666666666667,0.5791666666666667,0.7333318591117859,0.9397383315137383,0.8872916666666666
Colon,829a3cd1-a466-49f1-b2e9-d3f6b7f392e2,3,45,scprint,240,6,0.40833333333333344,0.4466666666666666,0.5583333333333333,0.5583333333333333,0.7353711128234863,0.8673194616235218,0.6950833333333333
Colon,829a3cd1-a466-49f1-b2e9-d3f6b7f392e2,3,45,sctrilemma,240,6,0.5208333333333334,0.5579166666666667,0.5499999999999999,0.5499999999999999,0.7379156947135925,0.8728359523174493,0.703
Colon,829a3cd1-a466-49f1-b2e9-d3f6b7f392e2,4,46,scvi,240,6,0.5125000000000001,0.5504166666666668,0.5333333333333333,0.5333333333333333,0.7245295643806458,0.8933872783174646,0.8211666666666666
Colon,829a3cd1-a466-49f1-b2e9-d3f6b7f392e2,4,46,geneformer,240,6,0.45000000000000007,0.5229166666666667,0.525,0.525,0.6432743072509766,0.8490183567051077,0.7576249999999999
Colon,829a3cd1-a466-49f1-b2e9-d3f6b7f392e2,4,46,scgpt,240,6,0.49583333333333346,0.5641666666666667,0.4958333333333334,0.4958333333333334,0.6231780052185059,0.8403086163615426,0.7712916666666666
Colon,829a3cd1-a466-49f1-b2e9-d3f6b7f392e2,4,46,cellplm,240,6,0.49583333333333335,0.5333333333333332,0.5208333333333334,0.5208333333333334,0.6595382690429688,0.9290140093425667,0.8769999999999999
Colon,829a3cd1-a466-49f1-b2e9-d3f6b7f392e2,4,46,scprint,240,6,0.4083333333333333,0.44125000000000003,0.5249999999999999,0.5249999999999999,0.7461941242218018,0.8732050893324468,0.672125
Colon,829a3cd1-a466-49f1-b2e9-d3f6b7f392e2,4,46,sctrilemma,240,6,0.525,0.5683333333333334,0.5083333333333333,0.5083333333333334,0.7609474658966064,0.8856673200630525,0.7135000000000001
Colon,829a3cd1-a466-49f1-b2e9-d3f6b7f392e2,5,47,scvi,240,6,0.6166666666666668,0.605,0.5833333333333334,0.5833333333333334,0.7085959911346436,0.8984420131717813,0.8462916666666667
Colon,829a3cd1-a466-49f1-b2e9-d3f6b7f392e2,5,47,geneformer,240,6,0.48750000000000004,0.53,0.5625000000000001,0.5625000000000001,0.6196296811103821,0.8372544716517971,0.70775
Colon,829a3cd1-a466-49f1-b2e9-d3f6b7f392e2,5,47,scgpt,240,6,0.5166666666666667,0.5879166666666666,0.5208333333333334,0.5208333333333334,0.581832230091095,0.8386668162261447,0.7520833333333332
Colon,829a3cd1-a466-49f1-b2e9-d3f6b7f392e2,5,47,cellplm,240,6,0.5125000000000001,0.57125,0.5708333333333334,0.5708333333333334,0.631748378276825,0.9368288134582677,0.85975
Colon,829a3cd1-a466-49f1-b2e9-d3f6b7f392e2,5,47,scprint,240,6,0.45000000000000007,0.4658333333333333,0.5791666666666667,0.5791666666666667,0.7412097454071045,0.880752648556685,0.7037916666666666
Colon,829a3cd1-a466-49f1-b2e9-d3f6b7f392e2,5,47,sctrilemma,240,6,0.5166666666666667,0.5816666666666667,0.5166666666666667,0.5166666666666667,0.759783923625946,0.8819425785797004,0.6895416666666666
Colon,829a3cd1-a466-49f1-b2e9-d3f6b7f392e2,6,48,scvi,240,6,0.5833333333333334,0.5920833333333333,0.6041666666666666,0.6041666666666666,0.7488992214202881,0.9159738750078689,0.8664999999999999
Colon,829a3cd1-a466-49f1-b2e9-d3f6b7f392e2,6,48,geneformer,240,6,0.4541666666666667,0.5587500000000001,0.6458333333333334,0.6458333333333334,0.6870576739311218,0.8575903594746742,0.7778333333333333
Colon,829a3cd1-a466-49f1-b2e9-d3f6b7f392e2,6,48,scgpt,240,6,0.5166666666666667,0.6004166666666666,0.6083333333333334,0.6083333333333334,0.6672057509422302,0.8716416535209057,0.819
Colon,829a3cd1-a466-49f1-b2e9-d3f6b7f392e2,6,48,cellplm,240,6,0.49583333333333346,0.5916666666666667,0.6208333333333333,0.6208333333333333,0.7058584690093994,0.9557513250398593,0.9217083333333332
Colon,829a3cd1-a466-49f1-b2e9-d3f6b7f392e2,6,48,scprint,240,6,0.41666666666666674,0.4670833333333333,0.5750000000000001,0.5750000000000001,0.7399129867553711,0.8674607127912345,0.70775
Colon,829a3cd1-a466-49f1-b2e9-d3f6b7f392e2,6,48,sctrilemma,240,6,0.5083333333333334,0.5825,0.5958333333333333,0.5958333333333332,0.7899759411811829,0.8992654009937212,0.7568333333333334
Colon,829a3cd1-a466-49f1-b2e9-d3f6b7f392e2,7,49,scvi,240,6,0.5583333333333333,0.5820833333333333,0.6249999999999999,0.6249999999999999,0.7179253697395325,0.9091653250718106,0.8629583333333333
Colon,829a3cd1-a466-49f1-b2e9-d3f6b7f392e2,7,49,geneformer,240,6,0.5375,0.5979166666666667,0.6791666666666667,0.6791666666666667,0.6766536235809326,0.8648948976227333,0.7655416666666667
Colon,829a3cd1-a466-49f1-b2e9-d3f6b7f392e2,7,49,scgpt,240,6,0.5333333333333333,0.6158333333333333,0.6708333333333333,0.6708333333333333,0.6439303755760193,0.8631888844733097,0.8154166666666667
Colon,829a3cd1-a466-49f1-b2e9-d3f6b7f392e2,7,49,cellplm,240,6,0.5375,0.6054166666666667,0.6208333333333332,0.6208333333333332,0.7307343482971191,0.9610752116349007,0.9114166666666667
Colon,829a3cd1-a466-49f1-b2e9-d3f6b7f392e2,7,49,scprint,240,6,0.45000000000000007,0.49416666666666664,0.6083333333333333,0.6083333333333333,0.7459456920623779,0.8792836276405187,0.7156666666666666
Colon,829a3cd1-a466-49f1-b2e9-d3f6b7f392e2,7,49,sctrilemma,240,6,0.5875,0.63375,0.6291666666666668,0.6291666666666668,0.7717447876930237,0.8949876773291137,0.7053750000000001
Colon,829a3cd1-a466-49f1-b2e9-d3f6b7f392e2,8,50,scvi,240,6,0.6125000000000002,0.5954166666666667,0.49583333333333335,0.49583333333333335,0.6966900825500488,0.8721394091348369,0.7956249999999999
Colon,829a3cd1-a466-49f1-b2e9-d3f6b7f392e2,8,50,geneformer,240,6,0.4208333333333333,0.5079166666666667,0.5458333333333333,0.5458333333333333,0.6139853596687317,0.7845161000907855,0.6745000000000001
Colon,829a3cd1-a466-49f1-b2e9-d3f6b7f392e2,8,50,scgpt,240,6,0.48750000000000004,0.5579166666666666,0.5125,0.5125,0.603736400604248,0.7919555085877854,0.7103333333333333
Colon,829a3cd1-a466-49f1-b2e9-d3f6b7f392e2,8,50,cellplm,240,6,0.5083333333333334,0.5775000000000001,0.5083333333333333,0.5083333333333333,0.6544885635375977,0.9123515677155892,0.8573749999999999
Colon,829a3cd1-a466-49f1-b2e9-d3f6b7f392e2,8,50,scprint,240,6,0.35,0.4091666666666667,0.5083333333333333,0.5083333333333333,0.7171255946159363,0.8426463026932816,0.6285833333333334
Colon,829a3cd1-a466-49f1-b2e9-d3f6b7f392e2,8,50,sctrilemma,240,6,0.47083333333333344,0.535,0.48333333333333334,0.48333333333333334,0.7243472933769226,0.8472725523252104,0.6309583333333333
Colon,829a3cd1-a466-49f1-b2e9-d3f6b7f392e2,9,51,scvi,240,6,0.5541666666666668,0.58375,0.6291666666666667,0.6291666666666667,0.7131469249725342,0.8804479228301867,0.8150416666666667
Colon,829a3cd1-a466-49f1-b2e9-d3f6b7f392e2,9,51,geneformer,240,6,0.5375,0.6116666666666666,0.6083333333333334,0.6083333333333334,0.6830129623413086,0.8565138656004067,0.7497083333333333
Colon,829a3cd1-a466-49f1-b2e9-d3f6b7f392e2,9,51,scgpt,240,6,0.5583333333333335,0.6208333333333333,0.6666666666666666,0.6666666666666666,0.6665660738945007,0.8711104938666099,0.8193750000000001
Colon,829a3cd1-a466-49f1-b2e9-d3f6b7f392e2,9,51,cellplm,240,6,0.5375,0.6079166666666667,0.5666666666666668,0.5666666666666668,0.6449450850486755,0.9362413202600487,0.8878750000000001
Colon,829a3cd1-a466-49f1-b2e9-d3f6b7f392e2,9,51,scprint,240,6,0.41666666666666663,0.47458333333333325,0.5583333333333333,0.5583333333333333,0.7596902847290039,0.8776703940215349,0.710125
Colon,829a3cd1-a466-49f1-b2e9-d3f6b7f392e2,9,51,sctrilemma,240,6,0.5708333333333334,0.6129166666666667,0.5583333333333332,0.5583333333333332,0.768440306186676,0.8889853349616325,0.7125
Colon,829a3cd1-a466-49f1-b2e9-d3f6b7f392e2,10,52,scvi,240,6,0.5666666666666668,0.58625,0.6125,0.6125,0.7030330300331116,0.8996349698688524,0.8290833333333333
Colon,829a3cd1-a466-49f1-b2e9-d3f6b7f392e2,10,52,geneformer,240,6,0.5125000000000001,0.5900000000000001,0.65,0.65,0.6756188869476318,0.8445096072800443,0.7607916666666665
Colon,829a3cd1-a466-49f1-b2e9-d3f6b7f392e2,10,52,scgpt,240,6,0.55,0.6166666666666667,0.6333333333333333,0.6333333333333333,0.6405724287033081,0.8635159739405996,0.8003749999999998
Colon,829a3cd1-a466-49f1-b2e9-d3f6b7f392e2,10,52,cellplm,240,6,0.5083333333333334,0.5687500000000001,0.6208333333333332,0.6208333333333332,0.6455859541893005,0.9550225724161887,0.896375
Colon,829a3cd1-a466-49f1-b2e9-d3f6b7f392e2,10,52,scprint,240,6,0.4125,0.4633333333333334,0.6291666666666667,0.6291666666666667,0.7516226768493652,0.8752746304865564,0.70775
Colon,829a3cd1-a466-49f1-b2e9-d3f6b7f392e2,10,52,sctrilemma,240,6,0.5666666666666667,0.6112500000000001,0.6291666666666667,0.6291666666666667,0.7818171381950378,0.8915085231466702,0.7235833333333334
Colon,829a3cd1-a466-49f1-b2e9-d3f6b7f392e2,11,53,scvi,240,6,0.5875,0.5641666666666667,0.6083333333333334,0.6083333333333334,0.7173056602478027,0.8842901997924051,0.82475
Colon,829a3cd1-a466-49f1-b2e9-d3f6b7f392e2,11,53,geneformer,240,6,0.5125000000000001,0.5541666666666667,0.5958333333333333,0.5958333333333333,0.6460170745849609,0.8561282803625729,0.7568333333333332
Colon,829a3cd1-a466-49f1-b2e9-d3f6b7f392e2,11,53,scgpt,240,6,0.5625000000000001,0.60125,0.5625,0.5625,0.6205877661705017,0.848171855796899,0.7889166666666667
Colon,829a3cd1-a466-49f1-b2e9-d3f6b7f392e2,11,53,cellplm,240,6,0.5291666666666667,0.5587500000000001,0.525,0.525,0.5919701457023621,0.9095792545807042,0.8565833333333334
Colon,829a3cd1-a466-49f1-b2e9-d3f6b7f392e2,11,53,scprint,240,6,0.38750000000000007,0.45666666666666667,0.5708333333333333,0.5708333333333333,0.7478172779083252,0.8722317956726577,0.6808333333333333
Colon,829a3cd1-a466-49f1-b2e9-d3f6b7f392e2,11,53,sctrilemma,240,6,0.5625000000000001,0.5958333333333334,0.6,0.6,0.769571840763092,0.887462001590565,0.7132916666666665
Colon,829a3cd1-a466-49f1-b2e9-d3f6b7f392e2,12,54,scvi,240,6,0.5666666666666668,0.6004166666666666,0.5208333333333333,0.5208333333333334,0.6891666054725647,0.8740122353797395,0.805125
Colon,829a3cd1-a466-49f1-b2e9-d3f6b7f392e2,12,54,geneformer,240,6,0.4625,0.5275,0.5541666666666668,0.5541666666666668,0.6363157629966736,0.8277208587180495,0.7164583333333333
Colon,829a3cd1-a466-49f1-b2e9-d3f6b7f392e2,12,54,scgpt,240,6,0.5125000000000001,0.57375,0.5166666666666666,0.5166666666666666,0.6141378283500671,0.8344321793721269,0.7467499999999999
Colon,829a3cd1-a466-49f1-b2e9-d3f6b7f392e2,12,54,cellplm,240,6,0.4458333333333334,0.55,0.5,0.5,0.6080001592636108,0.9254477361082638,0.8567916666666666
Colon,829a3cd1-a466-49f1-b2e9-d3f6b7f392e2,12,54,scprint,240,6,0.37083333333333335,0.4520833333333333,0.5874999999999999,0.5874999999999999,0.735626220703125,0.872103711580998,0.676875
Colon,829a3cd1-a466-49f1-b2e9-d3f6b7f392e2,12,54,sctrilemma,240,6,0.5166666666666667,0.57875,0.5333333333333333,0.5333333333333333,0.7430031895637512,0.8706285665413559,0.6879583333333333
Colon,829a3cd1-a466-49f1-b2e9-d3f6b7f392e2,13,55,scvi,240,6,0.5708333333333334,0.6183333333333334,0.5958333333333333,0.5958333333333333,0.7287085652351379,0.898122013457114,0.8328333333333333
Colon,829a3cd1-a466-49f1-b2e9-d3f6b7f392e2,13,55,geneformer,240,6,0.6125,0.6329166666666667,0.6625000000000001,0.6625000000000001,0.7042858600616455,0.8826954148340045,0.7750416666666666
Colon,829a3cd1-a466-49f1-b2e9-d3f6b7f392e2,13,55,scgpt,240,6,0.6291666666666668,0.6420833333333333,0.6666666666666666,0.6666666666666666,0.671661913394928,0.8671512131831562,0.8154166666666666
Colon,829a3cd1-a466-49f1-b2e9-d3f6b7f392e2,13,55,cellplm,240,6,0.5,0.6091666666666665,0.6041666666666666,0.6041666666666666,0.6449490189552307,0.9528563217993289,0.9177499999999998
Colon,829a3cd1-a466-49f1-b2e9-d3f6b7f392e2,13,55,scprint,240,6,0.5375000000000001,0.5254166666666666,0.6541666666666667,0.6541666666666667,0.7747623920440674,0.8868088362084419,0.7243750000000001
Colon,829a3cd1-a466-49f1-b2e9-d3f6b7f392e2,13,55,sctrilemma,240,6,0.65,0.68625,0.6124999999999999,0.6124999999999999,0.7880702018737793,0.9014720493409544,0.7275416666666666
Colon,829a3cd1-a466-49f1-b2e9-d3f6b7f392e2,14,56,scvi,240,6,0.5666666666666668,0.5720833333333333,0.5708333333333333,0.5708333333333333,0.7259753346443176,0.8911106874433066,0.8209583333333335
Colon,829a3cd1-a466-49f1-b2e9-d3f6b7f392e2,14,56,geneformer,240,6,0.45000000000000007,0.5495833333333333,0.5791666666666666,0.5791666666666666,0.6618033051490784,0.8521531956561672,0.7515000000000002
Colon,829a3cd1-a466-49f1-b2e9-d3f6b7f392e2,14,56,scgpt,240,6,0.4833333333333335,0.5741666666666667,0.5083333333333333,0.5083333333333333,0.6452818512916565,0.8571809710870393,0.7908749999999999
Colon,829a3cd1-a466-49f1-b2e9-d3f6b7f392e2,14,56,cellplm,240,6,0.49583333333333324,0.5479166666666666,0.525,0.525,0.6266555190086365,0.9121008295941778,0.8623333333333334
Colon,829a3cd1-a466-49f1-b2e9-d3f6b7f392e2,14,56,scprint,240,6,0.36250000000000004,0.4395833333333333,0.49583333333333335,0.49583333333333335,0.7427759766578674,0.8706944400887007,0.6887500000000001
Colon,829a3cd1-a466-49f1-b2e9-d3f6b7f392e2,14,56,sctrilemma,240,6,0.5166666666666667,0.5791666666666666,0.5291666666666667,0.5291666666666667,0.75494384765625,0.8829745139006444,0.7156666666666668
Colon,829a3cd1-a466-49f1-b2e9-d3f6b7f392e2,15,57,scvi,240,6,0.6041666666666667,0.6170833333333333,0.5833333333333334,0.5833333333333334,0.7282561659812927,0.9151176957905136,0.8522500000000001
Colon,829a3cd1-a466-49f1-b2e9-d3f6b7f392e2,15,57,geneformer,240,6,0.4541666666666667,0.53,0.6291666666666668,0.6291666666666668,0.6203555464744568,0.8181692981231014,0.7045833333333333
Colon,829a3cd1-a466-49f1-b2e9-d3f6b7f392e2,15,57,scgpt,240,6,0.5166666666666667,0.5974999999999999,0.6041666666666666,0.6041666666666666,0.6063408255577087,0.8234801653618671,0.7491249999999999
Colon,829a3cd1-a466-49f1-b2e9-d3f6b7f392e2,15,57,cellplm,240,6,0.5083333333333334,0.53625,0.5916666666666667,0.5916666666666667,0.6359415650367737,0.9280951512175233,0.9058750000000001
Colon,829a3cd1-a466-49f1-b2e9-d3f6b7f392e2,15,57,scprint,240,6,0.4458333333333333,0.4525,0.5666666666666667,0.5666666666666667,0.7262439727783203,0.8569324959754088,0.6602500000000001
Colon,829a3cd1-a466-49f1-b2e9-d3f6b7f392e2,15,57,sctrilemma,240,6,0.5458333333333335,0.6054166666666667,0.5624999999999999,0.5624999999999999,0.7362516522407532,0.868042338227177,0.6737083333333334
Colon,829a3cd1-a466-49f1-b2e9-d3f6b7f392e2,16,58,scvi,240,6,0.5625,0.5858333333333333,0.6083333333333333,0.6083333333333333,0.7322700619697571,0.9094837840253882,0.8354166666666667
Colon,829a3cd1-a466-49f1-b2e9-d3f6b7f392e2,16,58,geneformer,240,6,0.4708333333333333,0.5412499999999999,0.5708333333333333,0.5708333333333333,0.6440378427505493,0.8116993793369532,0.7172499999999999
Colon,829a3cd1-a466-49f1-b2e9-d3f6b7f392e2,16,58,scgpt,240,6,0.47916666666666663,0.5716666666666665,0.5333333333333333,0.5333333333333333,0.6331382393836975,0.8271792921827528,0.7631666666666667
Colon,829a3cd1-a466-49f1-b2e9-d3f6b7f392e2,16,58,cellplm,240,6,0.45000000000000007,0.5195833333333333,0.5291666666666667,0.5291666666666667,0.6590559482574463,0.9374146129655205,0.8961666666666667
Colon,829a3cd1-a466-49f1-b2e9-d3f6b7f392e2,16,58,scprint,240,6,0.38750000000000007,0.4487500000000001,0.5625,0.5625,0.7304065823554993,0.8597885624696014,0.6745
Colon,829a3cd1-a466-49f1-b2e9-d3f6b7f392e2,16,58,sctrilemma,240,6,0.48750000000000004,0.5633333333333334,0.5125000000000001,0.5125000000000001,0.7300785183906555,0.860278951901524,0.6642083333333334
Colon,829a3cd1-a466-49f1-b2e9-d3f6b7f392e2,17,59,scvi,240,6,0.5125000000000001,0.5487500000000001,0.5125000000000001,0.5125,0.7137932181358337,0.9092315892866005,0.8623333333333334
Colon,829a3cd1-a466-49f1-b2e9-d3f6b7f392e2,17,59,geneformer,240,6,0.37916666666666676,0.4875,0.5499999999999999,0.5499999999999999,0.6161268353462219,0.8113229155991651,0.7045833333333333
Colon,829a3cd1-a466-49f1-b2e9-d3f6b7f392e2,17,59,scgpt,240,6,0.4291666666666667,0.5366666666666666,0.5041666666666667,0.5041666666666667,0.6042088866233826,0.8249748284422111,0.753875
Colon,829a3cd1-a466-49f1-b2e9-d3f6b7f392e2,17,59,cellplm,240,6,0.45833333333333337,0.5341666666666667,0.5375000000000001,0.5375,0.6234135031700134,0.9268213538549334,0.8773750000000001
Colon,829a3cd1-a466-49f1-b2e9-d3f6b7f392e2,17,59,scprint,240,6,0.3458333333333333,0.41250000000000003,0.5291666666666667,0.5291666666666667,0.7390708923339844,0.8657398837390794,0.700625
Colon,829a3cd1-a466-49f1-b2e9-d3f6b7f392e2,17,59,sctrilemma,240,6,0.37916666666666676,0.5145833333333333,0.49583333333333335,0.49583333333333335,0.7301796078681946,0.8620943236106046,0.6697500000000001
Colon,829a3cd1-a466-49f1-b2e9-d3f6b7f392e2,18,60,scvi,240,6,0.5708333333333335,0.55125,0.5458333333333333,0.5458333333333333,0.7341235280036926,0.8988668864226335,0.8395833333333335
Colon,829a3cd1-a466-49f1-b2e9-d3f6b7f392e2,18,60,geneformer,240,6,0.4708333333333333,0.5395833333333334,0.5916666666666668,0.5916666666666668,0.6604219675064087,0.842078654391067,0.7315
Colon,829a3cd1-a466-49f1-b2e9-d3f6b7f392e2,18,60,scgpt,240,6,0.45833333333333337,0.5545833333333333,0.5666666666666668,0.5666666666666668,0.6308382153511047,0.8365363808684123,0.7948333333333335
Colon,829a3cd1-a466-49f1-b2e9-d3f6b7f392e2,18,60,cellplm,240,6,0.5083333333333333,0.5775000000000001,0.5833333333333334,0.5833333333333334,0.6985800862312317,0.9363683432217076,0.876
Colon,829a3cd1-a466-49f1-b2e9-d3f6b7f392e2,18,60,scprint,240,6,0.3833333333333334,0.4425,0.5375,0.5375,0.746284008026123,0.8690379989825255,0.7227916666666667
Colon,829a3cd1-a466-49f1-b2e9-d3f6b7f392e2,18,60,sctrilemma,240,6,0.5125000000000001,0.5666666666666667,0.5125000000000001,0.5125000000000001,0.7513046860694885,0.8764285018588706,0.6990416666666667
Colon,829a3cd1-a466-49f1-b2e9-d3f6b7f392e2,19,61,scvi,240,6,0.6000000000000001,0.6074999999999999,0.5625,0.5625,0.7217607498168945,0.9005112674044998,0.8235416666666667
Colon,829a3cd1-a466-49f1-b2e9-d3f6b7f392e2,19,61,geneformer,240,6,0.6000000000000002,0.6329166666666666,0.6708333333333334,0.6708333333333334,0.6918812394142151,0.8810216510275576,0.7568333333333332
Colon,829a3cd1-a466-49f1-b2e9-d3f6b7f392e2,19,61,scgpt,240,6,0.6083333333333333,0.645,0.6749999999999999,0.6749999999999999,0.6601831316947937,0.8789600662772384,0.8162083333333333
Colon,829a3cd1-a466-49f1-b2e9-d3f6b7f392e2,19,61,cellplm,240,6,0.48750000000000004,0.5729166666666667,0.5958333333333333,0.5958333333333333,0.7432000041007996,0.9513991180771277,0.9037083333333333
Colon,829a3cd1-a466-49f1-b2e9-d3f6b7f392e2,19,61,scprint,240,6,0.4916666666666668,0.50875,0.6125000000000002,0.6125000000000002,0.776920735836029,0.8913316546077528,0.7394166666666666
Colon,829a3cd1-a466-49f1-b2e9-d3f6b7f392e2,19,61,sctrilemma,240,6,0.6375,0.6658333333333333,0.6375000000000001,0.6375000000000001,0.8007216453552246,0.9090112271564426,0.7227916666666666
