scope,condition,e_gate,c_route,pb_cond,provenance,dataset,metric,value,note
leave_one_out,Full,1,1,1,ablation_arms_2026-09,01b84709-139c-4485-98a9-6e14c58fbbf6,bras,0.8118580788373947,Released checkpoint (Table 1/2 source).
leave_one_out,Full,1,1,1,ablation_arms_2026-09,01b84709-139c-4485-98a9-6e14c58fbbf6,asw,0.5431117802858353,Released checkpoint (Table 1/2 source).
leave_one_out,Full,1,1,1,ablation_arms_2026-09,07dd8c34-4625-480a-8ee4-273a06c3082b,bras,0.8943475306034088,Released checkpoint (Table 1/2 source).
leave_one_out,Full,1,1,1,ablation_arms_2026-09,07dd8c34-4625-480a-8ee4-273a06c3082b,asw,0.6325355887413024,Released checkpoint (Table 1/2 source).
leave_one_out,Full,1,1,1,ablation_arms_2026-09,09b518f9-da64-44cc-aec8-70a89d55611f,bras,0.83900665640831,Released checkpoint (Table 1/2 source).
leave_one_out,Full,1,1,1,ablation_arms_2026-09,09b518f9-da64-44cc-aec8-70a89d55611f,asw,0.5096527248620987,Released checkpoint (Table 1/2 source).
leave_one_out,Full,1,1,1,ablation_arms_2026-09,0a8e3443-c3e2-4918-84db-0495657d9175,bras,0.9312051951885224,Released checkpoint (Table 1/2 source).
leave_one_out,Full,1,1,1,ablation_arms_2026-09,0a8e3443-c3e2-4918-84db-0495657d9175,asw,0.5311581313610076,Released checkpoint (Table 1/2 source).
leave_one_out,Full,1,1,1,ablation_arms_2026-09,0ae6f031-2f9c-4247-8b26-db320d6efd32,asw,0.5520023316144943,Released checkpoint (Table 1/2 source).
leave_one_out,Full,1,1,1,ablation_arms_2026-09,0bf30b02-db97-4560-b9cd-0fe3588892af,bras,0.7789791256189347,Released checkpoint (Table 1/2 source).
leave_one_out,Full,1,1,1,ablation_arms_2026-09,0bf30b02-db97-4560-b9cd-0fe3588892af,asw,0.539971187710762,Released checkpoint (Table 1/2 source).
leave_one_out,Full,1,1,1,ablation_arms_2026-09,0c0c49a2-b96b-432f-98a4-1decf9929149,bras,0.9357754230499268,Released checkpoint (Table 1/2 source).
leave_one_out,Full,1,1,1,ablation_arms_2026-09,0c0c49a2-b96b-432f-98a4-1decf9929149,asw,0.5285531401634216,Released checkpoint (Table 1/2 source).
leave_one_out,Full,1,1,1,ablation_arms_2026-09,145dcf6a-2461-4fa3-a0af-7fc56db0bd33,asw,0.6015913248062134,Released checkpoint (Table 1/2 source).
leave_one_out,Full,1,1,1,ablation_arms_2026-09,16023185-de21-4c0d-a9c8-73abdd52d142,bras,0.8365969985723496,Released checkpoint (Table 1/2 source).
leave_one_out,Full,1,1,1,ablation_arms_2026-09,16023185-de21-4c0d-a9c8-73abdd52d142,asw,0.511396712064743,Released checkpoint (Table 1/2 source).
leave_one_out,Full,1,1,1,ablation_arms_2026-09,19053a82-9c89-4fb8-bd19-d7b1800b0b7b,bras,0.758876359462738,Released checkpoint (Table 1/2 source).
leave_one_out,Full,1,1,1,ablation_arms_2026-09,19053a82-9c89-4fb8-bd19-d7b1800b0b7b,asw,0.5089509189128876,Released checkpoint (Table 1/2 source).
leave_one_out,Full,1,1,1,ablation_arms_2026-09,19f1bec6-eeb7-4133-accc-992d745fef89,bras,0.8559819430112838,Released checkpoint (Table 1/2 source).
leave_one_out,Full,1,1,1,ablation_arms_2026-09,19f1bec6-eeb7-4133-accc-992d745fef89,asw,0.5138016968965531,Released checkpoint (Table 1/2 source).
leave_one_out,Full,1,1,1,ablation_arms_2026-09,1a9f3b38-b86d-416d-bbdc-9058ad3ff42d,bras,0.8486480832099914,Released checkpoint (Table 1/2 source).
leave_one_out,Full,1,1,1,ablation_arms_2026-09,1a9f3b38-b86d-416d-bbdc-9058ad3ff42d,asw,0.5272188603878021,Released checkpoint (Table 1/2 source).
leave_one_out,Full,1,1,1,ablation_arms_2026-09,1ab4ebbc-18d6-4838-89c2-cdc5b10accfb,bras,0.8363045752048492,Released checkpoint (Table 1/2 source).
leave_one_out,Full,1,1,1,ablation_arms_2026-09,1ab4ebbc-18d6-4838-89c2-cdc5b10accfb,asw,0.5446163713932037,Released checkpoint (Table 1/2 source).
leave_one_out,Full,1,1,1,ablation_arms_2026-09,1b350d0a-4535-4879-beb6-1142f3f94947,bras,0.8266117930412292,Released checkpoint (Table 1/2 source).
leave_one_out,Full,1,1,1,ablation_arms_2026-09,1b350d0a-4535-4879-beb6-1142f3f94947,asw,0.5178156912326812,Released checkpoint (Table 1/2 source).
leave_one_out,Full,1,1,1,ablation_arms_2026-09,203025fe-fa99-4d57-81da-458ed8f0c334,bras,0.85762879550457,Released checkpoint (Table 1/2 source).
leave_one_out,Full,1,1,1,ablation_arms_2026-09,203025fe-fa99-4d57-81da-458ed8f0c334,asw,0.5520998060703277,Released checkpoint (Table 1/2 source).
leave_one_out,Full,1,1,1,ablation_arms_2026-09,21722308-5091-4b63-9c07-4f116ab9a7b3,asw,0.6139188706874847,Released checkpoint (Table 1/2 source).
leave_one_out,Full,1,1,1,ablation_arms_2026-09,27d3952f-fbbc-497d-98d1-f37f3d555235,asw,0.5328941017389297,Released checkpoint (Table 1/2 source).
leave_one_out,Full,1,1,1,ablation_arms_2026-09,30c2a6fd-d547-460f-a5e7-44c62a2af7ad,bras,0.9217637360095978,Released checkpoint (Table 1/2 source).
leave_one_out,Full,1,1,1,ablation_arms_2026-09,30c2a6fd-d547-460f-a5e7-44c62a2af7ad,asw,0.5070658147335052,Released checkpoint (Table 1/2 source).
leave_one_out,Full,1,1,1,ablation_arms_2026-09,322c816f-608a-4da1-99c4-36ca4ad45146,bras,0.8709766685962677,Released checkpoint (Table 1/2 source).
leave_one_out,Full,1,1,1,ablation_arms_2026-09,322c816f-608a-4da1-99c4-36ca4ad45146,asw,0.5725995033979416,Released checkpoint (Table 1/2 source).
leave_one_out,Full,1,1,1,ablation_arms_2026-09,3a702020-cf66-4ef5-9d11-4a5e835b7efb,bras,0.7765510588884353,Released checkpoint (Table 1/2 source).
leave_one_out,Full,1,1,1,ablation_arms_2026-09,3a702020-cf66-4ef5-9d11-4a5e835b7efb,asw,0.5143095523118972,Released checkpoint (Table 1/2 source).
leave_one_out,Full,1,1,1,ablation_arms_2026-09,3bfd5174-5b49-4e58-b233-ed0f4edd0bec,asw,0.5387991458177567,Released checkpoint (Table 1/2 source).
leave_one_out,Full,1,1,1,ablation_arms_2026-09,3c364ffe-d599-44d5-a77f-6c5fd7038cf6,bras,0.8045700669288636,Released checkpoint (Table 1/2 source).
leave_one_out,Full,1,1,1,ablation_arms_2026-09,3c364ffe-d599-44d5-a77f-6c5fd7038cf6,asw,0.5412997215986252,Released checkpoint (Table 1/2 source).
leave_one_out,Full,1,1,1,ablation_arms_2026-09,3cb646ab-d411-4e5b-89eb-082a786c953b,bras,0.9373838603496552,Released checkpoint (Table 1/2 source).
leave_one_out,Full,1,1,1,ablation_arms_2026-09,3cb646ab-d411-4e5b-89eb-082a786c953b,asw,0.531488761305809,Released checkpoint (Table 1/2 source).
leave_one_out,Full,1,1,1,ablation_arms_2026-09,3e55180c-780a-4424-9434-5296640ffc0d,bras,0.6472254693508148,Released checkpoint (Table 1/2 source).
leave_one_out,Full,1,1,1,ablation_arms_2026-09,3e55180c-780a-4424-9434-5296640ffc0d,asw,0.5147055923938751,Released checkpoint (Table 1/2 source).
leave_one_out,Full,1,1,1,ablation_arms_2026-09,420d0f5d-b7ba-4b1e-88d0-44e9f733febd,bras,0.926283085346222,Released checkpoint (Table 1/2 source).
leave_one_out,Full,1,1,1,ablation_arms_2026-09,420d0f5d-b7ba-4b1e-88d0-44e9f733febd,asw,0.5299150258302688,Released checkpoint (Table 1/2 source).
leave_one_out,Full,1,1,1,ablation_arms_2026-09,4319097a-acae-4124-beed-d1173ffe1464,asw,0.5322115331888199,Released checkpoint (Table 1/2 source).
leave_one_out,Full,1,1,1,ablation_arms_2026-09,432f3af5-6a79-401f-b315-fb2df789f32c,asw,0.5578869193792343,Released checkpoint (Table 1/2 source).
leave_one_out,Full,1,1,1,ablation_arms_2026-09,43a1506b-aa9e-46a3-b288-d210f4595ddf,bras,0.8948601663112641,Released checkpoint (Table 1/2 source).
leave_one_out,Full,1,1,1,ablation_arms_2026-09,43a1506b-aa9e-46a3-b288-d210f4595ddf,asw,0.5292440831661225,Released checkpoint (Table 1/2 source).
leave_one_out,Full,1,1,1,ablation_arms_2026-09,43aa19d2-c723-4822-979d-d2f0239835e0,bras,0.8179860562086105,Released checkpoint (Table 1/2 source).
leave_one_out,Full,1,1,1,ablation_arms_2026-09,43aa19d2-c723-4822-979d-d2f0239835e0,asw,0.535038423538208,Released checkpoint (Table 1/2 source).
leave_one_out,Full,1,1,1,ablation_arms_2026-09,46104f0b-9af5-466a-ae0f-56b8dc1969a2,bras,0.9280609160661696,Released checkpoint (Table 1/2 source).
leave_one_out,Full,1,1,1,ablation_arms_2026-09,46104f0b-9af5-466a-ae0f-56b8dc1969a2,asw,0.5291329443454742,Released checkpoint (Table 1/2 source).
leave_one_out,Full,1,1,1,ablation_arms_2026-09,47e00f43-6176-44a5-b4d1-f88a1920fcab,bras,0.932817816734314,Released checkpoint (Table 1/2 source).
leave_one_out,Full,1,1,1,ablation_arms_2026-09,47e00f43-6176-44a5-b4d1-f88a1920fcab,asw,0.5308023422956467,Released checkpoint (Table 1/2 source).
leave_one_out,Full,1,1,1,ablation_arms_2026-09,4b83f213-b96b-4c87-a884-9b81faddb194,asw,0.541282656788826,Released checkpoint (Table 1/2 source).
leave_one_out,Full,1,1,1,ablation_arms_2026-09,527641f0-df64-4c80-957c-a65dccd477bc,asw,0.6057153940200806,Released checkpoint (Table 1/2 source).
leave_one_out,Full,1,1,1,ablation_arms_2026-09,53ce2631-3646-4172-bbd9-38b0a44d8214,bras,0.8722253203392029,Released checkpoint (Table 1/2 source).
leave_one_out,Full,1,1,1,ablation_arms_2026-09,53ce2631-3646-4172-bbd9-38b0a44d8214,asw,0.5654256135225296,Released checkpoint (Table 1/2 source).
leave_one_out,Full,1,1,1,ablation_arms_2026-09,56a4bc14-9407-45fd-8786-f7f6fc87c9dd,bras,0.8722565114498139,Released checkpoint (Table 1/2 source).
leave_one_out,Full,1,1,1,ablation_arms_2026-09,56a4bc14-9407-45fd-8786-f7f6fc87c9dd,asw,0.5643306136131286,Released checkpoint (Table 1/2 source).
leave_one_out,Full,1,1,1,ablation_arms_2026-09,589fe605-6d49-4abe-bff8-1675511c689a,bras,0.5428320825099945,Released checkpoint (Table 1/2 source).
leave_one_out,Full,1,1,1,ablation_arms_2026-09,589fe605-6d49-4abe-bff8-1675511c689a,asw,0.4947280511260032,Released checkpoint (Table 1/2 source).
leave_one_out,Full,1,1,1,ablation_arms_2026-09,58f43044-cd3c-42b8-bc0b-3498eb236359,bras,0.7695612996816635,Released checkpoint (Table 1/2 source).
leave_one_out,Full,1,1,1,ablation_arms_2026-09,58f43044-cd3c-42b8-bc0b-3498eb236359,asw,0.5076878219842911,Released checkpoint (Table 1/2 source).
leave_one_out,Full,1,1,1,ablation_arms_2026-09,5a9cfb44-494a-4540-8db8-7143b1bb5a6f,bras,0.8796726495027543,Released checkpoint (Table 1/2 source).
leave_one_out,Full,1,1,1,ablation_arms_2026-09,5a9cfb44-494a-4540-8db8-7143b1bb5a6f,asw,0.5175569295883179,Released checkpoint (Table 1/2 source).
leave_one_out,Full,1,1,1,ablation_arms_2026-09,5c97eeeb-7e52-44b3-b010-b832b1f5424c,bras,0.8221404671669006,Released checkpoint (Table 1/2 source).
leave_one_out,Full,1,1,1,ablation_arms_2026-09,5c97eeeb-7e52-44b3-b010-b832b1f5424c,asw,0.594193023443222,Released checkpoint (Table 1/2 source).
leave_one_out,Full,1,1,1,ablation_arms_2026-09,5e57cd50-8e42-42d6-940d-5c1660d06864,bras,0.8267940521240235,Released checkpoint (Table 1/2 source).
leave_one_out,Full,1,1,1,ablation_arms_2026-09,5e57cd50-8e42-42d6-940d-5c1660d06864,asw,0.5907022058963776,Released checkpoint (Table 1/2 source).
leave_one_out,Full,1,1,1,ablation_arms_2026-09,5ed90bc0-12f3-4354-b314-0ce0dbb96458,bras,0.7043854415416717,Released checkpoint (Table 1/2 source).
leave_one_out,Full,1,1,1,ablation_arms_2026-09,5ed90bc0-12f3-4354-b314-0ce0dbb96458,asw,0.5452937930822372,Released checkpoint (Table 1/2 source).
leave_one_out,Full,1,1,1,ablation_arms_2026-09,5fde5c9c-5b1e-4df5-982a-3f8e7635161f,bras,0.9289476841688156,Released checkpoint (Table 1/2 source).
leave_one_out,Full,1,1,1,ablation_arms_2026-09,5fde5c9c-5b1e-4df5-982a-3f8e7635161f,asw,0.5289062976837158,Released checkpoint (Table 1/2 source).
leave_one_out,Full,1,1,1,ablation_arms_2026-09,60a29d0b-1a37-4447-ac32-00d701580b47,bras,0.8587420254945755,Released checkpoint (Table 1/2 source).
leave_one_out,Full,1,1,1,ablation_arms_2026-09,60a29d0b-1a37-4447-ac32-00d701580b47,asw,0.517165732383728,Released checkpoint (Table 1/2 source).
leave_one_out,Full,1,1,1,ablation_arms_2026-09,61af564d-e5ea-4d34-a0f3-2668a00db376,bras,0.8997792452573776,Released checkpoint (Table 1/2 source).
leave_one_out,Full,1,1,1,ablation_arms_2026-09,61af564d-e5ea-4d34-a0f3-2668a00db376,asw,0.5432405769824982,Released checkpoint (Table 1/2 source).
leave_one_out,Full,1,1,1,ablation_arms_2026-09,61d327d1-2227-4c5f-9367-e3559dc79b07,bras,0.8347571551799774,Released checkpoint (Table 1/2 source).
leave_one_out,Full,1,1,1,ablation_arms_2026-09,61d327d1-2227-4c5f-9367-e3559dc79b07,asw,0.519648551940918,Released checkpoint (Table 1/2 source).
leave_one_out,Full,1,1,1,ablation_arms_2026-09,64267fb5-7b70-4705-a13b-cc38966c22a8,bras,0.9550326019525528,Released checkpoint (Table 1/2 source).
leave_one_out,Full,1,1,1,ablation_arms_2026-09,64267fb5-7b70-4705-a13b-cc38966c22a8,asw,0.5482594102621079,Released checkpoint (Table 1/2 source).
leave_one_out,Full,1,1,1,ablation_arms_2026-09,67b6b9ac-b841-42ce-b2d4-ed2ec12327bd,bras,0.8003177404403686,Released checkpoint (Table 1/2 source).
leave_one_out,Full,1,1,1,ablation_arms_2026-09,67b6b9ac-b841-42ce-b2d4-ed2ec12327bd,asw,0.5261400371789933,Released checkpoint (Table 1/2 source).
leave_one_out,Full,1,1,1,ablation_arms_2026-09,6fc37633-13f5-4bf0-af95-52808143bffd,asw,0.5242872893810272,Released checkpoint (Table 1/2 source).
leave_one_out,Full,1,1,1,ablation_arms_2026-09,75011e96-ba37-4977-a539-fbf9f66a5e37,bras,0.8328282982110977,Released checkpoint (Table 1/2 source).
leave_one_out,Full,1,1,1,ablation_arms_2026-09,75011e96-ba37-4977-a539-fbf9f66a5e37,asw,0.4977731183171272,Released checkpoint (Table 1/2 source).
leave_one_out,Full,1,1,1,ablation_arms_2026-09,781cc817-3fd0-487c-a55a-b47b2786a05d,bras,0.8780820697546006,Released checkpoint (Table 1/2 source).
leave_one_out,Full,1,1,1,ablation_arms_2026-09,781cc817-3fd0-487c-a55a-b47b2786a05d,asw,0.507619708776474,Released checkpoint (Table 1/2 source).
leave_one_out,Full,1,1,1,ablation_arms_2026-09,79884ae5-e026-4d4a-858f-e807960bd4f7,asw,0.5215887725353241,Released checkpoint (Table 1/2 source).
leave_one_out,Full,1,1,1,ablation_arms_2026-09,8058d760-09e6-4bdd-86a1-36917ffca3ef,bras,0.8250862240791321,Released checkpoint (Table 1/2 source).
leave_one_out,Full,1,1,1,ablation_arms_2026-09,8058d760-09e6-4bdd-86a1-36917ffca3ef,asw,0.5277770966291427,Released checkpoint (Table 1/2 source).
leave_one_out,Full,1,1,1,ablation_arms_2026-09,829a3cd1-a466-49f1-b2e9-d3f6b7f392e2,bras,0.7558904767036438,Released checkpoint (Table 1/2 source).
leave_one_out,Full,1,1,1,ablation_arms_2026-09,829a3cd1-a466-49f1-b2e9-d3f6b7f392e2,asw,0.529812577366829,Released checkpoint (Table 1/2 source).
leave_one_out,Full,1,1,1,ablation_arms_2026-09,84cfa5aa-a0d1-415e-ac47-eb66c9cf8170,bras,0.7540622651576996,Released checkpoint (Table 1/2 source).
leave_one_out,Full,1,1,1,ablation_arms_2026-09,84cfa5aa-a0d1-415e-ac47-eb66c9cf8170,asw,0.5407215178012847,Released checkpoint (Table 1/2 source).
leave_one_out,Full,1,1,1,ablation_arms_2026-09,8560f809-5794-484e-9152-b63efa91d134,bras,0.7942608773708344,Released checkpoint (Table 1/2 source).
leave_one_out,Full,1,1,1,ablation_arms_2026-09,8560f809-5794-484e-9152-b63efa91d134,asw,0.5286187261343003,Released checkpoint (Table 1/2 source).
leave_one_out,Full,1,1,1,ablation_arms_2026-09,867757c1-3b1a-49d9-a0cd-17767eb160cc,bras,0.9215107291936876,Released checkpoint (Table 1/2 source).
leave_one_out,Full,1,1,1,ablation_arms_2026-09,867757c1-3b1a-49d9-a0cd-17767eb160cc,asw,0.5471897095441818,Released checkpoint (Table 1/2 source).
leave_one_out,Full,1,1,1,ablation_arms_2026-09,881e0e6b-a185-45f1-9b56-81606e91e7ff,bras,0.8631082803010941,Released checkpoint (Table 1/2 source).
leave_one_out,Full,1,1,1,ablation_arms_2026-09,881e0e6b-a185-45f1-9b56-81606e91e7ff,asw,0.5255074352025986,Released checkpoint (Table 1/2 source).
leave_one_out,Full,1,1,1,ablation_arms_2026-09,8ef06ea4-8d0f-4303-a652-7d4604402b1f,bras,0.7408223330974579,Released checkpoint (Table 1/2 source).
leave_one_out,Full,1,1,1,ablation_arms_2026-09,8ef06ea4-8d0f-4303-a652-7d4604402b1f,asw,0.5263920187950134,Released checkpoint (Table 1/2 source).
leave_one_out,Full,1,1,1,ablation_arms_2026-09,8f3e7fcf-0b16-4a29-a5f1-a7a8b267d689,bras,0.7885280221700668,Released checkpoint (Table 1/2 source).
leave_one_out,Full,1,1,1,ablation_arms_2026-09,8f3e7fcf-0b16-4a29-a5f1-a7a8b267d689,asw,0.5254582375288009,Released checkpoint (Table 1/2 source).
leave_one_out,Full,1,1,1,ablation_arms_2026-09,8ff0cef9-393e-43de-9722-a1e12c239727,asw,0.5229327768087387,Released checkpoint (Table 1/2 source).
leave_one_out,Full,1,1,1,ablation_arms_2026-09,95d3b0fb-b8a7-4bec-a2e8-cded3222ff07,bras,0.8756837457418442,Released checkpoint (Table 1/2 source).
leave_one_out,Full,1,1,1,ablation_arms_2026-09,95d3b0fb-b8a7-4bec-a2e8-cded3222ff07,asw,0.6460290133953095,Released checkpoint (Table 1/2 source).
leave_one_out,Full,1,1,1,ablation_arms_2026-09,963a08cb-d995-4862-9614-f9d38a7d7540,bras,0.8559590548276901,Released checkpoint (Table 1/2 source).
leave_one_out,Full,1,1,1,ablation_arms_2026-09,963a08cb-d995-4862-9614-f9d38a7d7540,asw,0.5320006638765336,Released checkpoint (Table 1/2 source).
leave_one_out,Full,1,1,1,ablation_arms_2026-09,978a566a-dc27-478d-b306-26daba116c1f,bras,0.8725828379392624,Released checkpoint (Table 1/2 source).
leave_one_out,Full,1,1,1,ablation_arms_2026-09,978a566a-dc27-478d-b306-26daba116c1f,asw,0.5397155225276947,Released checkpoint (Table 1/2 source).
leave_one_out,Full,1,1,1,ablation_arms_2026-09,98219f72-0f9a-4de9-a859-c81834f24ab1,bras,0.9636595547199248,Released checkpoint (Table 1/2 source).
leave_one_out,Full,1,1,1,ablation_arms_2026-09,98219f72-0f9a-4de9-a859-c81834f24ab1,asw,0.4835836157202721,Released checkpoint (Table 1/2 source).
leave_one_out,Full,1,1,1,ablation_arms_2026-09,9f1a899f-05a0-44c5-8aa9-39df61ae4324,bras,0.853320735692978,Released checkpoint (Table 1/2 source).
leave_one_out,Full,1,1,1,ablation_arms_2026-09,9f1a899f-05a0-44c5-8aa9-39df61ae4324,asw,0.5690919101238251,Released checkpoint (Table 1/2 source).
leave_one_out,Full,1,1,1,ablation_arms_2026-09,a24ce10f-5a87-4e1f-a34a-f4fe5fc84052,bras,0.871056517958641,Released checkpoint (Table 1/2 source).
leave_one_out,Full,1,1,1,ablation_arms_2026-09,a24ce10f-5a87-4e1f-a34a-f4fe5fc84052,asw,0.6288007497787476,Released checkpoint (Table 1/2 source).
leave_one_out,Full,1,1,1,ablation_arms_2026-09,a2c833f7-b7f1-4f4d-ad31-cae478b601b7,bras,0.8877943247556687,Released checkpoint (Table 1/2 source).
leave_one_out,Full,1,1,1,ablation_arms_2026-09,a2c833f7-b7f1-4f4d-ad31-cae478b601b7,asw,0.5602962523698807,Released checkpoint (Table 1/2 source).
leave_one_out,Full,1,1,1,ablation_arms_2026-09,aa32098f-f7b0-43f2-a00a-601d190aae94,bras,0.9324180781841278,Released checkpoint (Table 1/2 source).
leave_one_out,Full,1,1,1,ablation_arms_2026-09,aa32098f-f7b0-43f2-a00a-601d190aae94,asw,0.5310862034559249,Released checkpoint (Table 1/2 source).
leave_one_out,Full,1,1,1,ablation_arms_2026-09,aa369999-a034-4ad9-b459-8a93c86ea77b,bras,0.7571026057004928,Released checkpoint (Table 1/2 source).
leave_one_out,Full,1,1,1,ablation_arms_2026-09,aa369999-a034-4ad9-b459-8a93c86ea77b,asw,0.5157829135656357,Released checkpoint (Table 1/2 source).
leave_one_out,Full,1,1,1,ablation_arms_2026-09,acd544d0-4d8b-46c7-98b3-fc48f7e6fdb7,bras,0.8044721126556397,Released checkpoint (Table 1/2 source).
leave_one_out,Full,1,1,1,ablation_arms_2026-09,acd544d0-4d8b-46c7-98b3-fc48f7e6fdb7,asw,0.5206487745046615,Released checkpoint (Table 1/2 source).
leave_one_out,Full,1,1,1,ablation_arms_2026-09,aecc2743-4ff2-4b55-ac8c-a1ff76fc4bb4,bras,0.7614702850580215,Released checkpoint (Table 1/2 source).
leave_one_out,Full,1,1,1,ablation_arms_2026-09,aecc2743-4ff2-4b55-ac8c-a1ff76fc4bb4,asw,0.5178516447544098,Released checkpoint (Table 1/2 source).
leave_one_out,Full,1,1,1,ablation_arms_2026-09,afae4675-434d-4e89-b5ce-2854c9dc38a3,bras,0.7472819328308106,Released checkpoint (Table 1/2 source).
leave_one_out,Full,1,1,1,ablation_arms_2026-09,afae4675-434d-4e89-b5ce-2854c9dc38a3,asw,0.5509176135063172,Released checkpoint (Table 1/2 source).
leave_one_out,Full,1,1,1,ablation_arms_2026-09,b617ee1b-f8c8-4de9-b82b-e803ab93550d,bras,0.8196837395429611,Released checkpoint (Table 1/2 source).
leave_one_out,Full,1,1,1,ablation_arms_2026-09,b617ee1b-f8c8-4de9-b82b-e803ab93550d,asw,0.4895850196480751,Released checkpoint (Table 1/2 source).
leave_one_out,Full,1,1,1,ablation_arms_2026-09,c838aec3-03ef-4398-b882-0e3912abfff0,bras,0.9053779900074004,Released checkpoint (Table 1/2 source).
leave_one_out,Full,1,1,1,ablation_arms_2026-09,c838aec3-03ef-4398-b882-0e3912abfff0,asw,0.5212883532047272,Released checkpoint (Table 1/2 source).
leave_one_out,Full,1,1,1,ablation_arms_2026-09,cee9b331-3ba0-4461-8bbd-867819d9fc0a,asw,0.6038964450359344,Released checkpoint (Table 1/2 source).
leave_one_out,Full,1,1,1,ablation_arms_2026-09,d567b692-c374-4628-a508-8008f6778f22,bras,0.8033378064632416,Released checkpoint (Table 1/2 source).
leave_one_out,Full,1,1,1,ablation_arms_2026-09,d567b692-c374-4628-a508-8008f6778f22,asw,0.551025652885437,Released checkpoint (Table 1/2 source).
leave_one_out,Full,1,1,1,ablation_arms_2026-09,d68a8b48-abf0-4bd5-8834-155d34ec448a,bras,0.8457069277763367,Released checkpoint (Table 1/2 source).
leave_one_out,Full,1,1,1,ablation_arms_2026-09,d68a8b48-abf0-4bd5-8834-155d34ec448a,asw,0.5086015403270722,Released checkpoint (Table 1/2 source).
leave_one_out,Full,1,1,1,ablation_arms_2026-09,d7cff847-6403-44a6-ad8a-2f5a783639dd,bras,0.8366319477558136,Released checkpoint (Table 1/2 source).
leave_one_out,Full,1,1,1,ablation_arms_2026-09,d7cff847-6403-44a6-ad8a-2f5a783639dd,asw,0.5865685254335403,Released checkpoint (Table 1/2 source).
leave_one_out,Full,1,1,1,ablation_arms_2026-09,de5416ef-bbfa-41f3-99d4-01a3554173f5,bras,0.7145735830068588,Released checkpoint (Table 1/2 source).
leave_one_out,Full,1,1,1,ablation_arms_2026-09,de5416ef-bbfa-41f3-99d4-01a3554173f5,asw,0.5102373093366623,Released checkpoint (Table 1/2 source).
leave_one_out,Full,1,1,1,ablation_arms_2026-09,e3ed2ba4-edf5-40ac-8750-8a417ad1eefe,bras,0.8613151848316193,Released checkpoint (Table 1/2 source).
leave_one_out,Full,1,1,1,ablation_arms_2026-09,e3ed2ba4-edf5-40ac-8750-8a417ad1eefe,asw,0.5636172354221344,Released checkpoint (Table 1/2 source).
leave_one_out,Full,1,1,1,ablation_arms_2026-09,e51bae9a-c747-4b64-904a-4da7cda218ab,bras,0.8158731073141098,Released checkpoint (Table 1/2 source).
leave_one_out,Full,1,1,1,ablation_arms_2026-09,e51bae9a-c747-4b64-904a-4da7cda218ab,asw,0.5631355315446853,Released checkpoint (Table 1/2 source).
leave_one_out,Full,1,1,1,ablation_arms_2026-09,e522d2cd-7927-4e59-a4ed-064009569279,bras,0.9049991250038149,Released checkpoint (Table 1/2 source).
leave_one_out,Full,1,1,1,ablation_arms_2026-09,e522d2cd-7927-4e59-a4ed-064009569279,asw,0.5283674955368042,Released checkpoint (Table 1/2 source).
leave_one_out,Full,1,1,1,ablation_arms_2026-09,e7bd68ab-df49-44df-9b1e-8486114aeeb5,bras,0.8862940967082977,Released checkpoint (Table 1/2 source).
leave_one_out,Full,1,1,1,ablation_arms_2026-09,e7bd68ab-df49-44df-9b1e-8486114aeeb5,asw,0.5107250899076462,Released checkpoint (Table 1/2 source).
leave_one_out,Full,1,1,1,ablation_arms_2026-09,edbfa04a-f1dd-496a-8237-df11d70621ca,bras,0.8922699272632599,Released checkpoint (Table 1/2 source).
leave_one_out,Full,1,1,1,ablation_arms_2026-09,edbfa04a-f1dd-496a-8237-df11d70621ca,asw,0.5350334912538528,Released checkpoint (Table 1/2 source).
leave_one_out,Full,1,1,1,ablation_arms_2026-09,f14bc322-1322-4184-8d16-409557525ea5,bras,0.7992112189531326,Released checkpoint (Table 1/2 source).
leave_one_out,Full,1,1,1,ablation_arms_2026-09,f14bc322-1322-4184-8d16-409557525ea5,asw,0.5386723428964615,Released checkpoint (Table 1/2 source).
leave_one_out,Full,1,1,1,ablation_arms_2026-09,f3c49918-4707-4d92-bb6d-2b5b4eb9d1b4,bras,0.8084139138460159,Released checkpoint (Table 1/2 source).
leave_one_out,Full,1,1,1,ablation_arms_2026-09,f3c49918-4707-4d92-bb6d-2b5b4eb9d1b4,asw,0.6079904407262802,Released checkpoint (Table 1/2 source).
leave_one_out,Full,1,1,1,ablation_arms_2026-09,f641d68a-e877-4bb8-afd7-b8fa3921d461,bras,0.9007413238286972,Released checkpoint (Table 1/2 source).
leave_one_out,Full,1,1,1,ablation_arms_2026-09,f641d68a-e877-4bb8-afd7-b8fa3921d461,asw,0.5362333536148072,Released checkpoint (Table 1/2 source).
leave_one_out,Full,1,1,1,ablation_arms_2026-09,f6cc8a47-2dea-40aa-8608-d771c5ef8a07,asw,0.513166818022728,Released checkpoint (Table 1/2 source).
leave_one_out,Full,1,1,1,ablation_arms_2026-09,fe7aae33-6f7c-41a5-8d29-9996a9ddf1ab,bras,0.8043741971254349,Released checkpoint (Table 1/2 source).
leave_one_out,Full,1,1,1,ablation_arms_2026-09,fe7aae33-6f7c-41a5-8d29-9996a9ddf1ab,asw,0.5726676970720291,Released checkpoint (Table 1/2 source).
leave_one_out,Full,1,1,1,ablation_arms_2026-09,01b84709-139c-4485-98a9-6e14c58fbbf6,ari,0.4169024089986098,Released checkpoint (Table 1/2 source).
leave_one_out,Full,1,1,1,ablation_arms_2026-09,01b84709-139c-4485-98a9-6e14c58fbbf6,nmi,0.6169711992450705,Released checkpoint (Table 1/2 source).
leave_one_out,Full,1,1,1,ablation_arms_2026-09,07dd8c34-4625-480a-8ee4-273a06c3082b,ari,0.7443222451377534,Released checkpoint (Table 1/2 source).
leave_one_out,Full,1,1,1,ablation_arms_2026-09,07dd8c34-4625-480a-8ee4-273a06c3082b,nmi,0.8411827951566627,Released checkpoint (Table 1/2 source).
leave_one_out,Full,1,1,1,ablation_arms_2026-09,09b518f9-da64-44cc-aec8-70a89d55611f,ari,0.3461620077634335,Released checkpoint (Table 1/2 source).
leave_one_out,Full,1,1,1,ablation_arms_2026-09,09b518f9-da64-44cc-aec8-70a89d55611f,nmi,0.6142068174837589,Released checkpoint (Table 1/2 source).
leave_one_out,Full,1,1,1,ablation_arms_2026-09,0a8e3443-c3e2-4918-84db-0495657d9175,ari,0.4552880696463158,Released checkpoint (Table 1/2 source).
leave_one_out,Full,1,1,1,ablation_arms_2026-09,0a8e3443-c3e2-4918-84db-0495657d9175,nmi,0.6868704381200046,Released checkpoint (Table 1/2 source).
leave_one_out,Full,1,1,1,ablation_arms_2026-09,0ae6f031-2f9c-4247-8b26-db320d6efd32,ari,0.6223347819658512,Released checkpoint (Table 1/2 source).
leave_one_out,Full,1,1,1,ablation_arms_2026-09,0ae6f031-2f9c-4247-8b26-db320d6efd32,nmi,0.7251775016384874,Released checkpoint (Table 1/2 source).
leave_one_out,Full,1,1,1,ablation_arms_2026-09,0bf30b02-db97-4560-b9cd-0fe3588892af,ari,0.5291855711332515,Released checkpoint (Table 1/2 source).
leave_one_out,Full,1,1,1,ablation_arms_2026-09,0bf30b02-db97-4560-b9cd-0fe3588892af,nmi,0.6778193999285177,Released checkpoint (Table 1/2 source).
leave_one_out,Full,1,1,1,ablation_arms_2026-09,0c0c49a2-b96b-432f-98a4-1decf9929149,ari,0.4263286045046243,Released checkpoint (Table 1/2 source).
leave_one_out,Full,1,1,1,ablation_arms_2026-09,0c0c49a2-b96b-432f-98a4-1decf9929149,nmi,0.6870194711128247,Released checkpoint (Table 1/2 source).
leave_one_out,Full,1,1,1,ablation_arms_2026-09,145dcf6a-2461-4fa3-a0af-7fc56db0bd33,ari,0.7091409079873089,Released checkpoint (Table 1/2 source).
leave_one_out,Full,1,1,1,ablation_arms_2026-09,145dcf6a-2461-4fa3-a0af-7fc56db0bd33,nmi,0.8367131645217789,Released checkpoint (Table 1/2 source).
leave_one_out,Full,1,1,1,ablation_arms_2026-09,16023185-de21-4c0d-a9c8-73abdd52d142,ari,0.3525277103168287,Released checkpoint (Table 1/2 source).
leave_one_out,Full,1,1,1,ablation_arms_2026-09,16023185-de21-4c0d-a9c8-73abdd52d142,nmi,0.6681480817332461,Released checkpoint (Table 1/2 source).
leave_one_out,Full,1,1,1,ablation_arms_2026-09,19053a82-9c89-4fb8-bd19-d7b1800b0b7b,ari,0.3509002311306086,Released checkpoint (Table 1/2 source).
leave_one_out,Full,1,1,1,ablation_arms_2026-09,19053a82-9c89-4fb8-bd19-d7b1800b0b7b,nmi,0.6832687632665946,Released checkpoint (Table 1/2 source).
leave_one_out,Full,1,1,1,ablation_arms_2026-09,19f1bec6-eeb7-4133-accc-992d745fef89,ari,0.3599415634601356,Released checkpoint (Table 1/2 source).
leave_one_out,Full,1,1,1,ablation_arms_2026-09,19f1bec6-eeb7-4133-accc-992d745fef89,nmi,0.5747403423065385,Released checkpoint (Table 1/2 source).
leave_one_out,Full,1,1,1,ablation_arms_2026-09,1a9f3b38-b86d-416d-bbdc-9058ad3ff42d,ari,0.4552121293516785,Released checkpoint (Table 1/2 source).
leave_one_out,Full,1,1,1,ablation_arms_2026-09,1a9f3b38-b86d-416d-bbdc-9058ad3ff42d,nmi,0.6752911669985006,Released checkpoint (Table 1/2 source).
leave_one_out,Full,1,1,1,ablation_arms_2026-09,1ab4ebbc-18d6-4838-89c2-cdc5b10accfb,ari,0.4722497890861707,Released checkpoint (Table 1/2 source).
leave_one_out,Full,1,1,1,ablation_arms_2026-09,1ab4ebbc-18d6-4838-89c2-cdc5b10accfb,nmi,0.7203373514004558,Released checkpoint (Table 1/2 source).
leave_one_out,Full,1,1,1,ablation_arms_2026-09,1b350d0a-4535-4879-beb6-1142f3f94947,ari,0.396057457550952,Released checkpoint (Table 1/2 source).
leave_one_out,Full,1,1,1,ablation_arms_2026-09,1b350d0a-4535-4879-beb6-1142f3f94947,nmi,0.645942625361866,Released checkpoint (Table 1/2 source).
leave_one_out,Full,1,1,1,ablation_arms_2026-09,203025fe-fa99-4d57-81da-458ed8f0c334,ari,0.5752269874047349,Released checkpoint (Table 1/2 source).
leave_one_out,Full,1,1,1,ablation_arms_2026-09,203025fe-fa99-4d57-81da-458ed8f0c334,nmi,0.7427128056360197,Released checkpoint (Table 1/2 source).
leave_one_out,Full,1,1,1,ablation_arms_2026-09,21722308-5091-4b63-9c07-4f116ab9a7b3,ari,0.7115800759205158,Released checkpoint (Table 1/2 source).
leave_one_out,Full,1,1,1,ablation_arms_2026-09,21722308-5091-4b63-9c07-4f116ab9a7b3,nmi,0.8478775321609104,Released checkpoint (Table 1/2 source).
leave_one_out,Full,1,1,1,ablation_arms_2026-09,27d3952f-fbbc-497d-98d1-f37f3d555235,ari,0.4873889903847672,Released checkpoint (Table 1/2 source).
leave_one_out,Full,1,1,1,ablation_arms_2026-09,27d3952f-fbbc-497d-98d1-f37f3d555235,nmi,0.6316151972165499,Released checkpoint (Table 1/2 source).
leave_one_out,Full,1,1,1,ablation_arms_2026-09,30c2a6fd-d547-460f-a5e7-44c62a2af7ad,ari,0.3165903780558691,Released checkpoint (Table 1/2 source).
leave_one_out,Full,1,1,1,ablation_arms_2026-09,30c2a6fd-d547-460f-a5e7-44c62a2af7ad,nmi,0.5464232913823326,Released checkpoint (Table 1/2 source).
leave_one_out,Full,1,1,1,ablation_arms_2026-09,322c816f-608a-4da1-99c4-36ca4ad45146,ari,0.6038715577863922,Released checkpoint (Table 1/2 source).
leave_one_out,Full,1,1,1,ablation_arms_2026-09,322c816f-608a-4da1-99c4-36ca4ad45146,nmi,0.7146662548239123,Released checkpoint (Table 1/2 source).
leave_one_out,Full,1,1,1,ablation_arms_2026-09,3a702020-cf66-4ef5-9d11-4a5e835b7efb,ari,0.2621224003936359,Released checkpoint (Table 1/2 source).
leave_one_out,Full,1,1,1,ablation_arms_2026-09,3a702020-cf66-4ef5-9d11-4a5e835b7efb,nmi,0.401235096532805,Released checkpoint (Table 1/2 source).
leave_one_out,Full,1,1,1,ablation_arms_2026-09,3bfd5174-5b49-4e58-b233-ed0f4edd0bec,ari,0.6190881394212073,Released checkpoint (Table 1/2 source).
leave_one_out,Full,1,1,1,ablation_arms_2026-09,3bfd5174-5b49-4e58-b233-ed0f4edd0bec,nmi,0.7400931892036635,Released checkpoint (Table 1/2 source).
leave_one_out,Full,1,1,1,ablation_arms_2026-09,3c364ffe-d599-44d5-a77f-6c5fd7038cf6,ari,0.5864432636527781,Released checkpoint (Table 1/2 source).
leave_one_out,Full,1,1,1,ablation_arms_2026-09,3c364ffe-d599-44d5-a77f-6c5fd7038cf6,nmi,0.8170470628275102,Released checkpoint (Table 1/2 source).
leave_one_out,Full,1,1,1,ablation_arms_2026-09,3cb646ab-d411-4e5b-89eb-082a786c953b,ari,0.4620832394585837,Released checkpoint (Table 1/2 source).
leave_one_out,Full,1,1,1,ablation_arms_2026-09,3cb646ab-d411-4e5b-89eb-082a786c953b,nmi,0.7010439738515999,Released checkpoint (Table 1/2 source).
leave_one_out,Full,1,1,1,ablation_arms_2026-09,3e55180c-780a-4424-9434-5296640ffc0d,ari,0.3481006864561066,Released checkpoint (Table 1/2 source).
leave_one_out,Full,1,1,1,ablation_arms_2026-09,3e55180c-780a-4424-9434-5296640ffc0d,nmi,0.4776932988915475,Released checkpoint (Table 1/2 source).
leave_one_out,Full,1,1,1,ablation_arms_2026-09,420d0f5d-b7ba-4b1e-88d0-44e9f733febd,ari,0.4485472956449733,Released checkpoint (Table 1/2 source).
leave_one_out,Full,1,1,1,ablation_arms_2026-09,420d0f5d-b7ba-4b1e-88d0-44e9f733febd,nmi,0.6866197397780542,Released checkpoint (Table 1/2 source).
leave_one_out,Full,1,1,1,ablation_arms_2026-09,4319097a-acae-4124-beed-d1173ffe1464,ari,0.4656945315514334,Released checkpoint (Table 1/2 source).
leave_one_out,Full,1,1,1,ablation_arms_2026-09,4319097a-acae-4124-beed-d1173ffe1464,nmi,0.6138064660399128,Released checkpoint (Table 1/2 source).
leave_one_out,Full,1,1,1,ablation_arms_2026-09,432f3af5-6a79-401f-b315-fb2df789f32c,ari,0.6616822979935166,Released checkpoint (Table 1/2 source).
leave_one_out,Full,1,1,1,ablation_arms_2026-09,432f3af5-6a79-401f-b315-fb2df789f32c,nmi,0.7536645226980122,Released checkpoint (Table 1/2 source).
leave_one_out,Full,1,1,1,ablation_arms_2026-09,43a1506b-aa9e-46a3-b288-d210f4595ddf,ari,0.4673079592024096,Released checkpoint (Table 1/2 source).
leave_one_out,Full,1,1,1,ablation_arms_2026-09,43a1506b-aa9e-46a3-b288-d210f4595ddf,nmi,0.5869666680242419,Released checkpoint (Table 1/2 source).
leave_one_out,Full,1,1,1,ablation_arms_2026-09,43aa19d2-c723-4822-979d-d2f0239835e0,ari,0.5212460284922765,Released checkpoint (Table 1/2 source).
leave_one_out,Full,1,1,1,ablation_arms_2026-09,43aa19d2-c723-4822-979d-d2f0239835e0,nmi,0.665593268001413,Released checkpoint (Table 1/2 source).
leave_one_out,Full,1,1,1,ablation_arms_2026-09,46104f0b-9af5-466a-ae0f-56b8dc1969a2,ari,0.4675631666119256,Released checkpoint (Table 1/2 source).
leave_one_out,Full,1,1,1,ablation_arms_2026-09,46104f0b-9af5-466a-ae0f-56b8dc1969a2,nmi,0.6964071818869989,Released checkpoint (Table 1/2 source).
leave_one_out,Full,1,1,1,ablation_arms_2026-09,47e00f43-6176-44a5-b4d1-f88a1920fcab,ari,0.4520312216378995,Released checkpoint (Table 1/2 source).
leave_one_out,Full,1,1,1,ablation_arms_2026-09,47e00f43-6176-44a5-b4d1-f88a1920fcab,nmi,0.6987495183388931,Released checkpoint (Table 1/2 source).
leave_one_out,Full,1,1,1,ablation_arms_2026-09,4b83f213-b96b-4c87-a884-9b81faddb194,ari,0.4410314768637401,Released checkpoint (Table 1/2 source).
leave_one_out,Full,1,1,1,ablation_arms_2026-09,4b83f213-b96b-4c87-a884-9b81faddb194,nmi,0.5872533764328638,Released checkpoint (Table 1/2 source).
leave_one_out,Full,1,1,1,ablation_arms_2026-09,527641f0-df64-4c80-957c-a65dccd477bc,ari,0.7594624593206852,Released checkpoint (Table 1/2 source).
leave_one_out,Full,1,1,1,ablation_arms_2026-09,527641f0-df64-4c80-957c-a65dccd477bc,nmi,0.807101274839024,Released checkpoint (Table 1/2 source).
leave_one_out,Full,1,1,1,ablation_arms_2026-09,53ce2631-3646-4172-bbd9-38b0a44d8214,ari,0.5856729469517694,Released checkpoint (Table 1/2 source).
leave_one_out,Full,1,1,1,ablation_arms_2026-09,53ce2631-3646-4172-bbd9-38b0a44d8214,nmi,0.720551922724608,Released checkpoint (Table 1/2 source).
leave_one_out,Full,1,1,1,ablation_arms_2026-09,56a4bc14-9407-45fd-8786-f7f6fc87c9dd,ari,0.5492152201101742,Released checkpoint (Table 1/2 source).
leave_one_out,Full,1,1,1,ablation_arms_2026-09,56a4bc14-9407-45fd-8786-f7f6fc87c9dd,nmi,0.7034681004773156,Released checkpoint (Table 1/2 source).
leave_one_out,Full,1,1,1,ablation_arms_2026-09,589fe605-6d49-4abe-bff8-1675511c689a,ari,0.1015412356255059,Released checkpoint (Table 1/2 source).
leave_one_out,Full,1,1,1,ablation_arms_2026-09,589fe605-6d49-4abe-bff8-1675511c689a,nmi,0.1570441237532775,Released checkpoint (Table 1/2 source).
leave_one_out,Full,1,1,1,ablation_arms_2026-09,58f43044-cd3c-42b8-bc0b-3498eb236359,ari,0.3700265721964514,Released checkpoint (Table 1/2 source).
leave_one_out,Full,1,1,1,ablation_arms_2026-09,58f43044-cd3c-42b8-bc0b-3498eb236359,nmi,0.6674109004725094,Released checkpoint (Table 1/2 source).
leave_one_out,Full,1,1,1,ablation_arms_2026-09,5a9cfb44-494a-4540-8db8-7143b1bb5a6f,ari,0.4618127715006836,Released checkpoint (Table 1/2 source).
leave_one_out,Full,1,1,1,ablation_arms_2026-09,5a9cfb44-494a-4540-8db8-7143b1bb5a6f,nmi,0.647860226626226,Released checkpoint (Table 1/2 source).
leave_one_out,Full,1,1,1,ablation_arms_2026-09,5c97eeeb-7e52-44b3-b010-b832b1f5424c,ari,0.7244424506168433,Released checkpoint (Table 1/2 source).
leave_one_out,Full,1,1,1,ablation_arms_2026-09,5c97eeeb-7e52-44b3-b010-b832b1f5424c,nmi,0.8657147560811393,Released checkpoint (Table 1/2 source).
leave_one_out,Full,1,1,1,ablation_arms_2026-09,5e57cd50-8e42-42d6-940d-5c1660d06864,ari,0.7271901850530994,Released checkpoint (Table 1/2 source).
leave_one_out,Full,1,1,1,ablation_arms_2026-09,5e57cd50-8e42-42d6-940d-5c1660d06864,nmi,0.8651503140081619,Released checkpoint (Table 1/2 source).
leave_one_out,Full,1,1,1,ablation_arms_2026-09,5ed90bc0-12f3-4354-b314-0ce0dbb96458,ari,0.493639247826786,Released checkpoint (Table 1/2 source).
leave_one_out,Full,1,1,1,ablation_arms_2026-09,5ed90bc0-12f3-4354-b314-0ce0dbb96458,nmi,0.7155903975601074,Released checkpoint (Table 1/2 source).
leave_one_out,Full,1,1,1,ablation_arms_2026-09,5fde5c9c-5b1e-4df5-982a-3f8e7635161f,ari,0.4359044099532753,Released checkpoint (Table 1/2 source).
leave_one_out,Full,1,1,1,ablation_arms_2026-09,5fde5c9c-5b1e-4df5-982a-3f8e7635161f,nmi,0.6801171486805699,Released checkpoint (Table 1/2 source).
leave_one_out,Full,1,1,1,ablation_arms_2026-09,60a29d0b-1a37-4447-ac32-00d701580b47,ari,0.3787616538384658,Released checkpoint (Table 1/2 source).
leave_one_out,Full,1,1,1,ablation_arms_2026-09,60a29d0b-1a37-4447-ac32-00d701580b47,nmi,0.6489104773505285,Released checkpoint (Table 1/2 source).
leave_one_out,Full,1,1,1,ablation_arms_2026-09,61af564d-e5ea-4d34-a0f3-2668a00db376,ari,0.529299943147542,Released checkpoint (Table 1/2 source).
leave_one_out,Full,1,1,1,ablation_arms_2026-09,61af564d-e5ea-4d34-a0f3-2668a00db376,nmi,0.6369394663960651,Released checkpoint (Table 1/2 source).
leave_one_out,Full,1,1,1,ablation_arms_2026-09,61d327d1-2227-4c5f-9367-e3559dc79b07,ari,0.3559124253168085,Released checkpoint (Table 1/2 source).
leave_one_out,Full,1,1,1,ablation_arms_2026-09,61d327d1-2227-4c5f-9367-e3559dc79b07,nmi,0.4648101727429473,Released checkpoint (Table 1/2 source).
leave_one_out,Full,1,1,1,ablation_arms_2026-09,64267fb5-7b70-4705-a13b-cc38966c22a8,ari,0.3735004484874349,Released checkpoint (Table 1/2 source).
leave_one_out,Full,1,1,1,ablation_arms_2026-09,64267fb5-7b70-4705-a13b-cc38966c22a8,nmi,0.3461230344214461,Released checkpoint (Table 1/2 source).
leave_one_out,Full,1,1,1,ablation_arms_2026-09,67b6b9ac-b841-42ce-b2d4-ed2ec12327bd,ari,0.3796839435744167,Released checkpoint (Table 1/2 source).
leave_one_out,Full,1,1,1,ablation_arms_2026-09,67b6b9ac-b841-42ce-b2d4-ed2ec12327bd,nmi,0.6209379777302054,Released checkpoint (Table 1/2 source).
leave_one_out,Full,1,1,1,ablation_arms_2026-09,6fc37633-13f5-4bf0-af95-52808143bffd,ari,0.2985587482009099,Released checkpoint (Table 1/2 source).
leave_one_out,Full,1,1,1,ablation_arms_2026-09,6fc37633-13f5-4bf0-af95-52808143bffd,nmi,0.4002953161956548,Released checkpoint (Table 1/2 source).
leave_one_out,Full,1,1,1,ablation_arms_2026-09,75011e96-ba37-4977-a539-fbf9f66a5e37,ari,0.3831995773164421,Released checkpoint (Table 1/2 source).
leave_one_out,Full,1,1,1,ablation_arms_2026-09,75011e96-ba37-4977-a539-fbf9f66a5e37,nmi,0.5456964136507243,Released checkpoint (Table 1/2 source).
leave_one_out,Full,1,1,1,ablation_arms_2026-09,781cc817-3fd0-487c-a55a-b47b2786a05d,ari,0.140963331248722,Released checkpoint (Table 1/2 source).
leave_one_out,Full,1,1,1,ablation_arms_2026-09,781cc817-3fd0-487c-a55a-b47b2786a05d,nmi,0.1719925341797663,Released checkpoint (Table 1/2 source).
leave_one_out,Full,1,1,1,ablation_arms_2026-09,79884ae5-e026-4d4a-858f-e807960bd4f7,ari,0.5315530562740262,Released checkpoint (Table 1/2 source).
leave_one_out,Full,1,1,1,ablation_arms_2026-09,79884ae5-e026-4d4a-858f-e807960bd4f7,nmi,0.643511182492489,Released checkpoint (Table 1/2 source).
leave_one_out,Full,1,1,1,ablation_arms_2026-09,8058d760-09e6-4bdd-86a1-36917ffca3ef,ari,0.5540265286061101,Released checkpoint (Table 1/2 source).
leave_one_out,Full,1,1,1,ablation_arms_2026-09,8058d760-09e6-4bdd-86a1-36917ffca3ef,nmi,0.7262619400170763,Released checkpoint (Table 1/2 source).
leave_one_out,Full,1,1,1,ablation_arms_2026-09,829a3cd1-a466-49f1-b2e9-d3f6b7f392e2,ari,0.3976483636106139,Released checkpoint (Table 1/2 source).
leave_one_out,Full,1,1,1,ablation_arms_2026-09,829a3cd1-a466-49f1-b2e9-d3f6b7f392e2,nmi,0.5526182945561564,Released checkpoint (Table 1/2 source).
leave_one_out,Full,1,1,1,ablation_arms_2026-09,84cfa5aa-a0d1-415e-ac47-eb66c9cf8170,ari,0.4703420296908316,Released checkpoint (Table 1/2 source).
leave_one_out,Full,1,1,1,ablation_arms_2026-09,84cfa5aa-a0d1-415e-ac47-eb66c9cf8170,nmi,0.6607777738853529,Released checkpoint (Table 1/2 source).
leave_one_out,Full,1,1,1,ablation_arms_2026-09,8560f809-5794-484e-9152-b63efa91d134,ari,0.5258796650655643,Released checkpoint (Table 1/2 source).
leave_one_out,Full,1,1,1,ablation_arms_2026-09,8560f809-5794-484e-9152-b63efa91d134,nmi,0.6726688266185709,Released checkpoint (Table 1/2 source).
leave_one_out,Full,1,1,1,ablation_arms_2026-09,867757c1-3b1a-49d9-a0cd-17767eb160cc,ari,0.6793444763337673,Released checkpoint (Table 1/2 source).
leave_one_out,Full,1,1,1,ablation_arms_2026-09,867757c1-3b1a-49d9-a0cd-17767eb160cc,nmi,0.8356336992600779,Released checkpoint (Table 1/2 source).
leave_one_out,Full,1,1,1,ablation_arms_2026-09,881e0e6b-a185-45f1-9b56-81606e91e7ff,ari,0.5133813173917761,Released checkpoint (Table 1/2 source).
leave_one_out,Full,1,1,1,ablation_arms_2026-09,881e0e6b-a185-45f1-9b56-81606e91e7ff,nmi,0.7282961253515252,Released checkpoint (Table 1/2 source).
leave_one_out,Full,1,1,1,ablation_arms_2026-09,8ef06ea4-8d0f-4303-a652-7d4604402b1f,ari,0.4639015004495991,Released checkpoint (Table 1/2 source).
leave_one_out,Full,1,1,1,ablation_arms_2026-09,8ef06ea4-8d0f-4303-a652-7d4604402b1f,nmi,0.6652241533039188,Released checkpoint (Table 1/2 source).
leave_one_out,Full,1,1,1,ablation_arms_2026-09,8f3e7fcf-0b16-4a29-a5f1-a7a8b267d689,ari,0.4247166067537119,Released checkpoint (Table 1/2 source).
leave_one_out,Full,1,1,1,ablation_arms_2026-09,8f3e7fcf-0b16-4a29-a5f1-a7a8b267d689,nmi,0.6511985583346699,Released checkpoint (Table 1/2 source).
leave_one_out,Full,1,1,1,ablation_arms_2026-09,8ff0cef9-393e-43de-9722-a1e12c239727,ari,0.5196918870467798,Released checkpoint (Table 1/2 source).
leave_one_out,Full,1,1,1,ablation_arms_2026-09,8ff0cef9-393e-43de-9722-a1e12c239727,nmi,0.5991773528059794,Released checkpoint (Table 1/2 source).
leave_one_out,Full,1,1,1,ablation_arms_2026-09,95d3b0fb-b8a7-4bec-a2e8-cded3222ff07,ari,0.7946391787023671,Released checkpoint (Table 1/2 source).
leave_one_out,Full,1,1,1,ablation_arms_2026-09,95d3b0fb-b8a7-4bec-a2e8-cded3222ff07,nmi,0.8431093097269435,Released checkpoint (Table 1/2 source).
leave_one_out,Full,1,1,1,ablation_arms_2026-09,963a08cb-d995-4862-9614-f9d38a7d7540,ari,0.5365212951661833,Released checkpoint (Table 1/2 source).
leave_one_out,Full,1,1,1,ablation_arms_2026-09,963a08cb-d995-4862-9614-f9d38a7d7540,nmi,0.7608760582397909,Released checkpoint (Table 1/2 source).
leave_one_out,Full,1,1,1,ablation_arms_2026-09,978a566a-dc27-478d-b306-26daba116c1f,ari,0.6316357097807916,Released checkpoint (Table 1/2 source).
leave_one_out,Full,1,1,1,ablation_arms_2026-09,978a566a-dc27-478d-b306-26daba116c1f,nmi,0.7538153861061676,Released checkpoint (Table 1/2 source).
leave_one_out,Full,1,1,1,ablation_arms_2026-09,98219f72-0f9a-4de9-a859-c81834f24ab1,ari,0.0979293943433376,Released checkpoint (Table 1/2 source).
leave_one_out,Full,1,1,1,ablation_arms_2026-09,98219f72-0f9a-4de9-a859-c81834f24ab1,nmi,0.2258432524593291,Released checkpoint (Table 1/2 source).
leave_one_out,Full,1,1,1,ablation_arms_2026-09,9f1a899f-05a0-44c5-8aa9-39df61ae4324,ari,0.6476609072554099,Released checkpoint (Table 1/2 source).
leave_one_out,Full,1,1,1,ablation_arms_2026-09,9f1a899f-05a0-44c5-8aa9-39df61ae4324,nmi,0.807103068932947,Released checkpoint (Table 1/2 source).
leave_one_out,Full,1,1,1,ablation_arms_2026-09,a24ce10f-5a87-4e1f-a34a-f4fe5fc84052,ari,0.7434916943964236,Released checkpoint (Table 1/2 source).
leave_one_out,Full,1,1,1,ablation_arms_2026-09,a24ce10f-5a87-4e1f-a34a-f4fe5fc84052,nmi,0.8407503167668053,Released checkpoint (Table 1/2 source).
leave_one_out,Full,1,1,1,ablation_arms_2026-09,a2c833f7-b7f1-4f4d-ad31-cae478b601b7,ari,0.5013630216233026,Released checkpoint (Table 1/2 source).
leave_one_out,Full,1,1,1,ablation_arms_2026-09,a2c833f7-b7f1-4f4d-ad31-cae478b601b7,nmi,0.6029663721435441,Released checkpoint (Table 1/2 source).
leave_one_out,Full,1,1,1,ablation_arms_2026-09,aa32098f-f7b0-43f2-a00a-601d190aae94,ari,0.4609436409352659,Released checkpoint (Table 1/2 source).
leave_one_out,Full,1,1,1,ablation_arms_2026-09,aa32098f-f7b0-43f2-a00a-601d190aae94,nmi,0.7002411596962974,Released checkpoint (Table 1/2 source).
leave_one_out,Full,1,1,1,ablation_arms_2026-09,aa369999-a034-4ad9-b459-8a93c86ea77b,ari,0.349373071272646,Released checkpoint (Table 1/2 source).
leave_one_out,Full,1,1,1,ablation_arms_2026-09,aa369999-a034-4ad9-b459-8a93c86ea77b,nmi,0.586622611104229,Released checkpoint (Table 1/2 source).
leave_one_out,Full,1,1,1,ablation_arms_2026-09,acd544d0-4d8b-46c7-98b3-fc48f7e6fdb7,ari,0.4045722297794354,Released checkpoint (Table 1/2 source).
leave_one_out,Full,1,1,1,ablation_arms_2026-09,acd544d0-4d8b-46c7-98b3-fc48f7e6fdb7,nmi,0.6379347264575534,Released checkpoint (Table 1/2 source).
leave_one_out,Full,1,1,1,ablation_arms_2026-09,aecc2743-4ff2-4b55-ac8c-a1ff76fc4bb4,ari,0.3215190128377799,Released checkpoint (Table 1/2 source).
leave_one_out,Full,1,1,1,ablation_arms_2026-09,aecc2743-4ff2-4b55-ac8c-a1ff76fc4bb4,nmi,0.4832407000227461,Released checkpoint (Table 1/2 source).
leave_one_out,Full,1,1,1,ablation_arms_2026-09,afae4675-434d-4e89-b5ce-2854c9dc38a3,ari,0.4887494294051996,Released checkpoint (Table 1/2 source).
leave_one_out,Full,1,1,1,ablation_arms_2026-09,afae4675-434d-4e89-b5ce-2854c9dc38a3,nmi,0.6328589901514239,Released checkpoint (Table 1/2 source).
leave_one_out,Full,1,1,1,ablation_arms_2026-09,b617ee1b-f8c8-4de9-b82b-e803ab93550d,ari,0.0657371105446843,Released checkpoint (Table 1/2 source).
leave_one_out,Full,1,1,1,ablation_arms_2026-09,b617ee1b-f8c8-4de9-b82b-e803ab93550d,nmi,0.1335551439341428,Released checkpoint (Table 1/2 source).
leave_one_out,Full,1,1,1,ablation_arms_2026-09,c838aec3-03ef-4398-b882-0e3912abfff0,ari,0.3610997890971152,Released checkpoint (Table 1/2 source).
leave_one_out,Full,1,1,1,ablation_arms_2026-09,c838aec3-03ef-4398-b882-0e3912abfff0,nmi,0.6279404828836285,Released checkpoint (Table 1/2 source).
leave_one_out,Full,1,1,1,ablation_arms_2026-09,cee9b331-3ba0-4461-8bbd-867819d9fc0a,ari,0.748392190122006,Released checkpoint (Table 1/2 source).
leave_one_out,Full,1,1,1,ablation_arms_2026-09,cee9b331-3ba0-4461-8bbd-867819d9fc0a,nmi,0.8039917091680648,Released checkpoint (Table 1/2 source).
leave_one_out,Full,1,1,1,ablation_arms_2026-09,d567b692-c374-4628-a508-8008f6778f22,ari,0.5599960219691263,Released checkpoint (Table 1/2 source).
leave_one_out,Full,1,1,1,ablation_arms_2026-09,d567b692-c374-4628-a508-8008f6778f22,nmi,0.7049974162730459,Released checkpoint (Table 1/2 source).
leave_one_out,Full,1,1,1,ablation_arms_2026-09,d68a8b48-abf0-4bd5-8834-155d34ec448a,ari,0.3814802618786611,Released checkpoint (Table 1/2 source).
leave_one_out,Full,1,1,1,ablation_arms_2026-09,d68a8b48-abf0-4bd5-8834-155d34ec448a,nmi,0.6409058053236999,Released checkpoint (Table 1/2 source).
leave_one_out,Full,1,1,1,ablation_arms_2026-09,d7cff847-6403-44a6-ad8a-2f5a783639dd,ari,0.6834932156056109,Released checkpoint (Table 1/2 source).
leave_one_out,Full,1,1,1,ablation_arms_2026-09,d7cff847-6403-44a6-ad8a-2f5a783639dd,nmi,0.7970064670498774,Released checkpoint (Table 1/2 source).
leave_one_out,Full,1,1,1,ablation_arms_2026-09,de5416ef-bbfa-41f3-99d4-01a3554173f5,ari,0.342540956826823,Released checkpoint (Table 1/2 source).
leave_one_out,Full,1,1,1,ablation_arms_2026-09,de5416ef-bbfa-41f3-99d4-01a3554173f5,nmi,0.6163885480639307,Released checkpoint (Table 1/2 source).
leave_one_out,Full,1,1,1,ablation_arms_2026-09,e3ed2ba4-edf5-40ac-8750-8a417ad1eefe,ari,0.6690028113587636,Released checkpoint (Table 1/2 source).
leave_one_out,Full,1,1,1,ablation_arms_2026-09,e3ed2ba4-edf5-40ac-8750-8a417ad1eefe,nmi,0.7983185955765018,Released checkpoint (Table 1/2 source).
leave_one_out,Full,1,1,1,ablation_arms_2026-09,e51bae9a-c747-4b64-904a-4da7cda218ab,ari,0.6059142086350058,Released checkpoint (Table 1/2 source).
leave_one_out,Full,1,1,1,ablation_arms_2026-09,e51bae9a-c747-4b64-904a-4da7cda218ab,nmi,0.7322918577319838,Released checkpoint (Table 1/2 source).
leave_one_out,Full,1,1,1,ablation_arms_2026-09,e522d2cd-7927-4e59-a4ed-064009569279,ari,0.4376787373237351,Released checkpoint (Table 1/2 source).
leave_one_out,Full,1,1,1,ablation_arms_2026-09,e522d2cd-7927-4e59-a4ed-064009569279,nmi,0.6837778614370664,Released checkpoint (Table 1/2 source).
leave_one_out,Full,1,1,1,ablation_arms_2026-09,e7bd68ab-df49-44df-9b1e-8486114aeeb5,ari,0.3314934019948264,Released checkpoint (Table 1/2 source).
leave_one_out,Full,1,1,1,ablation_arms_2026-09,e7bd68ab-df49-44df-9b1e-8486114aeeb5,nmi,0.4937685063849,Released checkpoint (Table 1/2 source).
leave_one_out,Full,1,1,1,ablation_arms_2026-09,edbfa04a-f1dd-496a-8237-df11d70621ca,ari,0.4587040299934012,Released checkpoint (Table 1/2 source).
leave_one_out,Full,1,1,1,ablation_arms_2026-09,edbfa04a-f1dd-496a-8237-df11d70621ca,nmi,0.6033944675957509,Released checkpoint (Table 1/2 source).
leave_one_out,Full,1,1,1,ablation_arms_2026-09,f14bc322-1322-4184-8d16-409557525ea5,ari,0.5148936411793833,Released checkpoint (Table 1/2 source).
leave_one_out,Full,1,1,1,ablation_arms_2026-09,f14bc322-1322-4184-8d16-409557525ea5,nmi,0.7531964954640036,Released checkpoint (Table 1/2 source).
leave_one_out,Full,1,1,1,ablation_arms_2026-09,f3c49918-4707-4d92-bb6d-2b5b4eb9d1b4,ari,0.6887658932884555,Released checkpoint (Table 1/2 source).
leave_one_out,Full,1,1,1,ablation_arms_2026-09,f3c49918-4707-4d92-bb6d-2b5b4eb9d1b4,nmi,0.7955668551885013,Released checkpoint (Table 1/2 source).
leave_one_out,Full,1,1,1,ablation_arms_2026-09,f641d68a-e877-4bb8-afd7-b8fa3921d461,ari,0.5201957459059814,Released checkpoint (Table 1/2 source).
leave_one_out,Full,1,1,1,ablation_arms_2026-09,f641d68a-e877-4bb8-afd7-b8fa3921d461,nmi,0.6622964906837493,Released checkpoint (Table 1/2 source).
leave_one_out,Full,1,1,1,ablation_arms_2026-09,f6cc8a47-2dea-40aa-8608-d771c5ef8a07,ari,0.3987384448605441,Released checkpoint (Table 1/2 source).
leave_one_out,Full,1,1,1,ablation_arms_2026-09,f6cc8a47-2dea-40aa-8608-d771c5ef8a07,nmi,0.5215420784508246,Released checkpoint (Table 1/2 source).
leave_one_out,Full,1,1,1,ablation_arms_2026-09,fe7aae33-6f7c-41a5-8d29-9996a9ddf1ab,ari,0.7022768822762171,Released checkpoint (Table 1/2 source).
leave_one_out,Full,1,1,1,ablation_arms_2026-09,fe7aae33-6f7c-41a5-8d29-9996a9ddf1ab,nmi,0.7395951799388254,Released checkpoint (Table 1/2 source).
leave_one_out,Full,1,1,1,ablation_arms_2026-09,01b84709-139c-4485-98a9-6e14c58fbbf6,gene_mean_pearson,0.9404270535638796,Released checkpoint (Table 1/2 source).
leave_one_out,Full,1,1,1,ablation_arms_2026-09,01b84709-139c-4485-98a9-6e14c58fbbf6,training_style_hvg,0.87661962890625,Released checkpoint (Table 1/2 source).
leave_one_out,Full,1,1,1,ablation_arms_2026-09,07dd8c34-4625-480a-8ee4-273a06c3082b,gene_mean_pearson,0.9361378730761516,Released checkpoint (Table 1/2 source).
leave_one_out,Full,1,1,1,ablation_arms_2026-09,07dd8c34-4625-480a-8ee4-273a06c3082b,training_style_hvg,0.9521974312622746,Released checkpoint (Table 1/2 source).
leave_one_out,Full,1,1,1,ablation_arms_2026-09,09b518f9-da64-44cc-aec8-70a89d55611f,gene_mean_pearson,0.8938173328371659,Released checkpoint (Table 1/2 source).
leave_one_out,Full,1,1,1,ablation_arms_2026-09,09b518f9-da64-44cc-aec8-70a89d55611f,training_style_hvg,0.8887559020996094,Released checkpoint (Table 1/2 source).
leave_one_out,Full,1,1,1,ablation_arms_2026-09,0a8e3443-c3e2-4918-84db-0495657d9175,gene_mean_pearson,0.9786008525003288,Released checkpoint (Table 1/2 source).
leave_one_out,Full,1,1,1,ablation_arms_2026-09,0a8e3443-c3e2-4918-84db-0495657d9175,training_style_hvg,0.9651794860839844,Released checkpoint (Table 1/2 source).
leave_one_out,Full,1,1,1,ablation_arms_2026-09,0ae6f031-2f9c-4247-8b26-db320d6efd32,gene_mean_pearson,0.8489818904184434,Released checkpoint (Table 1/2 source).
leave_one_out,Full,1,1,1,ablation_arms_2026-09,0ae6f031-2f9c-4247-8b26-db320d6efd32,training_style_hvg,0.7582127173639113,Released checkpoint (Table 1/2 source).
leave_one_out,Full,1,1,1,ablation_arms_2026-09,0bf30b02-db97-4560-b9cd-0fe3588892af,gene_mean_pearson,0.9582726269374808,Released checkpoint (Table 1/2 source).
leave_one_out,Full,1,1,1,ablation_arms_2026-09,0bf30b02-db97-4560-b9cd-0fe3588892af,training_style_hvg,0.9200141357421876,Released checkpoint (Table 1/2 source).
leave_one_out,Full,1,1,1,ablation_arms_2026-09,0c0c49a2-b96b-432f-98a4-1decf9929149,gene_mean_pearson,0.9788889243768348,Released checkpoint (Table 1/2 source).
leave_one_out,Full,1,1,1,ablation_arms_2026-09,0c0c49a2-b96b-432f-98a4-1decf9929149,training_style_hvg,0.9656751159667968,Released checkpoint (Table 1/2 source).
leave_one_out,Full,1,1,1,ablation_arms_2026-09,145dcf6a-2461-4fa3-a0af-7fc56db0bd33,gene_mean_pearson,0.9302858444502607,Released checkpoint (Table 1/2 source).
leave_one_out,Full,1,1,1,ablation_arms_2026-09,145dcf6a-2461-4fa3-a0af-7fc56db0bd33,training_style_hvg,0.9163250610351562,Released checkpoint (Table 1/2 source).
leave_one_out,Full,1,1,1,ablation_arms_2026-09,16023185-de21-4c0d-a9c8-73abdd52d142,gene_mean_pearson,0.983140616211273,Released checkpoint (Table 1/2 source).
leave_one_out,Full,1,1,1,ablation_arms_2026-09,16023185-de21-4c0d-a9c8-73abdd52d142,training_style_hvg,0.8903640319824219,Released checkpoint (Table 1/2 source).
leave_one_out,Full,1,1,1,ablation_arms_2026-09,19053a82-9c89-4fb8-bd19-d7b1800b0b7b,gene_mean_pearson,0.951500885295104,Released checkpoint (Table 1/2 source).
leave_one_out,Full,1,1,1,ablation_arms_2026-09,19053a82-9c89-4fb8-bd19-d7b1800b0b7b,training_style_hvg,0.913413214111328,Released checkpoint (Table 1/2 source).
leave_one_out,Full,1,1,1,ablation_arms_2026-09,19f1bec6-eeb7-4133-accc-992d745fef89,gene_mean_pearson,0.8731903930558866,Released checkpoint (Table 1/2 source).
leave_one_out,Full,1,1,1,ablation_arms_2026-09,19f1bec6-eeb7-4133-accc-992d745fef89,training_style_hvg,0.8797090698242187,Released checkpoint (Table 1/2 source).
leave_one_out,Full,1,1,1,ablation_arms_2026-09,1a9f3b38-b86d-416d-bbdc-9058ad3ff42d,gene_mean_pearson,0.7844453277786507,Released checkpoint (Table 1/2 source).
leave_one_out,Full,1,1,1,ablation_arms_2026-09,1a9f3b38-b86d-416d-bbdc-9058ad3ff42d,training_style_hvg,0.8918005676269531,Released checkpoint (Table 1/2 source).
leave_one_out,Full,1,1,1,ablation_arms_2026-09,1ab4ebbc-18d6-4838-89c2-cdc5b10accfb,gene_mean_pearson,0.954192418470572,Released checkpoint (Table 1/2 source).
leave_one_out,Full,1,1,1,ablation_arms_2026-09,1ab4ebbc-18d6-4838-89c2-cdc5b10accfb,training_style_hvg,0.9361967771897668,Released checkpoint (Table 1/2 source).
leave_one_out,Full,1,1,1,ablation_arms_2026-09,1b350d0a-4535-4879-beb6-1142f3f94947,gene_mean_pearson,0.9777182652911174,Released checkpoint (Table 1/2 source).
leave_one_out,Full,1,1,1,ablation_arms_2026-09,1b350d0a-4535-4879-beb6-1142f3f94947,training_style_hvg,0.9264530456542968,Released checkpoint (Table 1/2 source).
leave_one_out,Full,1,1,1,ablation_arms_2026-09,203025fe-fa99-4d57-81da-458ed8f0c334,gene_mean_pearson,0.8805513477790496,Released checkpoint (Table 1/2 source).
leave_one_out,Full,1,1,1,ablation_arms_2026-09,203025fe-fa99-4d57-81da-458ed8f0c334,training_style_hvg,0.8711844543457031,Released checkpoint (Table 1/2 source).
leave_one_out,Full,1,1,1,ablation_arms_2026-09,21722308-5091-4b63-9c07-4f116ab9a7b3,gene_mean_pearson,0.920588989385064,Released checkpoint (Table 1/2 source).
leave_one_out,Full,1,1,1,ablation_arms_2026-09,21722308-5091-4b63-9c07-4f116ab9a7b3,training_style_hvg,0.91250322265625,Released checkpoint (Table 1/2 source).
leave_one_out,Full,1,1,1,ablation_arms_2026-09,27d3952f-fbbc-497d-98d1-f37f3d555235,gene_mean_pearson,0.935970605146854,Released checkpoint (Table 1/2 source).
leave_one_out,Full,1,1,1,ablation_arms_2026-09,27d3952f-fbbc-497d-98d1-f37f3d555235,training_style_hvg,0.9254974903727944,Released checkpoint (Table 1/2 source).
leave_one_out,Full,1,1,1,ablation_arms_2026-09,30c2a6fd-d547-460f-a5e7-44c62a2af7ad,gene_mean_pearson,0.9481672332697756,Released checkpoint (Table 1/2 source).
leave_one_out,Full,1,1,1,ablation_arms_2026-09,30c2a6fd-d547-460f-a5e7-44c62a2af7ad,training_style_hvg,0.8972137756347657,Released checkpoint (Table 1/2 source).
leave_one_out,Full,1,1,1,ablation_arms_2026-09,322c816f-608a-4da1-99c4-36ca4ad45146,gene_mean_pearson,0.893078131649867,Released checkpoint (Table 1/2 source).
leave_one_out,Full,1,1,1,ablation_arms_2026-09,322c816f-608a-4da1-99c4-36ca4ad45146,training_style_hvg,0.9118436157226564,Released checkpoint (Table 1/2 source).
leave_one_out,Full,1,1,1,ablation_arms_2026-09,3a702020-cf66-4ef5-9d11-4a5e835b7efb,gene_mean_pearson,0.7904676193699206,Released checkpoint (Table 1/2 source).
leave_one_out,Full,1,1,1,ablation_arms_2026-09,3a702020-cf66-4ef5-9d11-4a5e835b7efb,training_style_hvg,0.8338605041503906,Released checkpoint (Table 1/2 source).
leave_one_out,Full,1,1,1,ablation_arms_2026-09,3bfd5174-5b49-4e58-b233-ed0f4edd0bec,gene_mean_pearson,0.8555081965699618,Released checkpoint (Table 1/2 source).
leave_one_out,Full,1,1,1,ablation_arms_2026-09,3bfd5174-5b49-4e58-b233-ed0f4edd0bec,training_style_hvg,0.7835013860887097,Released checkpoint (Table 1/2 source).
leave_one_out,Full,1,1,1,ablation_arms_2026-09,3c364ffe-d599-44d5-a77f-6c5fd7038cf6,gene_mean_pearson,0.8949663197116795,Released checkpoint (Table 1/2 source).
leave_one_out,Full,1,1,1,ablation_arms_2026-09,3c364ffe-d599-44d5-a77f-6c5fd7038cf6,training_style_hvg,0.9016538024902344,Released checkpoint (Table 1/2 source).
leave_one_out,Full,1,1,1,ablation_arms_2026-09,3cb646ab-d411-4e5b-89eb-082a786c953b,gene_mean_pearson,0.9794694307534736,Released checkpoint (Table 1/2 source).
leave_one_out,Full,1,1,1,ablation_arms_2026-09,3cb646ab-d411-4e5b-89eb-082a786c953b,training_style_hvg,0.9653363403320312,Released checkpoint (Table 1/2 source).
leave_one_out,Full,1,1,1,ablation_arms_2026-09,3e55180c-780a-4424-9434-5296640ffc0d,gene_mean_pearson,0.9366655249166278,Released checkpoint (Table 1/2 source).
leave_one_out,Full,1,1,1,ablation_arms_2026-09,3e55180c-780a-4424-9434-5296640ffc0d,training_style_hvg,0.9412545021867764,Released checkpoint (Table 1/2 source).
leave_one_out,Full,1,1,1,ablation_arms_2026-09,420d0f5d-b7ba-4b1e-88d0-44e9f733febd,gene_mean_pearson,0.9793082236349178,Released checkpoint (Table 1/2 source).
leave_one_out,Full,1,1,1,ablation_arms_2026-09,420d0f5d-b7ba-4b1e-88d0-44e9f733febd,training_style_hvg,0.9665044677734376,Released checkpoint (Table 1/2 source).
leave_one_out,Full,1,1,1,ablation_arms_2026-09,4319097a-acae-4124-beed-d1173ffe1464,gene_mean_pearson,0.8705683692118965,Released checkpoint (Table 1/2 source).
leave_one_out,Full,1,1,1,ablation_arms_2026-09,4319097a-acae-4124-beed-d1173ffe1464,training_style_hvg,0.8824327904485887,Released checkpoint (Table 1/2 source).
leave_one_out,Full,1,1,1,ablation_arms_2026-09,432f3af5-6a79-401f-b315-fb2df789f32c,gene_mean_pearson,0.890315037082724,Released checkpoint (Table 1/2 source).
leave_one_out,Full,1,1,1,ablation_arms_2026-09,432f3af5-6a79-401f-b315-fb2df789f32c,training_style_hvg,0.7531521862399193,Released checkpoint (Table 1/2 source).
leave_one_out,Full,1,1,1,ablation_arms_2026-09,43a1506b-aa9e-46a3-b288-d210f4595ddf,gene_mean_pearson,0.9597555155342674,Released checkpoint (Table 1/2 source).
leave_one_out,Full,1,1,1,ablation_arms_2026-09,43a1506b-aa9e-46a3-b288-d210f4595ddf,training_style_hvg,0.8453870056152344,Released checkpoint (Table 1/2 source).
leave_one_out,Full,1,1,1,ablation_arms_2026-09,43aa19d2-c723-4822-979d-d2f0239835e0,gene_mean_pearson,0.9291889030440764,Released checkpoint (Table 1/2 source).
leave_one_out,Full,1,1,1,ablation_arms_2026-09,43aa19d2-c723-4822-979d-d2f0239835e0,training_style_hvg,0.8982913940429688,Released checkpoint (Table 1/2 source).
leave_one_out,Full,1,1,1,ablation_arms_2026-09,46104f0b-9af5-466a-ae0f-56b8dc1969a2,gene_mean_pearson,0.979246758797033,Released checkpoint (Table 1/2 source).
leave_one_out,Full,1,1,1,ablation_arms_2026-09,46104f0b-9af5-466a-ae0f-56b8dc1969a2,training_style_hvg,0.965920672607422,Released checkpoint (Table 1/2 source).
leave_one_out,Full,1,1,1,ablation_arms_2026-09,47e00f43-6176-44a5-b4d1-f88a1920fcab,gene_mean_pearson,0.979359183257272,Released checkpoint (Table 1/2 source).
leave_one_out,Full,1,1,1,ablation_arms_2026-09,47e00f43-6176-44a5-b4d1-f88a1920fcab,training_style_hvg,0.965819873046875,Released checkpoint (Table 1/2 source).
leave_one_out,Full,1,1,1,ablation_arms_2026-09,4b83f213-b96b-4c87-a884-9b81faddb194,gene_mean_pearson,0.9188852960169116,Released checkpoint (Table 1/2 source).
leave_one_out,Full,1,1,1,ablation_arms_2026-09,4b83f213-b96b-4c87-a884-9b81faddb194,training_style_hvg,0.8626299438476562,Released checkpoint (Table 1/2 source).
leave_one_out,Full,1,1,1,ablation_arms_2026-09,527641f0-df64-4c80-957c-a65dccd477bc,gene_mean_pearson,0.867178226802361,Released checkpoint (Table 1/2 source).
leave_one_out,Full,1,1,1,ablation_arms_2026-09,527641f0-df64-4c80-957c-a65dccd477bc,training_style_hvg,0.8915085842993952,Released checkpoint (Table 1/2 source).
leave_one_out,Full,1,1,1,ablation_arms_2026-09,53ce2631-3646-4172-bbd9-38b0a44d8214,gene_mean_pearson,0.9243468328124156,Released checkpoint (Table 1/2 source).
leave_one_out,Full,1,1,1,ablation_arms_2026-09,53ce2631-3646-4172-bbd9-38b0a44d8214,training_style_hvg,0.8854807189941406,Released checkpoint (Table 1/2 source).
leave_one_out,Full,1,1,1,ablation_arms_2026-09,56a4bc14-9407-45fd-8786-f7f6fc87c9dd,gene_mean_pearson,0.9383286686179588,Released checkpoint (Table 1/2 source).
leave_one_out,Full,1,1,1,ablation_arms_2026-09,56a4bc14-9407-45fd-8786-f7f6fc87c9dd,training_style_hvg,0.88255,Released checkpoint (Table 1/2 source).
leave_one_out,Full,1,1,1,ablation_arms_2026-09,589fe605-6d49-4abe-bff8-1675511c689a,gene_mean_pearson,0.975568330765538,Released checkpoint (Table 1/2 source).
leave_one_out,Full,1,1,1,ablation_arms_2026-09,589fe605-6d49-4abe-bff8-1675511c689a,training_style_hvg,0.9263663696289064,Released checkpoint (Table 1/2 source).
leave_one_out,Full,1,1,1,ablation_arms_2026-09,58f43044-cd3c-42b8-bc0b-3498eb236359,gene_mean_pearson,0.9368082777553616,Released checkpoint (Table 1/2 source).
leave_one_out,Full,1,1,1,ablation_arms_2026-09,58f43044-cd3c-42b8-bc0b-3498eb236359,training_style_hvg,0.850907113647461,Released checkpoint (Table 1/2 source).
leave_one_out,Full,1,1,1,ablation_arms_2026-09,5a9cfb44-494a-4540-8db8-7143b1bb5a6f,gene_mean_pearson,0.9520791364250004,Released checkpoint (Table 1/2 source).
leave_one_out,Full,1,1,1,ablation_arms_2026-09,5a9cfb44-494a-4540-8db8-7143b1bb5a6f,training_style_hvg,0.8725564575195313,Released checkpoint (Table 1/2 source).
leave_one_out,Full,1,1,1,ablation_arms_2026-09,5c97eeeb-7e52-44b3-b010-b832b1f5424c,gene_mean_pearson,0.921496267660706,Released checkpoint (Table 1/2 source).
leave_one_out,Full,1,1,1,ablation_arms_2026-09,5c97eeeb-7e52-44b3-b010-b832b1f5424c,training_style_hvg,0.9393552978515624,Released checkpoint (Table 1/2 source).
leave_one_out,Full,1,1,1,ablation_arms_2026-09,5e57cd50-8e42-42d6-940d-5c1660d06864,gene_mean_pearson,0.9240131601086076,Released checkpoint (Table 1/2 source).
leave_one_out,Full,1,1,1,ablation_arms_2026-09,5e57cd50-8e42-42d6-940d-5c1660d06864,training_style_hvg,0.9385037231445312,Released checkpoint (Table 1/2 source).
leave_one_out,Full,1,1,1,ablation_arms_2026-09,5ed90bc0-12f3-4354-b314-0ce0dbb96458,gene_mean_pearson,0.9451298086566968,Released checkpoint (Table 1/2 source).
leave_one_out,Full,1,1,1,ablation_arms_2026-09,5ed90bc0-12f3-4354-b314-0ce0dbb96458,training_style_hvg,0.930319873046875,Released checkpoint (Table 1/2 source).
leave_one_out,Full,1,1,1,ablation_arms_2026-09,5fde5c9c-5b1e-4df5-982a-3f8e7635161f,gene_mean_pearson,0.9785273527646874,Released checkpoint (Table 1/2 source).
leave_one_out,Full,1,1,1,ablation_arms_2026-09,5fde5c9c-5b1e-4df5-982a-3f8e7635161f,training_style_hvg,0.9670566589355468,Released checkpoint (Table 1/2 source).
leave_one_out,Full,1,1,1,ablation_arms_2026-09,60a29d0b-1a37-4447-ac32-00d701580b47,gene_mean_pearson,0.9707670531574388,Released checkpoint (Table 1/2 source).
leave_one_out,Full,1,1,1,ablation_arms_2026-09,60a29d0b-1a37-4447-ac32-00d701580b47,training_style_hvg,0.9223629843939988,Released checkpoint (Table 1/2 source).
leave_one_out,Full,1,1,1,ablation_arms_2026-09,61af564d-e5ea-4d34-a0f3-2668a00db376,gene_mean_pearson,0.8137816920121632,Released checkpoint (Table 1/2 source).
leave_one_out,Full,1,1,1,ablation_arms_2026-09,61af564d-e5ea-4d34-a0f3-2668a00db376,training_style_hvg,0.8397442321777344,Released checkpoint (Table 1/2 source).
leave_one_out,Full,1,1,1,ablation_arms_2026-09,61d327d1-2227-4c5f-9367-e3559dc79b07,gene_mean_pearson,0.5783952023034669,Released checkpoint (Table 1/2 source).
leave_one_out,Full,1,1,1,ablation_arms_2026-09,61d327d1-2227-4c5f-9367-e3559dc79b07,training_style_hvg,0.4949160245195705,Released checkpoint (Table 1/2 source).
leave_one_out,Full,1,1,1,ablation_arms_2026-09,64267fb5-7b70-4705-a13b-cc38966c22a8,gene_mean_pearson,0.9223055446065246,Released checkpoint (Table 1/2 source).
leave_one_out,Full,1,1,1,ablation_arms_2026-09,64267fb5-7b70-4705-a13b-cc38966c22a8,training_style_hvg,0.9803392700195313,Released checkpoint (Table 1/2 source).
leave_one_out,Full,1,1,1,ablation_arms_2026-09,67b6b9ac-b841-42ce-b2d4-ed2ec12327bd,gene_mean_pearson,0.858148584694139,Released checkpoint (Table 1/2 source).
leave_one_out,Full,1,1,1,ablation_arms_2026-09,67b6b9ac-b841-42ce-b2d4-ed2ec12327bd,training_style_hvg,0.8414412536621094,Released checkpoint (Table 1/2 source).
leave_one_out,Full,1,1,1,ablation_arms_2026-09,6fc37633-13f5-4bf0-af95-52808143bffd,gene_mean_pearson,0.9371376648371924,Released checkpoint (Table 1/2 source).
leave_one_out,Full,1,1,1,ablation_arms_2026-09,6fc37633-13f5-4bf0-af95-52808143bffd,training_style_hvg,0.9654897258304048,Released checkpoint (Table 1/2 source).
leave_one_out,Full,1,1,1,ablation_arms_2026-09,75011e96-ba37-4977-a539-fbf9f66a5e37,gene_mean_pearson,0.9657854121246018,Released checkpoint (Table 1/2 source).
leave_one_out,Full,1,1,1,ablation_arms_2026-09,75011e96-ba37-4977-a539-fbf9f66a5e37,training_style_hvg,0.9117471648204222,Released checkpoint (Table 1/2 source).
leave_one_out,Full,1,1,1,ablation_arms_2026-09,781cc817-3fd0-487c-a55a-b47b2786a05d,gene_mean_pearson,0.9624019123483032,Released checkpoint (Table 1/2 source).
leave_one_out,Full,1,1,1,ablation_arms_2026-09,781cc817-3fd0-487c-a55a-b47b2786a05d,training_style_hvg,0.8975096437958078,Released checkpoint (Table 1/2 source).
leave_one_out,Full,1,1,1,ablation_arms_2026-09,79884ae5-e026-4d4a-858f-e807960bd4f7,gene_mean_pearson,0.9319523166109104,Released checkpoint (Table 1/2 source).
leave_one_out,Full,1,1,1,ablation_arms_2026-09,79884ae5-e026-4d4a-858f-e807960bd4f7,training_style_hvg,0.8897728802524717,Released checkpoint (Table 1/2 source).
leave_one_out,Full,1,1,1,ablation_arms_2026-09,8058d760-09e6-4bdd-86a1-36917ffca3ef,gene_mean_pearson,0.7397769721506988,Released checkpoint (Table 1/2 source).
leave_one_out,Full,1,1,1,ablation_arms_2026-09,8058d760-09e6-4bdd-86a1-36917ffca3ef,training_style_hvg,0.90343408203125,Released checkpoint (Table 1/2 source).
leave_one_out,Full,1,1,1,ablation_arms_2026-09,829a3cd1-a466-49f1-b2e9-d3f6b7f392e2,gene_mean_pearson,0.96406448848661,Released checkpoint (Table 1/2 source).
leave_one_out,Full,1,1,1,ablation_arms_2026-09,829a3cd1-a466-49f1-b2e9-d3f6b7f392e2,training_style_hvg,0.9360135192871094,Released checkpoint (Table 1/2 source).
leave_one_out,Full,1,1,1,ablation_arms_2026-09,84cfa5aa-a0d1-415e-ac47-eb66c9cf8170,gene_mean_pearson,0.9766820536564118,Released checkpoint (Table 1/2 source).
leave_one_out,Full,1,1,1,ablation_arms_2026-09,84cfa5aa-a0d1-415e-ac47-eb66c9cf8170,training_style_hvg,0.922821063232422,Released checkpoint (Table 1/2 source).
leave_one_out,Full,1,1,1,ablation_arms_2026-09,8560f809-5794-484e-9152-b63efa91d134,gene_mean_pearson,0.9569431695544196,Released checkpoint (Table 1/2 source).
leave_one_out,Full,1,1,1,ablation_arms_2026-09,8560f809-5794-484e-9152-b63efa91d134,training_style_hvg,0.9069503967285156,Released checkpoint (Table 1/2 source).
leave_one_out,Full,1,1,1,ablation_arms_2026-09,867757c1-3b1a-49d9-a0cd-17767eb160cc,gene_mean_pearson,0.7864487446084283,Released checkpoint (Table 1/2 source).
leave_one_out,Full,1,1,1,ablation_arms_2026-09,867757c1-3b1a-49d9-a0cd-17767eb160cc,training_style_hvg,0.8407565124511719,Released checkpoint (Table 1/2 source).
leave_one_out,Full,1,1,1,ablation_arms_2026-09,881e0e6b-a185-45f1-9b56-81606e91e7ff,gene_mean_pearson,0.9792155301373806,Released checkpoint (Table 1/2 source).
leave_one_out,Full,1,1,1,ablation_arms_2026-09,881e0e6b-a185-45f1-9b56-81606e91e7ff,training_style_hvg,0.947204718017578,Released checkpoint (Table 1/2 source).
leave_one_out,Full,1,1,1,ablation_arms_2026-09,8ef06ea4-8d0f-4303-a652-7d4604402b1f,gene_mean_pearson,0.9535141233119808,Released checkpoint (Table 1/2 source).
leave_one_out,Full,1,1,1,ablation_arms_2026-09,8ef06ea4-8d0f-4303-a652-7d4604402b1f,training_style_hvg,0.8884631591796875,Released checkpoint (Table 1/2 source).
leave_one_out,Full,1,1,1,ablation_arms_2026-09,8f3e7fcf-0b16-4a29-a5f1-a7a8b267d689,gene_mean_pearson,0.977739151789816,Released checkpoint (Table 1/2 source).
leave_one_out,Full,1,1,1,ablation_arms_2026-09,8f3e7fcf-0b16-4a29-a5f1-a7a8b267d689,training_style_hvg,0.955303973388672,Released checkpoint (Table 1/2 source).
leave_one_out,Full,1,1,1,ablation_arms_2026-09,8ff0cef9-393e-43de-9722-a1e12c239727,gene_mean_pearson,0.910794762112796,Released checkpoint (Table 1/2 source).
leave_one_out,Full,1,1,1,ablation_arms_2026-09,8ff0cef9-393e-43de-9722-a1e12c239727,training_style_hvg,0.8113623676915322,Released checkpoint (Table 1/2 source).
leave_one_out,Full,1,1,1,ablation_arms_2026-09,95d3b0fb-b8a7-4bec-a2e8-cded3222ff07,gene_mean_pearson,0.9346901292708156,Released checkpoint (Table 1/2 source).
leave_one_out,Full,1,1,1,ablation_arms_2026-09,95d3b0fb-b8a7-4bec-a2e8-cded3222ff07,training_style_hvg,0.924139618177009,Released checkpoint (Table 1/2 source).
leave_one_out,Full,1,1,1,ablation_arms_2026-09,963a08cb-d995-4862-9614-f9d38a7d7540,gene_mean_pearson,0.8187311860988947,Released checkpoint (Table 1/2 source).
leave_one_out,Full,1,1,1,ablation_arms_2026-09,963a08cb-d995-4862-9614-f9d38a7d7540,training_style_hvg,0.8897413269042969,Released checkpoint (Table 1/2 source).
leave_one_out,Full,1,1,1,ablation_arms_2026-09,978a566a-dc27-478d-b306-26daba116c1f,gene_mean_pearson,0.7744216665240768,Released checkpoint (Table 1/2 source).
leave_one_out,Full,1,1,1,ablation_arms_2026-09,978a566a-dc27-478d-b306-26daba116c1f,training_style_hvg,0.9118352416992188,Released checkpoint (Table 1/2 source).
leave_one_out,Full,1,1,1,ablation_arms_2026-09,98219f72-0f9a-4de9-a859-c81834f24ab1,gene_mean_pearson,0.6050157279728954,Released checkpoint (Table 1/2 source).
leave_one_out,Full,1,1,1,ablation_arms_2026-09,98219f72-0f9a-4de9-a859-c81834f24ab1,training_style_hvg,0.4370581207275391,Released checkpoint (Table 1/2 source).
leave_one_out,Full,1,1,1,ablation_arms_2026-09,9f1a899f-05a0-44c5-8aa9-39df61ae4324,gene_mean_pearson,0.8792177613015535,Released checkpoint (Table 1/2 source).
leave_one_out,Full,1,1,1,ablation_arms_2026-09,9f1a899f-05a0-44c5-8aa9-39df61ae4324,training_style_hvg,0.9176074951171876,Released checkpoint (Table 1/2 source).
leave_one_out,Full,1,1,1,ablation_arms_2026-09,a24ce10f-5a87-4e1f-a34a-f4fe5fc84052,gene_mean_pearson,0.9323457408945016,Released checkpoint (Table 1/2 source).
leave_one_out,Full,1,1,1,ablation_arms_2026-09,a24ce10f-5a87-4e1f-a34a-f4fe5fc84052,training_style_hvg,0.9307390466571136,Released checkpoint (Table 1/2 source).
leave_one_out,Full,1,1,1,ablation_arms_2026-09,a2c833f7-b7f1-4f4d-ad31-cae478b601b7,gene_mean_pearson,0.9413328726012395,Released checkpoint (Table 1/2 source).
leave_one_out,Full,1,1,1,ablation_arms_2026-09,a2c833f7-b7f1-4f4d-ad31-cae478b601b7,training_style_hvg,0.9352289001464844,Released checkpoint (Table 1/2 source).
leave_one_out,Full,1,1,1,ablation_arms_2026-09,aa32098f-f7b0-43f2-a00a-601d190aae94,gene_mean_pearson,0.9789702286415888,Released checkpoint (Table 1/2 source).
leave_one_out,Full,1,1,1,ablation_arms_2026-09,aa32098f-f7b0-43f2-a00a-601d190aae94,training_style_hvg,0.9660427917480467,Released checkpoint (Table 1/2 source).
leave_one_out,Full,1,1,1,ablation_arms_2026-09,aa369999-a034-4ad9-b459-8a93c86ea77b,gene_mean_pearson,0.9246539158949648,Released checkpoint (Table 1/2 source).
leave_one_out,Full,1,1,1,ablation_arms_2026-09,aa369999-a034-4ad9-b459-8a93c86ea77b,training_style_hvg,0.8964094299316406,Released checkpoint (Table 1/2 source).
leave_one_out,Full,1,1,1,ablation_arms_2026-09,acd544d0-4d8b-46c7-98b3-fc48f7e6fdb7,gene_mean_pearson,0.7876334621320557,Released checkpoint (Table 1/2 source).
leave_one_out,Full,1,1,1,ablation_arms_2026-09,acd544d0-4d8b-46c7-98b3-fc48f7e6fdb7,training_style_hvg,0.7020920771944903,Released checkpoint (Table 1/2 source).
leave_one_out,Full,1,1,1,ablation_arms_2026-09,aecc2743-4ff2-4b55-ac8c-a1ff76fc4bb4,gene_mean_pearson,0.9595969320823844,Released checkpoint (Table 1/2 source).
leave_one_out,Full,1,1,1,ablation_arms_2026-09,aecc2743-4ff2-4b55-ac8c-a1ff76fc4bb4,training_style_hvg,0.9519505859375,Released checkpoint (Table 1/2 source).
leave_one_out,Full,1,1,1,ablation_arms_2026-09,afae4675-434d-4e89-b5ce-2854c9dc38a3,gene_mean_pearson,0.7906731045326019,Released checkpoint (Table 1/2 source).
leave_one_out,Full,1,1,1,ablation_arms_2026-09,afae4675-434d-4e89-b5ce-2854c9dc38a3,training_style_hvg,0.736209814453125,Released checkpoint (Table 1/2 source).
leave_one_out,Full,1,1,1,ablation_arms_2026-09,b617ee1b-f8c8-4de9-b82b-e803ab93550d,gene_mean_pearson,0.9503410929288488,Released checkpoint (Table 1/2 source).
leave_one_out,Full,1,1,1,ablation_arms_2026-09,b617ee1b-f8c8-4de9-b82b-e803ab93550d,training_style_hvg,0.8951540710449218,Released checkpoint (Table 1/2 source).
leave_one_out,Full,1,1,1,ablation_arms_2026-09,c838aec3-03ef-4398-b882-0e3912abfff0,gene_mean_pearson,0.9756346252910004,Released checkpoint (Table 1/2 source).
leave_one_out,Full,1,1,1,ablation_arms_2026-09,c838aec3-03ef-4398-b882-0e3912abfff0,training_style_hvg,0.9429763244628906,Released checkpoint (Table 1/2 source).
leave_one_out,Full,1,1,1,ablation_arms_2026-09,cee9b331-3ba0-4461-8bbd-867819d9fc0a,gene_mean_pearson,0.8776792355869907,Released checkpoint (Table 1/2 source).
leave_one_out,Full,1,1,1,ablation_arms_2026-09,cee9b331-3ba0-4461-8bbd-867819d9fc0a,training_style_hvg,0.8892038337953629,Released checkpoint (Table 1/2 source).
leave_one_out,Full,1,1,1,ablation_arms_2026-09,d567b692-c374-4628-a508-8008f6778f22,gene_mean_pearson,0.8963299396194913,Released checkpoint (Table 1/2 source).
leave_one_out,Full,1,1,1,ablation_arms_2026-09,d567b692-c374-4628-a508-8008f6778f22,training_style_hvg,0.8974618408203126,Released checkpoint (Table 1/2 source).
leave_one_out,Full,1,1,1,ablation_arms_2026-09,d68a8b48-abf0-4bd5-8834-155d34ec448a,gene_mean_pearson,0.8528410570043802,Released checkpoint (Table 1/2 source).
leave_one_out,Full,1,1,1,ablation_arms_2026-09,d68a8b48-abf0-4bd5-8834-155d34ec448a,training_style_hvg,0.8802517333984375,Released checkpoint (Table 1/2 source).
leave_one_out,Full,1,1,1,ablation_arms_2026-09,d7cff847-6403-44a6-ad8a-2f5a783639dd,gene_mean_pearson,0.9219802779808618,Released checkpoint (Table 1/2 source).
leave_one_out,Full,1,1,1,ablation_arms_2026-09,d7cff847-6403-44a6-ad8a-2f5a783639dd,training_style_hvg,0.94321025390625,Released checkpoint (Table 1/2 source).
leave_one_out,Full,1,1,1,ablation_arms_2026-09,de5416ef-bbfa-41f3-99d4-01a3554173f5,gene_mean_pearson,0.9622315957890436,Released checkpoint (Table 1/2 source).
leave_one_out,Full,1,1,1,ablation_arms_2026-09,de5416ef-bbfa-41f3-99d4-01a3554173f5,training_style_hvg,0.8747284301757813,Released checkpoint (Table 1/2 source).
leave_one_out,Full,1,1,1,ablation_arms_2026-09,e3ed2ba4-edf5-40ac-8750-8a417ad1eefe,gene_mean_pearson,0.918537485773426,Released checkpoint (Table 1/2 source).
leave_one_out,Full,1,1,1,ablation_arms_2026-09,e3ed2ba4-edf5-40ac-8750-8a417ad1eefe,training_style_hvg,0.8645082702636718,Released checkpoint (Table 1/2 source).
leave_one_out,Full,1,1,1,ablation_arms_2026-09,e51bae9a-c747-4b64-904a-4da7cda218ab,gene_mean_pearson,0.9218416483302236,Released checkpoint (Table 1/2 source).
leave_one_out,Full,1,1,1,ablation_arms_2026-09,e51bae9a-c747-4b64-904a-4da7cda218ab,training_style_hvg,0.5661145965576172,Released checkpoint (Table 1/2 source).
leave_one_out,Full,1,1,1,ablation_arms_2026-09,e522d2cd-7927-4e59-a4ed-064009569279,gene_mean_pearson,0.9788117509323764,Released checkpoint (Table 1/2 source).
leave_one_out,Full,1,1,1,ablation_arms_2026-09,e522d2cd-7927-4e59-a4ed-064009569279,training_style_hvg,0.9635605041503906,Released checkpoint (Table 1/2 source).
leave_one_out,Full,1,1,1,ablation_arms_2026-09,e7bd68ab-df49-44df-9b1e-8486114aeeb5,gene_mean_pearson,0.9432167584724074,Released checkpoint (Table 1/2 source).
leave_one_out,Full,1,1,1,ablation_arms_2026-09,e7bd68ab-df49-44df-9b1e-8486114aeeb5,training_style_hvg,0.8947773193359375,Released checkpoint (Table 1/2 source).
leave_one_out,Full,1,1,1,ablation_arms_2026-09,edbfa04a-f1dd-496a-8237-df11d70621ca,gene_mean_pearson,0.9476710580920144,Released checkpoint (Table 1/2 source).
leave_one_out,Full,1,1,1,ablation_arms_2026-09,edbfa04a-f1dd-496a-8237-df11d70621ca,training_style_hvg,0.9431221069335938,Released checkpoint (Table 1/2 source).
leave_one_out,Full,1,1,1,ablation_arms_2026-09,f14bc322-1322-4184-8d16-409557525ea5,gene_mean_pearson,0.9769737297026077,Released checkpoint (Table 1/2 source).
leave_one_out,Full,1,1,1,ablation_arms_2026-09,f14bc322-1322-4184-8d16-409557525ea5,training_style_hvg,0.9171050231933594,Released checkpoint (Table 1/2 source).
leave_one_out,Full,1,1,1,ablation_arms_2026-09,f3c49918-4707-4d92-bb6d-2b5b4eb9d1b4,gene_mean_pearson,0.929600411792391,Released checkpoint (Table 1/2 source).
leave_one_out,Full,1,1,1,ablation_arms_2026-09,f3c49918-4707-4d92-bb6d-2b5b4eb9d1b4,training_style_hvg,0.8986291673615916,Released checkpoint (Table 1/2 source).
leave_one_out,Full,1,1,1,ablation_arms_2026-09,f641d68a-e877-4bb8-afd7-b8fa3921d461,gene_mean_pearson,0.7556344662916793,Released checkpoint (Table 1/2 source).
leave_one_out,Full,1,1,1,ablation_arms_2026-09,f641d68a-e877-4bb8-afd7-b8fa3921d461,training_style_hvg,0.7388371887207031,Released checkpoint (Table 1/2 source).
leave_one_out,Full,1,1,1,ablation_arms_2026-09,f6cc8a47-2dea-40aa-8608-d771c5ef8a07,gene_mean_pearson,0.9128270899729916,Released checkpoint (Table 1/2 source).
leave_one_out,Full,1,1,1,ablation_arms_2026-09,f6cc8a47-2dea-40aa-8608-d771c5ef8a07,training_style_hvg,0.8140186176915323,Released checkpoint (Table 1/2 source).
leave_one_out,Full,1,1,1,ablation_arms_2026-09,fe7aae33-6f7c-41a5-8d29-9996a9ddf1ab,gene_mean_pearson,0.8991342478547146,Released checkpoint (Table 1/2 source).
leave_one_out,Full,1,1,1,ablation_arms_2026-09,fe7aae33-6f7c-41a5-8d29-9996a9ddf1ab,training_style_hvg,0.9523903747558594,Released checkpoint (Table 1/2 source).
leave_one_out,Full,1,1,1,ablation_arms_2026-09,01b84709-139c-4485-98a9-6e14c58fbbf6,pcr,0.2956268943379329,Released checkpoint (Table 1/2 source).
leave_one_out,Full,1,1,1,ablation_arms_2026-09,07dd8c34-4625-480a-8ee4-273a06c3082b,pcr,0.5422904049974873,Released checkpoint (Table 1/2 source).
leave_one_out,Full,1,1,1,ablation_arms_2026-09,09b518f9-da64-44cc-aec8-70a89d55611f,pcr,0.4650442518458205,Released checkpoint (Table 1/2 source).
leave_one_out,Full,1,1,1,ablation_arms_2026-09,0a8e3443-c3e2-4918-84db-0495657d9175,pcr,0.2560356258427761,Released checkpoint (Table 1/2 source).
leave_one_out,Full,1,1,1,ablation_arms_2026-09,0bf30b02-db97-4560-b9cd-0fe3588892af,pcr,0.4392844695638461,Released checkpoint (Table 1/2 source).
leave_one_out,Full,1,1,1,ablation_arms_2026-09,0c0c49a2-b96b-432f-98a4-1decf9929149,pcr,0.3475052015228718,Released checkpoint (Table 1/2 source).
leave_one_out,Full,1,1,1,ablation_arms_2026-09,16023185-de21-4c0d-a9c8-73abdd52d142,pcr,0.3151074770518378,Released checkpoint (Table 1/2 source).
leave_one_out,Full,1,1,1,ablation_arms_2026-09,19053a82-9c89-4fb8-bd19-d7b1800b0b7b,pcr,0.3837740985887547,Released checkpoint (Table 1/2 source).
leave_one_out,Full,1,1,1,ablation_arms_2026-09,19f1bec6-eeb7-4133-accc-992d745fef89,pcr,0.4970145781263583,Released checkpoint (Table 1/2 source).
leave_one_out,Full,1,1,1,ablation_arms_2026-09,1a9f3b38-b86d-416d-bbdc-9058ad3ff42d,pcr,0.4862198481087753,Released checkpoint (Table 1/2 source).
leave_one_out,Full,1,1,1,ablation_arms_2026-09,1ab4ebbc-18d6-4838-89c2-cdc5b10accfb,pcr,0.4644215818173195,Released checkpoint (Table 1/2 source).
leave_one_out,Full,1,1,1,ablation_arms_2026-09,1b350d0a-4535-4879-beb6-1142f3f94947,pcr,0.3636306335045704,Released checkpoint (Table 1/2 source).
leave_one_out,Full,1,1,1,ablation_arms_2026-09,203025fe-fa99-4d57-81da-458ed8f0c334,pcr,0.4153446498212811,Released checkpoint (Table 1/2 source).
leave_one_out,Full,1,1,1,ablation_arms_2026-09,30c2a6fd-d547-460f-a5e7-44c62a2af7ad,pcr,0.5302652398068367,Released checkpoint (Table 1/2 source).
leave_one_out,Full,1,1,1,ablation_arms_2026-09,322c816f-608a-4da1-99c4-36ca4ad45146,pcr,0.4086252720415263,Released checkpoint (Table 1/2 source).
leave_one_out,Full,1,1,1,ablation_arms_2026-09,3a702020-cf66-4ef5-9d11-4a5e835b7efb,pcr,0.4265491261790491,Released checkpoint (Table 1/2 source).
leave_one_out,Full,1,1,1,ablation_arms_2026-09,3c364ffe-d599-44d5-a77f-6c5fd7038cf6,pcr,0.3527733235276709,Released checkpoint (Table 1/2 source).
leave_one_out,Full,1,1,1,ablation_arms_2026-09,3cb646ab-d411-4e5b-89eb-082a786c953b,pcr,0.2924149355826004,Released checkpoint (Table 1/2 source).
leave_one_out,Full,1,1,1,ablation_arms_2026-09,3e55180c-780a-4424-9434-5296640ffc0d,pcr,0.2391759805676737,Released checkpoint (Table 1/2 source).
leave_one_out,Full,1,1,1,ablation_arms_2026-09,420d0f5d-b7ba-4b1e-88d0-44e9f733febd,pcr,0.3272123061379885,Released checkpoint (Table 1/2 source).
leave_one_out,Full,1,1,1,ablation_arms_2026-09,43a1506b-aa9e-46a3-b288-d210f4595ddf,pcr,0.2941862014538174,Released checkpoint (Table 1/2 source).
leave_one_out,Full,1,1,1,ablation_arms_2026-09,43aa19d2-c723-4822-979d-d2f0239835e0,pcr,0.5251108671618906,Released checkpoint (Table 1/2 source).
leave_one_out,Full,1,1,1,ablation_arms_2026-09,46104f0b-9af5-466a-ae0f-56b8dc1969a2,pcr,0.2898837070951145,Released checkpoint (Table 1/2 source).
leave_one_out,Full,1,1,1,ablation_arms_2026-09,47e00f43-6176-44a5-b4d1-f88a1920fcab,pcr,0.2787012476097576,Released checkpoint (Table 1/2 source).
leave_one_out,Full,1,1,1,ablation_arms_2026-09,53ce2631-3646-4172-bbd9-38b0a44d8214,pcr,0.3290382039894378,Released checkpoint (Table 1/2 source).
leave_one_out,Full,1,1,1,ablation_arms_2026-09,56a4bc14-9407-45fd-8786-f7f6fc87c9dd,pcr,0.46966081943984,Released checkpoint (Table 1/2 source).
leave_one_out,Full,1,1,1,ablation_arms_2026-09,589fe605-6d49-4abe-bff8-1675511c689a,pcr,0.2317675719870022,Released checkpoint (Table 1/2 source).
leave_one_out,Full,1,1,1,ablation_arms_2026-09,58f43044-cd3c-42b8-bc0b-3498eb236359,pcr,0.3346392020407677,Released checkpoint (Table 1/2 source).
leave_one_out,Full,1,1,1,ablation_arms_2026-09,5a9cfb44-494a-4540-8db8-7143b1bb5a6f,pcr,0.5405705101279348,Released checkpoint (Table 1/2 source).
leave_one_out,Full,1,1,1,ablation_arms_2026-09,5c97eeeb-7e52-44b3-b010-b832b1f5424c,pcr,0.221740711368462,Released checkpoint (Table 1/2 source).
leave_one_out,Full,1,1,1,ablation_arms_2026-09,5e57cd50-8e42-42d6-940d-5c1660d06864,pcr,0.2113337002454129,Released checkpoint (Table 1/2 source).
leave_one_out,Full,1,1,1,ablation_arms_2026-09,5ed90bc0-12f3-4354-b314-0ce0dbb96458,pcr,0.2817173011467622,Released checkpoint (Table 1/2 source).
leave_one_out,Full,1,1,1,ablation_arms_2026-09,5fde5c9c-5b1e-4df5-982a-3f8e7635161f,pcr,0.3679690565399713,Released checkpoint (Table 1/2 source).
leave_one_out,Full,1,1,1,ablation_arms_2026-09,60a29d0b-1a37-4447-ac32-00d701580b47,pcr,0.2107214625728507,Released checkpoint (Table 1/2 source).
leave_one_out,Full,1,1,1,ablation_arms_2026-09,61af564d-e5ea-4d34-a0f3-2668a00db376,pcr,0.4443833356606365,Released checkpoint (Table 1/2 source).
leave_one_out,Full,1,1,1,ablation_arms_2026-09,61d327d1-2227-4c5f-9367-e3559dc79b07,pcr,0.3676596140353843,Released checkpoint (Table 1/2 source).
leave_one_out,Full,1,1,1,ablation_arms_2026-09,64267fb5-7b70-4705-a13b-cc38966c22a8,pcr,0.5392094470139038,Released checkpoint (Table 1/2 source).
leave_one_out,Full,1,1,1,ablation_arms_2026-09,67b6b9ac-b841-42ce-b2d4-ed2ec12327bd,pcr,0.3393751947581619,Released checkpoint (Table 1/2 source).
leave_one_out,Full,1,1,1,ablation_arms_2026-09,75011e96-ba37-4977-a539-fbf9f66a5e37,pcr,0.477414663487005,Released checkpoint (Table 1/2 source).
leave_one_out,Full,1,1,1,ablation_arms_2026-09,781cc817-3fd0-487c-a55a-b47b2786a05d,pcr,0.1783127464591159,Released checkpoint (Table 1/2 source).
leave_one_out,Full,1,1,1,ablation_arms_2026-09,8058d760-09e6-4bdd-86a1-36917ffca3ef,pcr,0.4621636249217869,Released checkpoint (Table 1/2 source).
leave_one_out,Full,1,1,1,ablation_arms_2026-09,829a3cd1-a466-49f1-b2e9-d3f6b7f392e2,pcr,0.3040913920499605,Released checkpoint (Table 1/2 source).
leave_one_out,Full,1,1,1,ablation_arms_2026-09,84cfa5aa-a0d1-415e-ac47-eb66c9cf8170,pcr,0.3450230174890808,Released checkpoint (Table 1/2 source).
leave_one_out,Full,1,1,1,ablation_arms_2026-09,8560f809-5794-484e-9152-b63efa91d134,pcr,0.3813260722873522,Released checkpoint (Table 1/2 source).
leave_one_out,Full,1,1,1,ablation_arms_2026-09,867757c1-3b1a-49d9-a0cd-17767eb160cc,pcr,0.4143695182364776,Released checkpoint (Table 1/2 source).
leave_one_out,Full,1,1,1,ablation_arms_2026-09,881e0e6b-a185-45f1-9b56-81606e91e7ff,pcr,0.2547141542401368,Released checkpoint (Table 1/2 source).
leave_one_out,Full,1,1,1,ablation_arms_2026-09,8ef06ea4-8d0f-4303-a652-7d4604402b1f,pcr,0.3883800923394658,Released checkpoint (Table 1/2 source).
leave_one_out,Full,1,1,1,ablation_arms_2026-09,8f3e7fcf-0b16-4a29-a5f1-a7a8b267d689,pcr,0.403425489560569,Released checkpoint (Table 1/2 source).
leave_one_out,Full,1,1,1,ablation_arms_2026-09,95d3b0fb-b8a7-4bec-a2e8-cded3222ff07,pcr,0.3221690089755511,Released checkpoint (Table 1/2 source).
leave_one_out,Full,1,1,1,ablation_arms_2026-09,963a08cb-d995-4862-9614-f9d38a7d7540,pcr,0.4432150829582258,Released checkpoint (Table 1/2 source).
leave_one_out,Full,1,1,1,ablation_arms_2026-09,978a566a-dc27-478d-b306-26daba116c1f,pcr,0.405538930325272,Released checkpoint (Table 1/2 source).
leave_one_out,Full,1,1,1,ablation_arms_2026-09,98219f72-0f9a-4de9-a859-c81834f24ab1,pcr,0.788000478733603,Released checkpoint (Table 1/2 source).
leave_one_out,Full,1,1,1,ablation_arms_2026-09,9f1a899f-05a0-44c5-8aa9-39df61ae4324,pcr,0.3404676252952404,Released checkpoint (Table 1/2 source).
leave_one_out,Full,1,1,1,ablation_arms_2026-09,a24ce10f-5a87-4e1f-a34a-f4fe5fc84052,pcr,0.3836956193547013,Released checkpoint (Table 1/2 source).
leave_one_out,Full,1,1,1,ablation_arms_2026-09,a2c833f7-b7f1-4f4d-ad31-cae478b601b7,pcr,0.4292476076120232,Released checkpoint (Table 1/2 source).
leave_one_out,Full,1,1,1,ablation_arms_2026-09,aa32098f-f7b0-43f2-a00a-601d190aae94,pcr,0.2310272139895638,Released checkpoint (Table 1/2 source).
leave_one_out,Full,1,1,1,ablation_arms_2026-09,aa369999-a034-4ad9-b459-8a93c86ea77b,pcr,0.4405234356326287,Released checkpoint (Table 1/2 source).
leave_one_out,Full,1,1,1,ablation_arms_2026-09,acd544d0-4d8b-46c7-98b3-fc48f7e6fdb7,pcr,0.472902188299083,Released checkpoint (Table 1/2 source).
leave_one_out,Full,1,1,1,ablation_arms_2026-09,aecc2743-4ff2-4b55-ac8c-a1ff76fc4bb4,pcr,0.438893270149656,Released checkpoint (Table 1/2 source).
leave_one_out,Full,1,1,1,ablation_arms_2026-09,afae4675-434d-4e89-b5ce-2854c9dc38a3,pcr,0.4455380241741521,Released checkpoint (Table 1/2 source).
leave_one_out,Full,1,1,1,ablation_arms_2026-09,b617ee1b-f8c8-4de9-b82b-e803ab93550d,pcr,0.4398319517406887,Released checkpoint (Table 1/2 source).
leave_one_out,Full,1,1,1,ablation_arms_2026-09,c838aec3-03ef-4398-b882-0e3912abfff0,pcr,0.2181612872982343,Released checkpoint (Table 1/2 source).
leave_one_out,Full,1,1,1,ablation_arms_2026-09,d567b692-c374-4628-a508-8008f6778f22,pcr,0.4144260358177476,Released checkpoint (Table 1/2 source).
leave_one_out,Full,1,1,1,ablation_arms_2026-09,d68a8b48-abf0-4bd5-8834-155d34ec448a,pcr,0.3614767630158019,Released checkpoint (Table 1/2 source).
leave_one_out,Full,1,1,1,ablation_arms_2026-09,d7cff847-6403-44a6-ad8a-2f5a783639dd,pcr,0.30875005389904,Released checkpoint (Table 1/2 source).
leave_one_out,Full,1,1,1,ablation_arms_2026-09,de5416ef-bbfa-41f3-99d4-01a3554173f5,pcr,0.5715091975563911,Released checkpoint (Table 1/2 source).
leave_one_out,Full,1,1,1,ablation_arms_2026-09,e3ed2ba4-edf5-40ac-8750-8a417ad1eefe,pcr,0.4053935660742667,Released checkpoint (Table 1/2 source).
leave_one_out,Full,1,1,1,ablation_arms_2026-09,e51bae9a-c747-4b64-904a-4da7cda218ab,pcr,0.205146724650986,Released checkpoint (Table 1/2 source).
leave_one_out,Full,1,1,1,ablation_arms_2026-09,e522d2cd-7927-4e59-a4ed-064009569279,pcr,0.4340114288934006,Released checkpoint (Table 1/2 source).
leave_one_out,Full,1,1,1,ablation_arms_2026-09,e7bd68ab-df49-44df-9b1e-8486114aeeb5,pcr,0.4066203488950332,Released checkpoint (Table 1/2 source).
leave_one_out,Full,1,1,1,ablation_arms_2026-09,edbfa04a-f1dd-496a-8237-df11d70621ca,pcr,0.3021876527493806,Released checkpoint (Table 1/2 source).
leave_one_out,Full,1,1,1,ablation_arms_2026-09,f14bc322-1322-4184-8d16-409557525ea5,pcr,0.3371245977647554,Released checkpoint (Table 1/2 source).
leave_one_out,Full,1,1,1,ablation_arms_2026-09,f3c49918-4707-4d92-bb6d-2b5b4eb9d1b4,pcr,0.3477750394720692,Released checkpoint (Table 1/2 source).
leave_one_out,Full,1,1,1,ablation_arms_2026-09,f641d68a-e877-4bb8-afd7-b8fa3921d461,pcr,0.3291563086165456,Released checkpoint (Table 1/2 source).
leave_one_out,Full,1,1,1,ablation_arms_2026-09,fe7aae33-6f7c-41a5-8d29-9996a9ddf1ab,pcr,0.3861284554520317,Released checkpoint (Table 1/2 source).
leave_one_out,Full,1,1,1,ablation_arms_2026-09,01b84709-139c-4485-98a9-6e14c58fbbf6,mse,2.231732130050659,Released checkpoint (Table 1/2 source).
leave_one_out,Full,1,1,1,ablation_arms_2026-09,07dd8c34-4625-480a-8ee4-273a06c3082b,mse,1.475023627281189,Released checkpoint (Table 1/2 source).
leave_one_out,Full,1,1,1,ablation_arms_2026-09,09b518f9-da64-44cc-aec8-70a89d55611f,mse,2.913157224655152,Released checkpoint (Table 1/2 source).
leave_one_out,Full,1,1,1,ablation_arms_2026-09,0a8e3443-c3e2-4918-84db-0495657d9175,mse,2.322218418121338,Released checkpoint (Table 1/2 source).
leave_one_out,Full,1,1,1,ablation_arms_2026-09,0ae6f031-2f9c-4247-8b26-db320d6efd32,mse,2.6862237453460693,Released checkpoint (Table 1/2 source).
leave_one_out,Full,1,1,1,ablation_arms_2026-09,0bf30b02-db97-4560-b9cd-0fe3588892af,mse,2.3589348793029785,Released checkpoint (Table 1/2 source).
leave_one_out,Full,1,1,1,ablation_arms_2026-09,0c0c49a2-b96b-432f-98a4-1decf9929149,mse,2.315262079238892,Released checkpoint (Table 1/2 source).
leave_one_out,Full,1,1,1,ablation_arms_2026-09,145dcf6a-2461-4fa3-a0af-7fc56db0bd33,mse,1.358241081237793,Released checkpoint (Table 1/2 source).
leave_one_out,Full,1,1,1,ablation_arms_2026-09,16023185-de21-4c0d-a9c8-73abdd52d142,mse,2.0068230628967285,Released checkpoint (Table 1/2 source).
leave_one_out,Full,1,1,1,ablation_arms_2026-09,19053a82-9c89-4fb8-bd19-d7b1800b0b7b,mse,2.1054718494415283,Released checkpoint (Table 1/2 source).
leave_one_out,Full,1,1,1,ablation_arms_2026-09,19f1bec6-eeb7-4133-accc-992d745fef89,mse,2.505477905273437,Released checkpoint (Table 1/2 source).
leave_one_out,Full,1,1,1,ablation_arms_2026-09,1a9f3b38-b86d-416d-bbdc-9058ad3ff42d,mse,2.917841911315918,Released checkpoint (Table 1/2 source).
leave_one_out,Full,1,1,1,ablation_arms_2026-09,1ab4ebbc-18d6-4838-89c2-cdc5b10accfb,mse,1.6638460159301758,Released checkpoint (Table 1/2 source).
leave_one_out,Full,1,1,1,ablation_arms_2026-09,1b350d0a-4535-4879-beb6-1142f3f94947,mse,2.0886218547821045,Released checkpoint (Table 1/2 source).
leave_one_out,Full,1,1,1,ablation_arms_2026-09,203025fe-fa99-4d57-81da-458ed8f0c334,mse,2.525294065475464,Released checkpoint (Table 1/2 source).
leave_one_out,Full,1,1,1,ablation_arms_2026-09,21722308-5091-4b63-9c07-4f116ab9a7b3,mse,1.2932502031326294,Released checkpoint (Table 1/2 source).
leave_one_out,Full,1,1,1,ablation_arms_2026-09,27d3952f-fbbc-497d-98d1-f37f3d555235,mse,3.741909742355346,Released checkpoint (Table 1/2 source).
leave_one_out,Full,1,1,1,ablation_arms_2026-09,30c2a6fd-d547-460f-a5e7-44c62a2af7ad,mse,3.359273672103882,Released checkpoint (Table 1/2 source).
leave_one_out,Full,1,1,1,ablation_arms_2026-09,322c816f-608a-4da1-99c4-36ca4ad45146,mse,2.219279527664185,Released checkpoint (Table 1/2 source).
leave_one_out,Full,1,1,1,ablation_arms_2026-09,3a702020-cf66-4ef5-9d11-4a5e835b7efb,mse,2.6490066051483154,Released checkpoint (Table 1/2 source).
leave_one_out,Full,1,1,1,ablation_arms_2026-09,3bfd5174-5b49-4e58-b233-ed0f4edd0bec,mse,2.926053524017334,Released checkpoint (Table 1/2 source).
leave_one_out,Full,1,1,1,ablation_arms_2026-09,3c364ffe-d599-44d5-a77f-6c5fd7038cf6,mse,2.296874761581421,Released checkpoint (Table 1/2 source).
leave_one_out,Full,1,1,1,ablation_arms_2026-09,3cb646ab-d411-4e5b-89eb-082a786c953b,mse,2.3449370861053467,Released checkpoint (Table 1/2 source).
leave_one_out,Full,1,1,1,ablation_arms_2026-09,3e55180c-780a-4424-9434-5296640ffc0d,mse,1.6255863904953003,Released checkpoint (Table 1/2 source).
leave_one_out,Full,1,1,1,ablation_arms_2026-09,420d0f5d-b7ba-4b1e-88d0-44e9f733febd,mse,2.3216376304626465,Released checkpoint (Table 1/2 source).
leave_one_out,Full,1,1,1,ablation_arms_2026-09,4319097a-acae-4124-beed-d1173ffe1464,mse,2.7943310737609863,Released checkpoint (Table 1/2 source).
leave_one_out,Full,1,1,1,ablation_arms_2026-09,432f3af5-6a79-401f-b315-fb2df789f32c,mse,2.5332040786743164,Released checkpoint (Table 1/2 source).
leave_one_out,Full,1,1,1,ablation_arms_2026-09,43a1506b-aa9e-46a3-b288-d210f4595ddf,mse,1.6130425930023191,Released checkpoint (Table 1/2 source).
leave_one_out,Full,1,1,1,ablation_arms_2026-09,43aa19d2-c723-4822-979d-d2f0239835e0,mse,1.0472609996795654,Released checkpoint (Table 1/2 source).
leave_one_out,Full,1,1,1,ablation_arms_2026-09,46104f0b-9af5-466a-ae0f-56b8dc1969a2,mse,2.322071552276612,Released checkpoint (Table 1/2 source).
leave_one_out,Full,1,1,1,ablation_arms_2026-09,47e00f43-6176-44a5-b4d1-f88a1920fcab,mse,2.321311712265014,Released checkpoint (Table 1/2 source).
leave_one_out,Full,1,1,1,ablation_arms_2026-09,4b83f213-b96b-4c87-a884-9b81faddb194,mse,2.016796350479126,Released checkpoint (Table 1/2 source).
leave_one_out,Full,1,1,1,ablation_arms_2026-09,527641f0-df64-4c80-957c-a65dccd477bc,mse,1.6708770990371704,Released checkpoint (Table 1/2 source).
leave_one_out,Full,1,1,1,ablation_arms_2026-09,53ce2631-3646-4172-bbd9-38b0a44d8214,mse,2.4288275241851807,Released checkpoint (Table 1/2 source).
leave_one_out,Full,1,1,1,ablation_arms_2026-09,56a4bc14-9407-45fd-8786-f7f6fc87c9dd,mse,2.156010389328003,Released checkpoint (Table 1/2 source).
leave_one_out,Full,1,1,1,ablation_arms_2026-09,589fe605-6d49-4abe-bff8-1675511c689a,mse,1.6981033086776731,Released checkpoint (Table 1/2 source).
leave_one_out,Full,1,1,1,ablation_arms_2026-09,58f43044-cd3c-42b8-bc0b-3498eb236359,mse,1.6255801916122437,Released checkpoint (Table 1/2 source).
leave_one_out,Full,1,1,1,ablation_arms_2026-09,5a9cfb44-494a-4540-8db8-7143b1bb5a6f,mse,3.293599843978882,Released checkpoint (Table 1/2 source).
leave_one_out,Full,1,1,1,ablation_arms_2026-09,5c97eeeb-7e52-44b3-b010-b832b1f5424c,mse,1.5757265090942385,Released checkpoint (Table 1/2 source).
leave_one_out,Full,1,1,1,ablation_arms_2026-09,5e57cd50-8e42-42d6-940d-5c1660d06864,mse,1.5794621706008911,Released checkpoint (Table 1/2 source).
leave_one_out,Full,1,1,1,ablation_arms_2026-09,5ed90bc0-12f3-4354-b314-0ce0dbb96458,mse,1.6044601202011108,Released checkpoint (Table 1/2 source).
leave_one_out,Full,1,1,1,ablation_arms_2026-09,5fde5c9c-5b1e-4df5-982a-3f8e7635161f,mse,2.297585964202881,Released checkpoint (Table 1/2 source).
leave_one_out,Full,1,1,1,ablation_arms_2026-09,60a29d0b-1a37-4447-ac32-00d701580b47,mse,1.930020809173584,Released checkpoint (Table 1/2 source).
leave_one_out,Full,1,1,1,ablation_arms_2026-09,61af564d-e5ea-4d34-a0f3-2668a00db376,mse,2.901754140853882,Released checkpoint (Table 1/2 source).
leave_one_out,Full,1,1,1,ablation_arms_2026-09,61d327d1-2227-4c5f-9367-e3559dc79b07,mse,2.4905900955200195,Released checkpoint (Table 1/2 source).
leave_one_out,Full,1,1,1,ablation_arms_2026-09,64267fb5-7b70-4705-a13b-cc38966c22a8,mse,2.2380290031433105,Released checkpoint (Table 1/2 source).
leave_one_out,Full,1,1,1,ablation_arms_2026-09,67b6b9ac-b841-42ce-b2d4-ed2ec12327bd,mse,2.5045366287231445,Released checkpoint (Table 1/2 source).
leave_one_out,Full,1,1,1,ablation_arms_2026-09,6fc37633-13f5-4bf0-af95-52808143bffd,mse,2.091916561126709,Released checkpoint (Table 1/2 source).
leave_one_out,Full,1,1,1,ablation_arms_2026-09,75011e96-ba37-4977-a539-fbf9f66a5e37,mse,2.573197364807129,Released checkpoint (Table 1/2 source).
leave_one_out,Full,1,1,1,ablation_arms_2026-09,781cc817-3fd0-487c-a55a-b47b2786a05d,mse,1.4326024055480957,Released checkpoint (Table 1/2 source).
leave_one_out,Full,1,1,1,ablation_arms_2026-09,79884ae5-e026-4d4a-858f-e807960bd4f7,mse,4.155693531036377,Released checkpoint (Table 1/2 source).
leave_one_out,Full,1,1,1,ablation_arms_2026-09,8058d760-09e6-4bdd-86a1-36917ffca3ef,mse,3.0002074241638184,Released checkpoint (Table 1/2 source).
leave_one_out,Full,1,1,1,ablation_arms_2026-09,829a3cd1-a466-49f1-b2e9-d3f6b7f392e2,mse,1.9291834831237795,Released checkpoint (Table 1/2 source).
leave_one_out,Full,1,1,1,ablation_arms_2026-09,84cfa5aa-a0d1-415e-ac47-eb66c9cf8170,mse,1.7571550607681274,Released checkpoint (Table 1/2 source).
leave_one_out,Full,1,1,1,ablation_arms_2026-09,8560f809-5794-484e-9152-b63efa91d134,mse,1.9101299047470093,Released checkpoint (Table 1/2 source).
leave_one_out,Full,1,1,1,ablation_arms_2026-09,867757c1-3b1a-49d9-a0cd-17767eb160cc,mse,3.508697032928467,Released checkpoint (Table 1/2 source).
leave_one_out,Full,1,1,1,ablation_arms_2026-09,881e0e6b-a185-45f1-9b56-81606e91e7ff,mse,1.7213822603225708,Released checkpoint (Table 1/2 source).
leave_one_out,Full,1,1,1,ablation_arms_2026-09,8ef06ea4-8d0f-4303-a652-7d4604402b1f,mse,1.872185468673706,Released checkpoint (Table 1/2 source).
leave_one_out,Full,1,1,1,ablation_arms_2026-09,8f3e7fcf-0b16-4a29-a5f1-a7a8b267d689,mse,1.458528995513916,Released checkpoint (Table 1/2 source).
leave_one_out,Full,1,1,1,ablation_arms_2026-09,8ff0cef9-393e-43de-9722-a1e12c239727,mse,3.3751771450042725,Released checkpoint (Table 1/2 source).
leave_one_out,Full,1,1,1,ablation_arms_2026-09,95d3b0fb-b8a7-4bec-a2e8-cded3222ff07,mse,1.6227856874465942,Released checkpoint (Table 1/2 source).
leave_one_out,Full,1,1,1,ablation_arms_2026-09,963a08cb-d995-4862-9614-f9d38a7d7540,mse,2.097633123397827,Released checkpoint (Table 1/2 source).
leave_one_out,Full,1,1,1,ablation_arms_2026-09,978a566a-dc27-478d-b306-26daba116c1f,mse,2.9228694438934326,Released checkpoint (Table 1/2 source).
leave_one_out,Full,1,1,1,ablation_arms_2026-09,98219f72-0f9a-4de9-a859-c81834f24ab1,mse,5.004837512969971,Released checkpoint (Table 1/2 source).
leave_one_out,Full,1,1,1,ablation_arms_2026-09,9f1a899f-05a0-44c5-8aa9-39df61ae4324,mse,2.4411935806274414,Released checkpoint (Table 1/2 source).
leave_one_out,Full,1,1,1,ablation_arms_2026-09,a24ce10f-5a87-4e1f-a34a-f4fe5fc84052,mse,1.5239883661270142,Released checkpoint (Table 1/2 source).
leave_one_out,Full,1,1,1,ablation_arms_2026-09,a2c833f7-b7f1-4f4d-ad31-cae478b601b7,mse,2.4159536361694336,Released checkpoint (Table 1/2 source).
leave_one_out,Full,1,1,1,ablation_arms_2026-09,aa32098f-f7b0-43f2-a00a-601d190aae94,mse,2.303934335708618,Released checkpoint (Table 1/2 source).
leave_one_out,Full,1,1,1,ablation_arms_2026-09,aa369999-a034-4ad9-b459-8a93c86ea77b,mse,1.9791189432144165,Released checkpoint (Table 1/2 source).
leave_one_out,Full,1,1,1,ablation_arms_2026-09,acd544d0-4d8b-46c7-98b3-fc48f7e6fdb7,mse,3.2103259563446045,Released checkpoint (Table 1/2 source).
leave_one_out,Full,1,1,1,ablation_arms_2026-09,aecc2743-4ff2-4b55-ac8c-a1ff76fc4bb4,mse,2.7047271728515625,Released checkpoint (Table 1/2 source).
leave_one_out,Full,1,1,1,ablation_arms_2026-09,afae4675-434d-4e89-b5ce-2854c9dc38a3,mse,2.1579267978668213,Released checkpoint (Table 1/2 source).
leave_one_out,Full,1,1,1,ablation_arms_2026-09,b617ee1b-f8c8-4de9-b82b-e803ab93550d,mse,2.01744031906128,Released checkpoint (Table 1/2 source).
leave_one_out,Full,1,1,1,ablation_arms_2026-09,c838aec3-03ef-4398-b882-0e3912abfff0,mse,2.0297744274139404,Released checkpoint (Table 1/2 source).
leave_one_out,Full,1,1,1,ablation_arms_2026-09,cee9b331-3ba0-4461-8bbd-867819d9fc0a,mse,1.6043901443481443,Released checkpoint (Table 1/2 source).
leave_one_out,Full,1,1,1,ablation_arms_2026-09,d567b692-c374-4628-a508-8008f6778f22,mse,2.30278754234314,Released checkpoint (Table 1/2 source).
leave_one_out,Full,1,1,1,ablation_arms_2026-09,d68a8b48-abf0-4bd5-8834-155d34ec448a,mse,3.034153461456299,Released checkpoint (Table 1/2 source).
leave_one_out,Full,1,1,1,ablation_arms_2026-09,d7cff847-6403-44a6-ad8a-2f5a783639dd,mse,1.46208918094635,Released checkpoint (Table 1/2 source).
leave_one_out,Full,1,1,1,ablation_arms_2026-09,de5416ef-bbfa-41f3-99d4-01a3554173f5,mse,1.731919527053833,Released checkpoint (Table 1/2 source).
leave_one_out,Full,1,1,1,ablation_arms_2026-09,e3ed2ba4-edf5-40ac-8750-8a417ad1eefe,mse,1.7463892698287964,Released checkpoint (Table 1/2 source).
leave_one_out,Full,1,1,1,ablation_arms_2026-09,e51bae9a-c747-4b64-904a-4da7cda218ab,mse,1.3310608863830566,Released checkpoint (Table 1/2 source).
leave_one_out,Full,1,1,1,ablation_arms_2026-09,e522d2cd-7927-4e59-a4ed-064009569279,mse,2.4949538707733154,Released checkpoint (Table 1/2 source).
leave_one_out,Full,1,1,1,ablation_arms_2026-09,e7bd68ab-df49-44df-9b1e-8486114aeeb5,mse,2.420239210128784,Released checkpoint (Table 1/2 source).
leave_one_out,Full,1,1,1,ablation_arms_2026-09,edbfa04a-f1dd-496a-8237-df11d70621ca,mse,2.025196552276612,Released checkpoint (Table 1/2 source).
leave_one_out,Full,1,1,1,ablation_arms_2026-09,f14bc322-1322-4184-8d16-409557525ea5,mse,1.5940955877304075,Released checkpoint (Table 1/2 source).
leave_one_out,Full,1,1,1,ablation_arms_2026-09,f3c49918-4707-4d92-bb6d-2b5b4eb9d1b4,mse,1.496659278869629,Released checkpoint (Table 1/2 source).
leave_one_out,Full,1,1,1,ablation_arms_2026-09,f641d68a-e877-4bb8-afd7-b8fa3921d461,mse,2.814172983169556,Released checkpoint (Table 1/2 source).
leave_one_out,Full,1,1,1,ablation_arms_2026-09,f6cc8a47-2dea-40aa-8608-d771c5ef8a07,mse,3.4663350582122803,Released checkpoint (Table 1/2 source).
leave_one_out,Full,1,1,1,ablation_arms_2026-09,fe7aae33-6f7c-41a5-8d29-9996a9ddf1ab,mse,2.8714616298675537,Released checkpoint (Table 1/2 source).
leave_one_out,Full_(retrained),1,1,1,ablation_arms_2026-09,01b84709-139c-4485-98a9-6e14c58fbbf6,bras,0.8080566495656967,Full configuration retrained alongside the ablation arms.
leave_one_out,Full_(retrained),1,1,1,ablation_arms_2026-09,01b84709-139c-4485-98a9-6e14c58fbbf6,asw,0.5419866234064102,Full configuration retrained alongside the ablation arms.
leave_one_out,Full_(retrained),1,1,1,ablation_arms_2026-09,07dd8c34-4625-480a-8ee4-273a06c3082b,bras,0.8938522338867188,Full configuration retrained alongside the ablation arms.
leave_one_out,Full_(retrained),1,1,1,ablation_arms_2026-09,07dd8c34-4625-480a-8ee4-273a06c3082b,asw,0.6344407051801682,Full configuration retrained alongside the ablation arms.
leave_one_out,Full_(retrained),1,1,1,ablation_arms_2026-09,09b518f9-da64-44cc-aec8-70a89d55611f,bras,0.8356251090764999,Full configuration retrained alongside the ablation arms.
leave_one_out,Full_(retrained),1,1,1,ablation_arms_2026-09,09b518f9-da64-44cc-aec8-70a89d55611f,asw,0.5088744014501572,Full configuration retrained alongside the ablation arms.
leave_one_out,Full_(retrained),1,1,1,ablation_arms_2026-09,0a8e3443-c3e2-4918-84db-0495657d9175,bras,0.9280926138162612,Full configuration retrained alongside the ablation arms.
leave_one_out,Full_(retrained),1,1,1,ablation_arms_2026-09,0a8e3443-c3e2-4918-84db-0495657d9175,asw,0.5315101444721222,Full configuration retrained alongside the ablation arms.
leave_one_out,Full_(retrained),1,1,1,ablation_arms_2026-09,0ae6f031-2f9c-4247-8b26-db320d6efd32,asw,0.5525190532207489,Full configuration retrained alongside the ablation arms.
leave_one_out,Full_(retrained),1,1,1,ablation_arms_2026-09,0bf30b02-db97-4560-b9cd-0fe3588892af,bras,0.7780370622873306,Full configuration retrained alongside the ablation arms.
leave_one_out,Full_(retrained),1,1,1,ablation_arms_2026-09,0bf30b02-db97-4560-b9cd-0fe3588892af,asw,0.5403124660253524,Full configuration retrained alongside the ablation arms.
leave_one_out,Full_(retrained),1,1,1,ablation_arms_2026-09,0c0c49a2-b96b-432f-98a4-1decf9929149,bras,0.932499447464943,Full configuration retrained alongside the ablation arms.
leave_one_out,Full_(retrained),1,1,1,ablation_arms_2026-09,0c0c49a2-b96b-432f-98a4-1decf9929149,asw,0.5293305069208145,Full configuration retrained alongside the ablation arms.
leave_one_out,Full_(retrained),1,1,1,ablation_arms_2026-09,145dcf6a-2461-4fa3-a0af-7fc56db0bd33,asw,0.6025135904550553,Full configuration retrained alongside the ablation arms.
leave_one_out,Full_(retrained),1,1,1,ablation_arms_2026-09,16023185-de21-4c0d-a9c8-73abdd52d142,bras,0.8354650497436523,Full configuration retrained alongside the ablation arms.
leave_one_out,Full_(retrained),1,1,1,ablation_arms_2026-09,16023185-de21-4c0d-a9c8-73abdd52d142,asw,0.5122751951217651,Full configuration retrained alongside the ablation arms.
leave_one_out,Full_(retrained),1,1,1,ablation_arms_2026-09,19053a82-9c89-4fb8-bd19-d7b1800b0b7b,bras,0.7556239902973175,Full configuration retrained alongside the ablation arms.
leave_one_out,Full_(retrained),1,1,1,ablation_arms_2026-09,19053a82-9c89-4fb8-bd19-d7b1800b0b7b,asw,0.5084688812494278,Full configuration retrained alongside the ablation arms.
leave_one_out,Full_(retrained),1,1,1,ablation_arms_2026-09,19f1bec6-eeb7-4133-accc-992d745fef89,bras,0.8575412958860398,Full configuration retrained alongside the ablation arms.
leave_one_out,Full_(retrained),1,1,1,ablation_arms_2026-09,19f1bec6-eeb7-4133-accc-992d745fef89,asw,0.5139194965362549,Full configuration retrained alongside the ablation arms.
leave_one_out,Full_(retrained),1,1,1,ablation_arms_2026-09,1a9f3b38-b86d-416d-bbdc-9058ad3ff42d,bras,0.8506652116775513,Full configuration retrained alongside the ablation arms.
leave_one_out,Full_(retrained),1,1,1,ablation_arms_2026-09,1a9f3b38-b86d-416d-bbdc-9058ad3ff42d,asw,0.5269882202148437,Full configuration retrained alongside the ablation arms.
leave_one_out,Full_(retrained),1,1,1,ablation_arms_2026-09,1ab4ebbc-18d6-4838-89c2-cdc5b10accfb,bras,0.8282526165246964,Full configuration retrained alongside the ablation arms.
leave_one_out,Full_(retrained),1,1,1,ablation_arms_2026-09,1ab4ebbc-18d6-4838-89c2-cdc5b10accfb,asw,0.543075579404831,Full configuration retrained alongside the ablation arms.
leave_one_out,Full_(retrained),1,1,1,ablation_arms_2026-09,1b350d0a-4535-4879-beb6-1142f3f94947,bras,0.8255628854036331,Full configuration retrained alongside the ablation arms.
leave_one_out,Full_(retrained),1,1,1,ablation_arms_2026-09,1b350d0a-4535-4879-beb6-1142f3f94947,asw,0.5178216457366943,Full configuration retrained alongside the ablation arms.
leave_one_out,Full_(retrained),1,1,1,ablation_arms_2026-09,203025fe-fa99-4d57-81da-458ed8f0c334,bras,0.8565813422203064,Full configuration retrained alongside the ablation arms.
leave_one_out,Full_(retrained),1,1,1,ablation_arms_2026-09,203025fe-fa99-4d57-81da-458ed8f0c334,asw,0.5507531940937043,Full configuration retrained alongside the ablation arms.
leave_one_out,Full_(retrained),1,1,1,ablation_arms_2026-09,21722308-5091-4b63-9c07-4f116ab9a7b3,asw,0.6162718862295151,Full configuration retrained alongside the ablation arms.
leave_one_out,Full_(retrained),1,1,1,ablation_arms_2026-09,27d3952f-fbbc-497d-98d1-f37f3d555235,asw,0.5359838604927063,Full configuration retrained alongside the ablation arms.
leave_one_out,Full_(retrained),1,1,1,ablation_arms_2026-09,30c2a6fd-d547-460f-a5e7-44c62a2af7ad,bras,0.9203566074371338,Full configuration retrained alongside the ablation arms.
leave_one_out,Full_(retrained),1,1,1,ablation_arms_2026-09,30c2a6fd-d547-460f-a5e7-44c62a2af7ad,asw,0.5070595353841781,Full configuration retrained alongside the ablation arms.
leave_one_out,Full_(retrained),1,1,1,ablation_arms_2026-09,322c816f-608a-4da1-99c4-36ca4ad45146,bras,0.8695210546255112,Full configuration retrained alongside the ablation arms.
leave_one_out,Full_(retrained),1,1,1,ablation_arms_2026-09,322c816f-608a-4da1-99c4-36ca4ad45146,asw,0.5728591650724411,Full configuration retrained alongside the ablation arms.
leave_one_out,Full_(retrained),1,1,1,ablation_arms_2026-09,3a702020-cf66-4ef5-9d11-4a5e835b7efb,bras,0.7855849653482437,Full configuration retrained alongside the ablation arms.
leave_one_out,Full_(retrained),1,1,1,ablation_arms_2026-09,3a702020-cf66-4ef5-9d11-4a5e835b7efb,asw,0.5111129373311997,Full configuration retrained alongside the ablation arms.
leave_one_out,Full_(retrained),1,1,1,ablation_arms_2026-09,3bfd5174-5b49-4e58-b233-ed0f4edd0bec,asw,0.5394923716783524,Full configuration retrained alongside the ablation arms.
leave_one_out,Full_(retrained),1,1,1,ablation_arms_2026-09,3c364ffe-d599-44d5-a77f-6c5fd7038cf6,bras,0.8035427570343018,Full configuration retrained alongside the ablation arms.
leave_one_out,Full_(retrained),1,1,1,ablation_arms_2026-09,3c364ffe-d599-44d5-a77f-6c5fd7038cf6,asw,0.5406078100204468,Full configuration retrained alongside the ablation arms.
leave_one_out,Full_(retrained),1,1,1,ablation_arms_2026-09,3cb646ab-d411-4e5b-89eb-082a786c953b,bras,0.934417462348938,Full configuration retrained alongside the ablation arms.
leave_one_out,Full_(retrained),1,1,1,ablation_arms_2026-09,3cb646ab-d411-4e5b-89eb-082a786c953b,asw,0.5324913501739502,Full configuration retrained alongside the ablation arms.
leave_one_out,Full_(retrained),1,1,1,ablation_arms_2026-09,3e55180c-780a-4424-9434-5296640ffc0d,bras,0.6536882191896438,Full configuration retrained alongside the ablation arms.
leave_one_out,Full_(retrained),1,1,1,ablation_arms_2026-09,3e55180c-780a-4424-9434-5296640ffc0d,asw,0.5135400712490081,Full configuration retrained alongside the ablation arms.
leave_one_out,Full_(retrained),1,1,1,ablation_arms_2026-09,420d0f5d-b7ba-4b1e-88d0-44e9f733febd,bras,0.9225353300571442,Full configuration retrained alongside the ablation arms.
leave_one_out,Full_(retrained),1,1,1,ablation_arms_2026-09,420d0f5d-b7ba-4b1e-88d0-44e9f733febd,asw,0.530728879570961,Full configuration retrained alongside the ablation arms.
leave_one_out,Full_(retrained),1,1,1,ablation_arms_2026-09,4319097a-acae-4124-beed-d1173ffe1464,asw,0.5341379672288895,Full configuration retrained alongside the ablation arms.
leave_one_out,Full_(retrained),1,1,1,ablation_arms_2026-09,432f3af5-6a79-401f-b315-fb2df789f32c,asw,0.5581575006246566,Full configuration retrained alongside the ablation arms.
leave_one_out,Full_(retrained),1,1,1,ablation_arms_2026-09,43a1506b-aa9e-46a3-b288-d210f4595ddf,bras,0.8870821982622147,Full configuration retrained alongside the ablation arms.
leave_one_out,Full_(retrained),1,1,1,ablation_arms_2026-09,43a1506b-aa9e-46a3-b288-d210f4595ddf,asw,0.5293074548244476,Full configuration retrained alongside the ablation arms.
leave_one_out,Full_(retrained),1,1,1,ablation_arms_2026-09,43aa19d2-c723-4822-979d-d2f0239835e0,bras,0.8156922698020935,Full configuration retrained alongside the ablation arms.
leave_one_out,Full_(retrained),1,1,1,ablation_arms_2026-09,43aa19d2-c723-4822-979d-d2f0239835e0,asw,0.5373026877641678,Full configuration retrained alongside the ablation arms.
leave_one_out,Full_(retrained),1,1,1,ablation_arms_2026-09,46104f0b-9af5-466a-ae0f-56b8dc1969a2,bras,0.9257250964641572,Full configuration retrained alongside the ablation arms.
leave_one_out,Full_(retrained),1,1,1,ablation_arms_2026-09,46104f0b-9af5-466a-ae0f-56b8dc1969a2,asw,0.5300397843122482,Full configuration retrained alongside the ablation arms.
leave_one_out,Full_(retrained),1,1,1,ablation_arms_2026-09,47e00f43-6176-44a5-b4d1-f88a1920fcab,bras,0.9296961158514024,Full configuration retrained alongside the ablation arms.
leave_one_out,Full_(retrained),1,1,1,ablation_arms_2026-09,47e00f43-6176-44a5-b4d1-f88a1920fcab,asw,0.5313721388578415,Full configuration retrained alongside the ablation arms.
leave_one_out,Full_(retrained),1,1,1,ablation_arms_2026-09,4b83f213-b96b-4c87-a884-9b81faddb194,asw,0.5416328877210617,Full configuration retrained alongside the ablation arms.
leave_one_out,Full_(retrained),1,1,1,ablation_arms_2026-09,527641f0-df64-4c80-957c-a65dccd477bc,asw,0.6097490578889847,Full configuration retrained alongside the ablation arms.
leave_one_out,Full_(retrained),1,1,1,ablation_arms_2026-09,53ce2631-3646-4172-bbd9-38b0a44d8214,bras,0.8719320207834244,Full configuration retrained alongside the ablation arms.
leave_one_out,Full_(retrained),1,1,1,ablation_arms_2026-09,53ce2631-3646-4172-bbd9-38b0a44d8214,asw,0.5653672128915787,Full configuration retrained alongside the ablation arms.
leave_one_out,Full_(retrained),1,1,1,ablation_arms_2026-09,56a4bc14-9407-45fd-8786-f7f6fc87c9dd,bras,0.8714677482843399,Full configuration retrained alongside the ablation arms.
leave_one_out,Full_(retrained),1,1,1,ablation_arms_2026-09,56a4bc14-9407-45fd-8786-f7f6fc87c9dd,asw,0.5640942186117173,Full configuration retrained alongside the ablation arms.
leave_one_out,Full_(retrained),1,1,1,ablation_arms_2026-09,589fe605-6d49-4abe-bff8-1675511c689a,bras,0.5284113049507141,Full configuration retrained alongside the ablation arms.
leave_one_out,Full_(retrained),1,1,1,ablation_arms_2026-09,589fe605-6d49-4abe-bff8-1675511c689a,asw,0.4915233105421066,Full configuration retrained alongside the ablation arms.
leave_one_out,Full_(retrained),1,1,1,ablation_arms_2026-09,58f43044-cd3c-42b8-bc0b-3498eb236359,bras,0.7639109522104264,Full configuration retrained alongside the ablation arms.
leave_one_out,Full_(retrained),1,1,1,ablation_arms_2026-09,58f43044-cd3c-42b8-bc0b-3498eb236359,asw,0.5061400026082993,Full configuration retrained alongside the ablation arms.
leave_one_out,Full_(retrained),1,1,1,ablation_arms_2026-09,5a9cfb44-494a-4540-8db8-7143b1bb5a6f,bras,0.8761739730834961,Full configuration retrained alongside the ablation arms.
leave_one_out,Full_(retrained),1,1,1,ablation_arms_2026-09,5a9cfb44-494a-4540-8db8-7143b1bb5a6f,asw,0.5186948001384735,Full configuration retrained alongside the ablation arms.
leave_one_out,Full_(retrained),1,1,1,ablation_arms_2026-09,5c97eeeb-7e52-44b3-b010-b832b1f5424c,bras,0.8205191195011139,Full configuration retrained alongside the ablation arms.
leave_one_out,Full_(retrained),1,1,1,ablation_arms_2026-09,5c97eeeb-7e52-44b3-b010-b832b1f5424c,asw,0.5953402698040009,Full configuration retrained alongside the ablation arms.
leave_one_out,Full_(retrained),1,1,1,ablation_arms_2026-09,5e57cd50-8e42-42d6-940d-5c1660d06864,bras,0.8260749369859696,Full configuration retrained alongside the ablation arms.
leave_one_out,Full_(retrained),1,1,1,ablation_arms_2026-09,5e57cd50-8e42-42d6-940d-5c1660d06864,asw,0.591050797700882,Full configuration retrained alongside the ablation arms.
leave_one_out,Full_(retrained),1,1,1,ablation_arms_2026-09,5ed90bc0-12f3-4354-b314-0ce0dbb96458,bras,0.6988342314958572,Full configuration retrained alongside the ablation arms.
leave_one_out,Full_(retrained),1,1,1,ablation_arms_2026-09,5ed90bc0-12f3-4354-b314-0ce0dbb96458,asw,0.5461870640516281,Full configuration retrained alongside the ablation arms.
leave_one_out,Full_(retrained),1,1,1,ablation_arms_2026-09,5fde5c9c-5b1e-4df5-982a-3f8e7635161f,bras,0.9269405037164689,Full configuration retrained alongside the ablation arms.
leave_one_out,Full_(retrained),1,1,1,ablation_arms_2026-09,5fde5c9c-5b1e-4df5-982a-3f8e7635161f,asw,0.5294764786958694,Full configuration retrained alongside the ablation arms.
leave_one_out,Full_(retrained),1,1,1,ablation_arms_2026-09,60a29d0b-1a37-4447-ac32-00d701580b47,bras,0.8518385410308837,Full configuration retrained alongside the ablation arms.
leave_one_out,Full_(retrained),1,1,1,ablation_arms_2026-09,60a29d0b-1a37-4447-ac32-00d701580b47,asw,0.5161875814199448,Full configuration retrained alongside the ablation arms.
leave_one_out,Full_(retrained),1,1,1,ablation_arms_2026-09,61af564d-e5ea-4d34-a0f3-2668a00db376,bras,0.9007155299186707,Full configuration retrained alongside the ablation arms.
leave_one_out,Full_(retrained),1,1,1,ablation_arms_2026-09,61af564d-e5ea-4d34-a0f3-2668a00db376,asw,0.5420432150363922,Full configuration retrained alongside the ablation arms.
leave_one_out,Full_(retrained),1,1,1,ablation_arms_2026-09,61d327d1-2227-4c5f-9367-e3559dc79b07,bras,0.8339530229568481,Full configuration retrained alongside the ablation arms.
leave_one_out,Full_(retrained),1,1,1,ablation_arms_2026-09,61d327d1-2227-4c5f-9367-e3559dc79b07,asw,0.5187132954597473,Full configuration retrained alongside the ablation arms.
leave_one_out,Full_(retrained),1,1,1,ablation_arms_2026-09,64267fb5-7b70-4705-a13b-cc38966c22a8,bras,0.9563840687274932,Full configuration retrained alongside the ablation arms.
leave_one_out,Full_(retrained),1,1,1,ablation_arms_2026-09,64267fb5-7b70-4705-a13b-cc38966c22a8,asw,0.5498409241437912,Full configuration retrained alongside the ablation arms.
leave_one_out,Full_(retrained),1,1,1,ablation_arms_2026-09,67b6b9ac-b841-42ce-b2d4-ed2ec12327bd,bras,0.7977907806634903,Full configuration retrained alongside the ablation arms.
leave_one_out,Full_(retrained),1,1,1,ablation_arms_2026-09,67b6b9ac-b841-42ce-b2d4-ed2ec12327bd,asw,0.5257088899612427,Full configuration retrained alongside the ablation arms.
leave_one_out,Full_(retrained),1,1,1,ablation_arms_2026-09,6fc37633-13f5-4bf0-af95-52808143bffd,asw,0.5237190812826157,Full configuration retrained alongside the ablation arms.
leave_one_out,Full_(retrained),1,1,1,ablation_arms_2026-09,75011e96-ba37-4977-a539-fbf9f66a5e37,bras,0.8262628704309464,Full configuration retrained alongside the ablation arms.
leave_one_out,Full_(retrained),1,1,1,ablation_arms_2026-09,75011e96-ba37-4977-a539-fbf9f66a5e37,asw,0.4986907407641411,Full configuration retrained alongside the ablation arms.
leave_one_out,Full_(retrained),1,1,1,ablation_arms_2026-09,781cc817-3fd0-487c-a55a-b47b2786a05d,bras,0.8729296326637268,Full configuration retrained alongside the ablation arms.
leave_one_out,Full_(retrained),1,1,1,ablation_arms_2026-09,781cc817-3fd0-487c-a55a-b47b2786a05d,asw,0.5054226219654083,Full configuration retrained alongside the ablation arms.
leave_one_out,Full_(retrained),1,1,1,ablation_arms_2026-09,79884ae5-e026-4d4a-858f-e807960bd4f7,asw,0.525435808300972,Full configuration retrained alongside the ablation arms.
leave_one_out,Full_(retrained),1,1,1,ablation_arms_2026-09,8058d760-09e6-4bdd-86a1-36917ffca3ef,bras,0.8251777976751328,Full configuration retrained alongside the ablation arms.
leave_one_out,Full_(retrained),1,1,1,ablation_arms_2026-09,8058d760-09e6-4bdd-86a1-36917ffca3ef,asw,0.5279319733381271,Full configuration retrained alongside the ablation arms.
leave_one_out,Full_(retrained),1,1,1,ablation_arms_2026-09,829a3cd1-a466-49f1-b2e9-d3f6b7f392e2,bras,0.7460347980260849,Full configuration retrained alongside the ablation arms.
leave_one_out,Full_(retrained),1,1,1,ablation_arms_2026-09,829a3cd1-a466-49f1-b2e9-d3f6b7f392e2,asw,0.5310741186141967,Full configuration retrained alongside the ablation arms.
leave_one_out,Full_(retrained),1,1,1,ablation_arms_2026-09,84cfa5aa-a0d1-415e-ac47-eb66c9cf8170,bras,0.7506704777479172,Full configuration retrained alongside the ablation arms.
leave_one_out,Full_(retrained),1,1,1,ablation_arms_2026-09,84cfa5aa-a0d1-415e-ac47-eb66c9cf8170,asw,0.54253648519516,Full configuration retrained alongside the ablation arms.
leave_one_out,Full_(retrained),1,1,1,ablation_arms_2026-09,8560f809-5794-484e-9152-b63efa91d134,bras,0.7886830538511276,Full configuration retrained alongside the ablation arms.
leave_one_out,Full_(retrained),1,1,1,ablation_arms_2026-09,8560f809-5794-484e-9152-b63efa91d134,asw,0.5288971841335297,Full configuration retrained alongside the ablation arms.
leave_one_out,Full_(retrained),1,1,1,ablation_arms_2026-09,867757c1-3b1a-49d9-a0cd-17767eb160cc,bras,0.9214283943176268,Full configuration retrained alongside the ablation arms.
leave_one_out,Full_(retrained),1,1,1,ablation_arms_2026-09,867757c1-3b1a-49d9-a0cd-17767eb160cc,asw,0.5463117569684982,Full configuration retrained alongside the ablation arms.
leave_one_out,Full_(retrained),1,1,1,ablation_arms_2026-09,881e0e6b-a185-45f1-9b56-81606e91e7ff,bras,0.8599729925394058,Full configuration retrained alongside the ablation arms.
leave_one_out,Full_(retrained),1,1,1,ablation_arms_2026-09,881e0e6b-a185-45f1-9b56-81606e91e7ff,asw,0.5266526192426682,Full configuration retrained alongside the ablation arms.
leave_one_out,Full_(retrained),1,1,1,ablation_arms_2026-09,8ef06ea4-8d0f-4303-a652-7d4604402b1f,bras,0.7351530283689499,Full configuration retrained alongside the ablation arms.
leave_one_out,Full_(retrained),1,1,1,ablation_arms_2026-09,8ef06ea4-8d0f-4303-a652-7d4604402b1f,asw,0.5268454551696777,Full configuration retrained alongside the ablation arms.
leave_one_out,Full_(retrained),1,1,1,ablation_arms_2026-09,8f3e7fcf-0b16-4a29-a5f1-a7a8b267d689,bras,0.7813805907964706,Full configuration retrained alongside the ablation arms.
leave_one_out,Full_(retrained),1,1,1,ablation_arms_2026-09,8f3e7fcf-0b16-4a29-a5f1-a7a8b267d689,asw,0.5241431087255478,Full configuration retrained alongside the ablation arms.
leave_one_out,Full_(retrained),1,1,1,ablation_arms_2026-09,8ff0cef9-393e-43de-9722-a1e12c239727,asw,0.5236138939857483,Full configuration retrained alongside the ablation arms.
leave_one_out,Full_(retrained),1,1,1,ablation_arms_2026-09,95d3b0fb-b8a7-4bec-a2e8-cded3222ff07,bras,0.8747985512018204,Full configuration retrained alongside the ablation arms.
leave_one_out,Full_(retrained),1,1,1,ablation_arms_2026-09,95d3b0fb-b8a7-4bec-a2e8-cded3222ff07,asw,0.6457648634910583,Full configuration retrained alongside the ablation arms.
leave_one_out,Full_(retrained),1,1,1,ablation_arms_2026-09,963a08cb-d995-4862-9614-f9d38a7d7540,bras,0.8542993366718292,Full configuration retrained alongside the ablation arms.
leave_one_out,Full_(retrained),1,1,1,ablation_arms_2026-09,963a08cb-d995-4862-9614-f9d38a7d7540,asw,0.532595518231392,Full configuration retrained alongside the ablation arms.
leave_one_out,Full_(retrained),1,1,1,ablation_arms_2026-09,978a566a-dc27-478d-b306-26daba116c1f,bras,0.8740418255329132,Full configuration retrained alongside the ablation arms.
leave_one_out,Full_(retrained),1,1,1,ablation_arms_2026-09,978a566a-dc27-478d-b306-26daba116c1f,asw,0.5377321004867553,Full configuration retrained alongside the ablation arms.
leave_one_out,Full_(retrained),1,1,1,ablation_arms_2026-09,98219f72-0f9a-4de9-a859-c81834f24ab1,bras,0.9619612574577332,Full configuration retrained alongside the ablation arms.
leave_one_out,Full_(retrained),1,1,1,ablation_arms_2026-09,98219f72-0f9a-4de9-a859-c81834f24ab1,asw,0.4839175313711166,Full configuration retrained alongside the ablation arms.
leave_one_out,Full_(retrained),1,1,1,ablation_arms_2026-09,9f1a899f-05a0-44c5-8aa9-39df61ae4324,bras,0.8536215186119079,Full configuration retrained alongside the ablation arms.
leave_one_out,Full_(retrained),1,1,1,ablation_arms_2026-09,9f1a899f-05a0-44c5-8aa9-39df61ae4324,asw,0.5673390418291092,Full configuration retrained alongside the ablation arms.
leave_one_out,Full_(retrained),1,1,1,ablation_arms_2026-09,a24ce10f-5a87-4e1f-a34a-f4fe5fc84052,bras,0.8687440574169158,Full configuration retrained alongside the ablation arms.
leave_one_out,Full_(retrained),1,1,1,ablation_arms_2026-09,a24ce10f-5a87-4e1f-a34a-f4fe5fc84052,asw,0.6298259645700455,Full configuration retrained alongside the ablation arms.
leave_one_out,Full_(retrained),1,1,1,ablation_arms_2026-09,a2c833f7-b7f1-4f4d-ad31-cae478b601b7,bras,0.8869798481464386,Full configuration retrained alongside the ablation arms.
leave_one_out,Full_(retrained),1,1,1,ablation_arms_2026-09,a2c833f7-b7f1-4f4d-ad31-cae478b601b7,asw,0.5606745541095733,Full configuration retrained alongside the ablation arms.
leave_one_out,Full_(retrained),1,1,1,ablation_arms_2026-09,aa32098f-f7b0-43f2-a00a-601d190aae94,bras,0.92863390147686,Full configuration retrained alongside the ablation arms.
leave_one_out,Full_(retrained),1,1,1,ablation_arms_2026-09,aa32098f-f7b0-43f2-a00a-601d190aae94,asw,0.531563350558281,Full configuration retrained alongside the ablation arms.
leave_one_out,Full_(retrained),1,1,1,ablation_arms_2026-09,aa369999-a034-4ad9-b459-8a93c86ea77b,bras,0.7560831308364868,Full configuration retrained alongside the ablation arms.
leave_one_out,Full_(retrained),1,1,1,ablation_arms_2026-09,aa369999-a034-4ad9-b459-8a93c86ea77b,asw,0.5157106757164002,Full configuration retrained alongside the ablation arms.
leave_one_out,Full_(retrained),1,1,1,ablation_arms_2026-09,acd544d0-4d8b-46c7-98b3-fc48f7e6fdb7,bras,0.8044968187808991,Full configuration retrained alongside the ablation arms.
leave_one_out,Full_(retrained),1,1,1,ablation_arms_2026-09,acd544d0-4d8b-46c7-98b3-fc48f7e6fdb7,asw,0.5210714250802994,Full configuration retrained alongside the ablation arms.
leave_one_out,Full_(retrained),1,1,1,ablation_arms_2026-09,aecc2743-4ff2-4b55-ac8c-a1ff76fc4bb4,bras,0.7611107259988785,Full configuration retrained alongside the ablation arms.
leave_one_out,Full_(retrained),1,1,1,ablation_arms_2026-09,aecc2743-4ff2-4b55-ac8c-a1ff76fc4bb4,asw,0.5169316798448562,Full configuration retrained alongside the ablation arms.
leave_one_out,Full_(retrained),1,1,1,ablation_arms_2026-09,afae4675-434d-4e89-b5ce-2854c9dc38a3,bras,0.7397922873497009,Full configuration retrained alongside the ablation arms.
leave_one_out,Full_(retrained),1,1,1,ablation_arms_2026-09,afae4675-434d-4e89-b5ce-2854c9dc38a3,asw,0.5522797852754593,Full configuration retrained alongside the ablation arms.
leave_one_out,Full_(retrained),1,1,1,ablation_arms_2026-09,b617ee1b-f8c8-4de9-b82b-e803ab93550d,bras,0.8178146362304688,Full configuration retrained alongside the ablation arms.
leave_one_out,Full_(retrained),1,1,1,ablation_arms_2026-09,b617ee1b-f8c8-4de9-b82b-e803ab93550d,asw,0.4895791083574295,Full configuration retrained alongside the ablation arms.
leave_one_out,Full_(retrained),1,1,1,ablation_arms_2026-09,c838aec3-03ef-4398-b882-0e3912abfff0,bras,0.9043829023838044,Full configuration retrained alongside the ablation arms.
leave_one_out,Full_(retrained),1,1,1,ablation_arms_2026-09,c838aec3-03ef-4398-b882-0e3912abfff0,asw,0.5207871854305267,Full configuration retrained alongside the ablation arms.
leave_one_out,Full_(retrained),1,1,1,ablation_arms_2026-09,cee9b331-3ba0-4461-8bbd-867819d9fc0a,asw,0.6083761632442475,Full configuration retrained alongside the ablation arms.
leave_one_out,Full_(retrained),1,1,1,ablation_arms_2026-09,d567b692-c374-4628-a508-8008f6778f22,bras,0.8030683934688568,Full configuration retrained alongside the ablation arms.
leave_one_out,Full_(retrained),1,1,1,ablation_arms_2026-09,d567b692-c374-4628-a508-8008f6778f22,asw,0.5467484712600708,Full configuration retrained alongside the ablation arms.
leave_one_out,Full_(retrained),1,1,1,ablation_arms_2026-09,d68a8b48-abf0-4bd5-8834-155d34ec448a,bras,0.8474330544471741,Full configuration retrained alongside the ablation arms.
leave_one_out,Full_(retrained),1,1,1,ablation_arms_2026-09,d68a8b48-abf0-4bd5-8834-155d34ec448a,asw,0.5080906838178635,Full configuration retrained alongside the ablation arms.
leave_one_out,Full_(retrained),1,1,1,ablation_arms_2026-09,d7cff847-6403-44a6-ad8a-2f5a783639dd,bras,0.8333293497562408,Full configuration retrained alongside the ablation arms.
leave_one_out,Full_(retrained),1,1,1,ablation_arms_2026-09,d7cff847-6403-44a6-ad8a-2f5a783639dd,asw,0.5881470173597336,Full configuration retrained alongside the ablation arms.
leave_one_out,Full_(retrained),1,1,1,ablation_arms_2026-09,de5416ef-bbfa-41f3-99d4-01a3554173f5,bras,0.703224492073059,Full configuration retrained alongside the ablation arms.
leave_one_out,Full_(retrained),1,1,1,ablation_arms_2026-09,de5416ef-bbfa-41f3-99d4-01a3554173f5,asw,0.5103865504264832,Full configuration retrained alongside the ablation arms.
leave_one_out,Full_(retrained),1,1,1,ablation_arms_2026-09,e3ed2ba4-edf5-40ac-8750-8a417ad1eefe,bras,0.8603151738643646,Full configuration retrained alongside the ablation arms.
leave_one_out,Full_(retrained),1,1,1,ablation_arms_2026-09,e3ed2ba4-edf5-40ac-8750-8a417ad1eefe,asw,0.5650377243757247,Full configuration retrained alongside the ablation arms.
leave_one_out,Full_(retrained),1,1,1,ablation_arms_2026-09,e51bae9a-c747-4b64-904a-4da7cda218ab,bras,0.8076778292655945,Full configuration retrained alongside the ablation arms.
leave_one_out,Full_(retrained),1,1,1,ablation_arms_2026-09,e51bae9a-c747-4b64-904a-4da7cda218ab,asw,0.5603005766868592,Full configuration retrained alongside the ablation arms.
leave_one_out,Full_(retrained),1,1,1,ablation_arms_2026-09,e522d2cd-7927-4e59-a4ed-064009569279,bras,0.9006205856800079,Full configuration retrained alongside the ablation arms.
leave_one_out,Full_(retrained),1,1,1,ablation_arms_2026-09,e522d2cd-7927-4e59-a4ed-064009569279,asw,0.5288894951343537,Full configuration retrained alongside the ablation arms.
leave_one_out,Full_(retrained),1,1,1,ablation_arms_2026-09,e7bd68ab-df49-44df-9b1e-8486114aeeb5,bras,0.8838230311870575,Full configuration retrained alongside the ablation arms.
leave_one_out,Full_(retrained),1,1,1,ablation_arms_2026-09,e7bd68ab-df49-44df-9b1e-8486114aeeb5,asw,0.5101863205432892,Full configuration retrained alongside the ablation arms.
leave_one_out,Full_(retrained),1,1,1,ablation_arms_2026-09,edbfa04a-f1dd-496a-8237-df11d70621ca,bras,0.891364786028862,Full configuration retrained alongside the ablation arms.
leave_one_out,Full_(retrained),1,1,1,ablation_arms_2026-09,edbfa04a-f1dd-496a-8237-df11d70621ca,asw,0.5328715205192566,Full configuration retrained alongside the ablation arms.
leave_one_out,Full_(retrained),1,1,1,ablation_arms_2026-09,f14bc322-1322-4184-8d16-409557525ea5,bras,0.7958424627780915,Full configuration retrained alongside the ablation arms.
leave_one_out,Full_(retrained),1,1,1,ablation_arms_2026-09,f14bc322-1322-4184-8d16-409557525ea5,asw,0.5395173221826554,Full configuration retrained alongside the ablation arms.
leave_one_out,Full_(retrained),1,1,1,ablation_arms_2026-09,f3c49918-4707-4d92-bb6d-2b5b4eb9d1b4,bras,0.8053611099720002,Full configuration retrained alongside the ablation arms.
leave_one_out,Full_(retrained),1,1,1,ablation_arms_2026-09,f3c49918-4707-4d92-bb6d-2b5b4eb9d1b4,asw,0.6098996013402939,Full configuration retrained alongside the ablation arms.
leave_one_out,Full_(retrained),1,1,1,ablation_arms_2026-09,f641d68a-e877-4bb8-afd7-b8fa3921d461,bras,0.9010804384946824,Full configuration retrained alongside the ablation arms.
leave_one_out,Full_(retrained),1,1,1,ablation_arms_2026-09,f641d68a-e877-4bb8-afd7-b8fa3921d461,asw,0.5344508945941925,Full configuration retrained alongside the ablation arms.
leave_one_out,Full_(retrained),1,1,1,ablation_arms_2026-09,f6cc8a47-2dea-40aa-8608-d771c5ef8a07,asw,0.515098574757576,Full configuration retrained alongside the ablation arms.
leave_one_out,Full_(retrained),1,1,1,ablation_arms_2026-09,fe7aae33-6f7c-41a5-8d29-9996a9ddf1ab,bras,0.8012993514537812,Full configuration retrained alongside the ablation arms.
leave_one_out,Full_(retrained),1,1,1,ablation_arms_2026-09,fe7aae33-6f7c-41a5-8d29-9996a9ddf1ab,asw,0.5703664481639862,Full configuration retrained alongside the ablation arms.
leave_one_out,Full_(retrained),1,1,1,ablation_arms_2026-09,01b84709-139c-4485-98a9-6e14c58fbbf6,ari,0.3998142349805311,Full configuration retrained alongside the ablation arms.
leave_one_out,Full_(retrained),1,1,1,ablation_arms_2026-09,01b84709-139c-4485-98a9-6e14c58fbbf6,nmi,0.6018537722508689,Full configuration retrained alongside the ablation arms.
leave_one_out,Full_(retrained),1,1,1,ablation_arms_2026-09,07dd8c34-4625-480a-8ee4-273a06c3082b,ari,0.7504380376910348,Full configuration retrained alongside the ablation arms.
leave_one_out,Full_(retrained),1,1,1,ablation_arms_2026-09,07dd8c34-4625-480a-8ee4-273a06c3082b,nmi,0.8434290949978747,Full configuration retrained alongside the ablation arms.
leave_one_out,Full_(retrained),1,1,1,ablation_arms_2026-09,09b518f9-da64-44cc-aec8-70a89d55611f,ari,0.3410882054808603,Full configuration retrained alongside the ablation arms.
leave_one_out,Full_(retrained),1,1,1,ablation_arms_2026-09,09b518f9-da64-44cc-aec8-70a89d55611f,nmi,0.6110868992709856,Full configuration retrained alongside the ablation arms.
leave_one_out,Full_(retrained),1,1,1,ablation_arms_2026-09,0a8e3443-c3e2-4918-84db-0495657d9175,ari,0.4482574803616561,Full configuration retrained alongside the ablation arms.
leave_one_out,Full_(retrained),1,1,1,ablation_arms_2026-09,0a8e3443-c3e2-4918-84db-0495657d9175,nmi,0.6841280117807604,Full configuration retrained alongside the ablation arms.
leave_one_out,Full_(retrained),1,1,1,ablation_arms_2026-09,0ae6f031-2f9c-4247-8b26-db320d6efd32,ari,0.6234088147593361,Full configuration retrained alongside the ablation arms.
leave_one_out,Full_(retrained),1,1,1,ablation_arms_2026-09,0ae6f031-2f9c-4247-8b26-db320d6efd32,nmi,0.7258347843475578,Full configuration retrained alongside the ablation arms.
leave_one_out,Full_(retrained),1,1,1,ablation_arms_2026-09,0bf30b02-db97-4560-b9cd-0fe3588892af,ari,0.5350810907195157,Full configuration retrained alongside the ablation arms.
leave_one_out,Full_(retrained),1,1,1,ablation_arms_2026-09,0bf30b02-db97-4560-b9cd-0fe3588892af,nmi,0.6798756914292412,Full configuration retrained alongside the ablation arms.
leave_one_out,Full_(retrained),1,1,1,ablation_arms_2026-09,0c0c49a2-b96b-432f-98a4-1decf9929149,ari,0.4296532591455114,Full configuration retrained alongside the ablation arms.
leave_one_out,Full_(retrained),1,1,1,ablation_arms_2026-09,0c0c49a2-b96b-432f-98a4-1decf9929149,nmi,0.6873793699671548,Full configuration retrained alongside the ablation arms.
leave_one_out,Full_(retrained),1,1,1,ablation_arms_2026-09,145dcf6a-2461-4fa3-a0af-7fc56db0bd33,ari,0.7020652909667241,Full configuration retrained alongside the ablation arms.
leave_one_out,Full_(retrained),1,1,1,ablation_arms_2026-09,145dcf6a-2461-4fa3-a0af-7fc56db0bd33,nmi,0.8277506127396819,Full configuration retrained alongside the ablation arms.
leave_one_out,Full_(retrained),1,1,1,ablation_arms_2026-09,16023185-de21-4c0d-a9c8-73abdd52d142,ari,0.3543455496182917,Full configuration retrained alongside the ablation arms.
leave_one_out,Full_(retrained),1,1,1,ablation_arms_2026-09,16023185-de21-4c0d-a9c8-73abdd52d142,nmi,0.66765861734479,Full configuration retrained alongside the ablation arms.
leave_one_out,Full_(retrained),1,1,1,ablation_arms_2026-09,19053a82-9c89-4fb8-bd19-d7b1800b0b7b,ari,0.3445040314650847,Full configuration retrained alongside the ablation arms.
leave_one_out,Full_(retrained),1,1,1,ablation_arms_2026-09,19053a82-9c89-4fb8-bd19-d7b1800b0b7b,nmi,0.6782953099649708,Full configuration retrained alongside the ablation arms.
leave_one_out,Full_(retrained),1,1,1,ablation_arms_2026-09,19f1bec6-eeb7-4133-accc-992d745fef89,ari,0.3642101098820884,Full configuration retrained alongside the ablation arms.
leave_one_out,Full_(retrained),1,1,1,ablation_arms_2026-09,19f1bec6-eeb7-4133-accc-992d745fef89,nmi,0.5791356064302652,Full configuration retrained alongside the ablation arms.
leave_one_out,Full_(retrained),1,1,1,ablation_arms_2026-09,1a9f3b38-b86d-416d-bbdc-9058ad3ff42d,ari,0.4483914794941116,Full configuration retrained alongside the ablation arms.
leave_one_out,Full_(retrained),1,1,1,ablation_arms_2026-09,1a9f3b38-b86d-416d-bbdc-9058ad3ff42d,nmi,0.6735261481233489,Full configuration retrained alongside the ablation arms.
leave_one_out,Full_(retrained),1,1,1,ablation_arms_2026-09,1ab4ebbc-18d6-4838-89c2-cdc5b10accfb,ari,0.4650397559217641,Full configuration retrained alongside the ablation arms.
leave_one_out,Full_(retrained),1,1,1,ablation_arms_2026-09,1ab4ebbc-18d6-4838-89c2-cdc5b10accfb,nmi,0.7178119640564556,Full configuration retrained alongside the ablation arms.
leave_one_out,Full_(retrained),1,1,1,ablation_arms_2026-09,1b350d0a-4535-4879-beb6-1142f3f94947,ari,0.3974567750958265,Full configuration retrained alongside the ablation arms.
leave_one_out,Full_(retrained),1,1,1,ablation_arms_2026-09,1b350d0a-4535-4879-beb6-1142f3f94947,nmi,0.6443860212179304,Full configuration retrained alongside the ablation arms.
leave_one_out,Full_(retrained),1,1,1,ablation_arms_2026-09,203025fe-fa99-4d57-81da-458ed8f0c334,ari,0.5731564910739386,Full configuration retrained alongside the ablation arms.
leave_one_out,Full_(retrained),1,1,1,ablation_arms_2026-09,203025fe-fa99-4d57-81da-458ed8f0c334,nmi,0.7385385815687286,Full configuration retrained alongside the ablation arms.
leave_one_out,Full_(retrained),1,1,1,ablation_arms_2026-09,21722308-5091-4b63-9c07-4f116ab9a7b3,ari,0.7111914793775538,Full configuration retrained alongside the ablation arms.
leave_one_out,Full_(retrained),1,1,1,ablation_arms_2026-09,21722308-5091-4b63-9c07-4f116ab9a7b3,nmi,0.844118223995874,Full configuration retrained alongside the ablation arms.
leave_one_out,Full_(retrained),1,1,1,ablation_arms_2026-09,27d3952f-fbbc-497d-98d1-f37f3d555235,ari,0.5029988583045519,Full configuration retrained alongside the ablation arms.
leave_one_out,Full_(retrained),1,1,1,ablation_arms_2026-09,27d3952f-fbbc-497d-98d1-f37f3d555235,nmi,0.6411082261768595,Full configuration retrained alongside the ablation arms.
leave_one_out,Full_(retrained),1,1,1,ablation_arms_2026-09,30c2a6fd-d547-460f-a5e7-44c62a2af7ad,ari,0.3189138602701858,Full configuration retrained alongside the ablation arms.
leave_one_out,Full_(retrained),1,1,1,ablation_arms_2026-09,30c2a6fd-d547-460f-a5e7-44c62a2af7ad,nmi,0.5437109320762694,Full configuration retrained alongside the ablation arms.
leave_one_out,Full_(retrained),1,1,1,ablation_arms_2026-09,322c816f-608a-4da1-99c4-36ca4ad45146,ari,0.6002295917354461,Full configuration retrained alongside the ablation arms.
leave_one_out,Full_(retrained),1,1,1,ablation_arms_2026-09,322c816f-608a-4da1-99c4-36ca4ad45146,nmi,0.7088188857047157,Full configuration retrained alongside the ablation arms.
leave_one_out,Full_(retrained),1,1,1,ablation_arms_2026-09,3a702020-cf66-4ef5-9d11-4a5e835b7efb,ari,0.2650509718632229,Full configuration retrained alongside the ablation arms.
leave_one_out,Full_(retrained),1,1,1,ablation_arms_2026-09,3a702020-cf66-4ef5-9d11-4a5e835b7efb,nmi,0.4149593210804023,Full configuration retrained alongside the ablation arms.
leave_one_out,Full_(retrained),1,1,1,ablation_arms_2026-09,3bfd5174-5b49-4e58-b233-ed0f4edd0bec,ari,0.6009537329411055,Full configuration retrained alongside the ablation arms.
leave_one_out,Full_(retrained),1,1,1,ablation_arms_2026-09,3bfd5174-5b49-4e58-b233-ed0f4edd0bec,nmi,0.718934922898203,Full configuration retrained alongside the ablation arms.
leave_one_out,Full_(retrained),1,1,1,ablation_arms_2026-09,3c364ffe-d599-44d5-a77f-6c5fd7038cf6,ari,0.562935867850916,Full configuration retrained alongside the ablation arms.
leave_one_out,Full_(retrained),1,1,1,ablation_arms_2026-09,3c364ffe-d599-44d5-a77f-6c5fd7038cf6,nmi,0.807276768272129,Full configuration retrained alongside the ablation arms.
leave_one_out,Full_(retrained),1,1,1,ablation_arms_2026-09,3cb646ab-d411-4e5b-89eb-082a786c953b,ari,0.4604652235044864,Full configuration retrained alongside the ablation arms.
leave_one_out,Full_(retrained),1,1,1,ablation_arms_2026-09,3cb646ab-d411-4e5b-89eb-082a786c953b,nmi,0.6982530930990143,Full configuration retrained alongside the ablation arms.
leave_one_out,Full_(retrained),1,1,1,ablation_arms_2026-09,3e55180c-780a-4424-9434-5296640ffc0d,ari,0.3383146672926135,Full configuration retrained alongside the ablation arms.
leave_one_out,Full_(retrained),1,1,1,ablation_arms_2026-09,3e55180c-780a-4424-9434-5296640ffc0d,nmi,0.4689466633617406,Full configuration retrained alongside the ablation arms.
leave_one_out,Full_(retrained),1,1,1,ablation_arms_2026-09,420d0f5d-b7ba-4b1e-88d0-44e9f733febd,ari,0.4488160460285496,Full configuration retrained alongside the ablation arms.
leave_one_out,Full_(retrained),1,1,1,ablation_arms_2026-09,420d0f5d-b7ba-4b1e-88d0-44e9f733febd,nmi,0.684024594974714,Full configuration retrained alongside the ablation arms.
leave_one_out,Full_(retrained),1,1,1,ablation_arms_2026-09,4319097a-acae-4124-beed-d1173ffe1464,ari,0.482804122300717,Full configuration retrained alongside the ablation arms.
leave_one_out,Full_(retrained),1,1,1,ablation_arms_2026-09,4319097a-acae-4124-beed-d1173ffe1464,nmi,0.6231051285014372,Full configuration retrained alongside the ablation arms.
leave_one_out,Full_(retrained),1,1,1,ablation_arms_2026-09,432f3af5-6a79-401f-b315-fb2df789f32c,ari,0.671410105735591,Full configuration retrained alongside the ablation arms.
leave_one_out,Full_(retrained),1,1,1,ablation_arms_2026-09,432f3af5-6a79-401f-b315-fb2df789f32c,nmi,0.7634212021610337,Full configuration retrained alongside the ablation arms.
leave_one_out,Full_(retrained),1,1,1,ablation_arms_2026-09,43a1506b-aa9e-46a3-b288-d210f4595ddf,ari,0.4455237648594877,Full configuration retrained alongside the ablation arms.
leave_one_out,Full_(retrained),1,1,1,ablation_arms_2026-09,43a1506b-aa9e-46a3-b288-d210f4595ddf,nmi,0.5723539164004915,Full configuration retrained alongside the ablation arms.
leave_one_out,Full_(retrained),1,1,1,ablation_arms_2026-09,43aa19d2-c723-4822-979d-d2f0239835e0,ari,0.5154884146460248,Full configuration retrained alongside the ablation arms.
leave_one_out,Full_(retrained),1,1,1,ablation_arms_2026-09,43aa19d2-c723-4822-979d-d2f0239835e0,nmi,0.6584608307870932,Full configuration retrained alongside the ablation arms.
leave_one_out,Full_(retrained),1,1,1,ablation_arms_2026-09,46104f0b-9af5-466a-ae0f-56b8dc1969a2,ari,0.4595644729630916,Full configuration retrained alongside the ablation arms.
leave_one_out,Full_(retrained),1,1,1,ablation_arms_2026-09,46104f0b-9af5-466a-ae0f-56b8dc1969a2,nmi,0.6921497947162258,Full configuration retrained alongside the ablation arms.
leave_one_out,Full_(retrained),1,1,1,ablation_arms_2026-09,47e00f43-6176-44a5-b4d1-f88a1920fcab,ari,0.4495135975671537,Full configuration retrained alongside the ablation arms.
leave_one_out,Full_(retrained),1,1,1,ablation_arms_2026-09,47e00f43-6176-44a5-b4d1-f88a1920fcab,nmi,0.6927475680804462,Full configuration retrained alongside the ablation arms.
leave_one_out,Full_(retrained),1,1,1,ablation_arms_2026-09,4b83f213-b96b-4c87-a884-9b81faddb194,ari,0.4431206942769776,Full configuration retrained alongside the ablation arms.
leave_one_out,Full_(retrained),1,1,1,ablation_arms_2026-09,4b83f213-b96b-4c87-a884-9b81faddb194,nmi,0.5897920860541251,Full configuration retrained alongside the ablation arms.
leave_one_out,Full_(retrained),1,1,1,ablation_arms_2026-09,527641f0-df64-4c80-957c-a65dccd477bc,ari,0.7627389479706863,Full configuration retrained alongside the ablation arms.
leave_one_out,Full_(retrained),1,1,1,ablation_arms_2026-09,527641f0-df64-4c80-957c-a65dccd477bc,nmi,0.8041398866553424,Full configuration retrained alongside the ablation arms.
leave_one_out,Full_(retrained),1,1,1,ablation_arms_2026-09,53ce2631-3646-4172-bbd9-38b0a44d8214,ari,0.5826306509761797,Full configuration retrained alongside the ablation arms.
leave_one_out,Full_(retrained),1,1,1,ablation_arms_2026-09,53ce2631-3646-4172-bbd9-38b0a44d8214,nmi,0.7220961525159776,Full configuration retrained alongside the ablation arms.
leave_one_out,Full_(retrained),1,1,1,ablation_arms_2026-09,56a4bc14-9407-45fd-8786-f7f6fc87c9dd,ari,0.539149434135415,Full configuration retrained alongside the ablation arms.
leave_one_out,Full_(retrained),1,1,1,ablation_arms_2026-09,56a4bc14-9407-45fd-8786-f7f6fc87c9dd,nmi,0.6998384537706099,Full configuration retrained alongside the ablation arms.
leave_one_out,Full_(retrained),1,1,1,ablation_arms_2026-09,589fe605-6d49-4abe-bff8-1675511c689a,ari,0.0895240131741429,Full configuration retrained alongside the ablation arms.
leave_one_out,Full_(retrained),1,1,1,ablation_arms_2026-09,589fe605-6d49-4abe-bff8-1675511c689a,nmi,0.144805757152327,Full configuration retrained alongside the ablation arms.
leave_one_out,Full_(retrained),1,1,1,ablation_arms_2026-09,58f43044-cd3c-42b8-bc0b-3498eb236359,ari,0.3640449086727427,Full configuration retrained alongside the ablation arms.
leave_one_out,Full_(retrained),1,1,1,ablation_arms_2026-09,58f43044-cd3c-42b8-bc0b-3498eb236359,nmi,0.6632257794969062,Full configuration retrained alongside the ablation arms.
leave_one_out,Full_(retrained),1,1,1,ablation_arms_2026-09,5a9cfb44-494a-4540-8db8-7143b1bb5a6f,ari,0.4799617013304272,Full configuration retrained alongside the ablation arms.
leave_one_out,Full_(retrained),1,1,1,ablation_arms_2026-09,5a9cfb44-494a-4540-8db8-7143b1bb5a6f,nmi,0.6562894751499482,Full configuration retrained alongside the ablation arms.
leave_one_out,Full_(retrained),1,1,1,ablation_arms_2026-09,5c97eeeb-7e52-44b3-b010-b832b1f5424c,ari,0.7289795746233432,Full configuration retrained alongside the ablation arms.
leave_one_out,Full_(retrained),1,1,1,ablation_arms_2026-09,5c97eeeb-7e52-44b3-b010-b832b1f5424c,nmi,0.8685250165979846,Full configuration retrained alongside the ablation arms.
leave_one_out,Full_(retrained),1,1,1,ablation_arms_2026-09,5e57cd50-8e42-42d6-940d-5c1660d06864,ari,0.7305878861285665,Full configuration retrained alongside the ablation arms.
leave_one_out,Full_(retrained),1,1,1,ablation_arms_2026-09,5e57cd50-8e42-42d6-940d-5c1660d06864,nmi,0.864042644795154,Full configuration retrained alongside the ablation arms.
leave_one_out,Full_(retrained),1,1,1,ablation_arms_2026-09,5ed90bc0-12f3-4354-b314-0ce0dbb96458,ari,0.5026223907446241,Full configuration retrained alongside the ablation arms.
leave_one_out,Full_(retrained),1,1,1,ablation_arms_2026-09,5ed90bc0-12f3-4354-b314-0ce0dbb96458,nmi,0.7178888749228678,Full configuration retrained alongside the ablation arms.
leave_one_out,Full_(retrained),1,1,1,ablation_arms_2026-09,5fde5c9c-5b1e-4df5-982a-3f8e7635161f,ari,0.427175255861779,Full configuration retrained alongside the ablation arms.
leave_one_out,Full_(retrained),1,1,1,ablation_arms_2026-09,5fde5c9c-5b1e-4df5-982a-3f8e7635161f,nmi,0.6780510800330546,Full configuration retrained alongside the ablation arms.
leave_one_out,Full_(retrained),1,1,1,ablation_arms_2026-09,60a29d0b-1a37-4447-ac32-00d701580b47,ari,0.3721158536677232,Full configuration retrained alongside the ablation arms.
leave_one_out,Full_(retrained),1,1,1,ablation_arms_2026-09,60a29d0b-1a37-4447-ac32-00d701580b47,nmi,0.6446760803952186,Full configuration retrained alongside the ablation arms.
leave_one_out,Full_(retrained),1,1,1,ablation_arms_2026-09,61af564d-e5ea-4d34-a0f3-2668a00db376,ari,0.513603342335654,Full configuration retrained alongside the ablation arms.
leave_one_out,Full_(retrained),1,1,1,ablation_arms_2026-09,61af564d-e5ea-4d34-a0f3-2668a00db376,nmi,0.6313425905629946,Full configuration retrained alongside the ablation arms.
leave_one_out,Full_(retrained),1,1,1,ablation_arms_2026-09,61d327d1-2227-4c5f-9367-e3559dc79b07,ari,0.3454445757637729,Full configuration retrained alongside the ablation arms.
leave_one_out,Full_(retrained),1,1,1,ablation_arms_2026-09,61d327d1-2227-4c5f-9367-e3559dc79b07,nmi,0.4585659226620849,Full configuration retrained alongside the ablation arms.
leave_one_out,Full_(retrained),1,1,1,ablation_arms_2026-09,64267fb5-7b70-4705-a13b-cc38966c22a8,ari,0.4164823506367018,Full configuration retrained alongside the ablation arms.
leave_one_out,Full_(retrained),1,1,1,ablation_arms_2026-09,64267fb5-7b70-4705-a13b-cc38966c22a8,nmi,0.3712921653601876,Full configuration retrained alongside the ablation arms.
leave_one_out,Full_(retrained),1,1,1,ablation_arms_2026-09,67b6b9ac-b841-42ce-b2d4-ed2ec12327bd,ari,0.3697356514990348,Full configuration retrained alongside the ablation arms.
leave_one_out,Full_(retrained),1,1,1,ablation_arms_2026-09,67b6b9ac-b841-42ce-b2d4-ed2ec12327bd,nmi,0.6118931794565095,Full configuration retrained alongside the ablation arms.
leave_one_out,Full_(retrained),1,1,1,ablation_arms_2026-09,6fc37633-13f5-4bf0-af95-52808143bffd,ari,0.2925642686677618,Full configuration retrained alongside the ablation arms.
leave_one_out,Full_(retrained),1,1,1,ablation_arms_2026-09,6fc37633-13f5-4bf0-af95-52808143bffd,nmi,0.3985637566157503,Full configuration retrained alongside the ablation arms.
leave_one_out,Full_(retrained),1,1,1,ablation_arms_2026-09,75011e96-ba37-4977-a539-fbf9f66a5e37,ari,0.373590661884029,Full configuration retrained alongside the ablation arms.
leave_one_out,Full_(retrained),1,1,1,ablation_arms_2026-09,75011e96-ba37-4977-a539-fbf9f66a5e37,nmi,0.5325622729636,Full configuration retrained alongside the ablation arms.
leave_one_out,Full_(retrained),1,1,1,ablation_arms_2026-09,781cc817-3fd0-487c-a55a-b47b2786a05d,ari,0.1259210114323982,Full configuration retrained alongside the ablation arms.
leave_one_out,Full_(retrained),1,1,1,ablation_arms_2026-09,781cc817-3fd0-487c-a55a-b47b2786a05d,nmi,0.1564434340627427,Full configuration retrained alongside the ablation arms.
leave_one_out,Full_(retrained),1,1,1,ablation_arms_2026-09,79884ae5-e026-4d4a-858f-e807960bd4f7,ari,0.5163398599979843,Full configuration retrained alongside the ablation arms.
leave_one_out,Full_(retrained),1,1,1,ablation_arms_2026-09,79884ae5-e026-4d4a-858f-e807960bd4f7,nmi,0.6325061769405055,Full configuration retrained alongside the ablation arms.
leave_one_out,Full_(retrained),1,1,1,ablation_arms_2026-09,8058d760-09e6-4bdd-86a1-36917ffca3ef,ari,0.5466599909623568,Full configuration retrained alongside the ablation arms.
leave_one_out,Full_(retrained),1,1,1,ablation_arms_2026-09,8058d760-09e6-4bdd-86a1-36917ffca3ef,nmi,0.7162872103740114,Full configuration retrained alongside the ablation arms.
leave_one_out,Full_(retrained),1,1,1,ablation_arms_2026-09,829a3cd1-a466-49f1-b2e9-d3f6b7f392e2,ari,0.3932039994830371,Full configuration retrained alongside the ablation arms.
leave_one_out,Full_(retrained),1,1,1,ablation_arms_2026-09,829a3cd1-a466-49f1-b2e9-d3f6b7f392e2,nmi,0.5471779748838546,Full configuration retrained alongside the ablation arms.
leave_one_out,Full_(retrained),1,1,1,ablation_arms_2026-09,84cfa5aa-a0d1-415e-ac47-eb66c9cf8170,ari,0.4772402573179984,Full configuration retrained alongside the ablation arms.
leave_one_out,Full_(retrained),1,1,1,ablation_arms_2026-09,84cfa5aa-a0d1-415e-ac47-eb66c9cf8170,nmi,0.6652558695027185,Full configuration retrained alongside the ablation arms.
leave_one_out,Full_(retrained),1,1,1,ablation_arms_2026-09,8560f809-5794-484e-9152-b63efa91d134,ari,0.513560856795787,Full configuration retrained alongside the ablation arms.
leave_one_out,Full_(retrained),1,1,1,ablation_arms_2026-09,8560f809-5794-484e-9152-b63efa91d134,nmi,0.6675513702009759,Full configuration retrained alongside the ablation arms.
leave_one_out,Full_(retrained),1,1,1,ablation_arms_2026-09,867757c1-3b1a-49d9-a0cd-17767eb160cc,ari,0.6868096497329943,Full configuration retrained alongside the ablation arms.
leave_one_out,Full_(retrained),1,1,1,ablation_arms_2026-09,867757c1-3b1a-49d9-a0cd-17767eb160cc,nmi,0.8367502167659653,Full configuration retrained alongside the ablation arms.
leave_one_out,Full_(retrained),1,1,1,ablation_arms_2026-09,881e0e6b-a185-45f1-9b56-81606e91e7ff,ari,0.492534783642138,Full configuration retrained alongside the ablation arms.
leave_one_out,Full_(retrained),1,1,1,ablation_arms_2026-09,881e0e6b-a185-45f1-9b56-81606e91e7ff,nmi,0.721846424793703,Full configuration retrained alongside the ablation arms.
leave_one_out,Full_(retrained),1,1,1,ablation_arms_2026-09,8ef06ea4-8d0f-4303-a652-7d4604402b1f,ari,0.4473527012854633,Full configuration retrained alongside the ablation arms.
leave_one_out,Full_(retrained),1,1,1,ablation_arms_2026-09,8ef06ea4-8d0f-4303-a652-7d4604402b1f,nmi,0.660438847974407,Full configuration retrained alongside the ablation arms.
leave_one_out,Full_(retrained),1,1,1,ablation_arms_2026-09,8f3e7fcf-0b16-4a29-a5f1-a7a8b267d689,ari,0.4229994630843551,Full configuration retrained alongside the ablation arms.
leave_one_out,Full_(retrained),1,1,1,ablation_arms_2026-09,8f3e7fcf-0b16-4a29-a5f1-a7a8b267d689,nmi,0.649166140112708,Full configuration retrained alongside the ablation arms.
leave_one_out,Full_(retrained),1,1,1,ablation_arms_2026-09,8ff0cef9-393e-43de-9722-a1e12c239727,ari,0.5170382640950372,Full configuration retrained alongside the ablation arms.
leave_one_out,Full_(retrained),1,1,1,ablation_arms_2026-09,8ff0cef9-393e-43de-9722-a1e12c239727,nmi,0.5943853604986827,Full configuration retrained alongside the ablation arms.
leave_one_out,Full_(retrained),1,1,1,ablation_arms_2026-09,95d3b0fb-b8a7-4bec-a2e8-cded3222ff07,ari,0.783814819229711,Full configuration retrained alongside the ablation arms.
leave_one_out,Full_(retrained),1,1,1,ablation_arms_2026-09,95d3b0fb-b8a7-4bec-a2e8-cded3222ff07,nmi,0.8397494983016687,Full configuration retrained alongside the ablation arms.
leave_one_out,Full_(retrained),1,1,1,ablation_arms_2026-09,963a08cb-d995-4862-9614-f9d38a7d7540,ari,0.5403822606686408,Full configuration retrained alongside the ablation arms.
leave_one_out,Full_(retrained),1,1,1,ablation_arms_2026-09,963a08cb-d995-4862-9614-f9d38a7d7540,nmi,0.7615604656977304,Full configuration retrained alongside the ablation arms.
leave_one_out,Full_(retrained),1,1,1,ablation_arms_2026-09,978a566a-dc27-478d-b306-26daba116c1f,ari,0.5949930732785929,Full configuration retrained alongside the ablation arms.
leave_one_out,Full_(retrained),1,1,1,ablation_arms_2026-09,978a566a-dc27-478d-b306-26daba116c1f,nmi,0.7348817590621224,Full configuration retrained alongside the ablation arms.
leave_one_out,Full_(retrained),1,1,1,ablation_arms_2026-09,98219f72-0f9a-4de9-a859-c81834f24ab1,ari,0.0970336501351551,Full configuration retrained alongside the ablation arms.
leave_one_out,Full_(retrained),1,1,1,ablation_arms_2026-09,98219f72-0f9a-4de9-a859-c81834f24ab1,nmi,0.2253836060989925,Full configuration retrained alongside the ablation arms.
leave_one_out,Full_(retrained),1,1,1,ablation_arms_2026-09,9f1a899f-05a0-44c5-8aa9-39df61ae4324,ari,0.6414509885551873,Full configuration retrained alongside the ablation arms.
leave_one_out,Full_(retrained),1,1,1,ablation_arms_2026-09,9f1a899f-05a0-44c5-8aa9-39df61ae4324,nmi,0.8049471857855401,Full configuration retrained alongside the ablation arms.
leave_one_out,Full_(retrained),1,1,1,ablation_arms_2026-09,a24ce10f-5a87-4e1f-a34a-f4fe5fc84052,ari,0.7256607094186504,Full configuration retrained alongside the ablation arms.
leave_one_out,Full_(retrained),1,1,1,ablation_arms_2026-09,a24ce10f-5a87-4e1f-a34a-f4fe5fc84052,nmi,0.8337442125846751,Full configuration retrained alongside the ablation arms.
leave_one_out,Full_(retrained),1,1,1,ablation_arms_2026-09,a2c833f7-b7f1-4f4d-ad31-cae478b601b7,ari,0.5114065777513483,Full configuration retrained alongside the ablation arms.
leave_one_out,Full_(retrained),1,1,1,ablation_arms_2026-09,a2c833f7-b7f1-4f4d-ad31-cae478b601b7,nmi,0.6064661270696574,Full configuration retrained alongside the ablation arms.
leave_one_out,Full_(retrained),1,1,1,ablation_arms_2026-09,aa32098f-f7b0-43f2-a00a-601d190aae94,ari,0.4497543277455735,Full configuration retrained alongside the ablation arms.
leave_one_out,Full_(retrained),1,1,1,ablation_arms_2026-09,aa32098f-f7b0-43f2-a00a-601d190aae94,nmi,0.6942147526013088,Full configuration retrained alongside the ablation arms.
leave_one_out,Full_(retrained),1,1,1,ablation_arms_2026-09,aa369999-a034-4ad9-b459-8a93c86ea77b,ari,0.3493173751469753,Full configuration retrained alongside the ablation arms.
leave_one_out,Full_(retrained),1,1,1,ablation_arms_2026-09,aa369999-a034-4ad9-b459-8a93c86ea77b,nmi,0.5854442836776962,Full configuration retrained alongside the ablation arms.
leave_one_out,Full_(retrained),1,1,1,ablation_arms_2026-09,acd544d0-4d8b-46c7-98b3-fc48f7e6fdb7,ari,0.4206112048649361,Full configuration retrained alongside the ablation arms.
leave_one_out,Full_(retrained),1,1,1,ablation_arms_2026-09,acd544d0-4d8b-46c7-98b3-fc48f7e6fdb7,nmi,0.6453228324626902,Full configuration retrained alongside the ablation arms.
leave_one_out,Full_(retrained),1,1,1,ablation_arms_2026-09,aecc2743-4ff2-4b55-ac8c-a1ff76fc4bb4,ari,0.3061175273337703,Full configuration retrained alongside the ablation arms.
leave_one_out,Full_(retrained),1,1,1,ablation_arms_2026-09,aecc2743-4ff2-4b55-ac8c-a1ff76fc4bb4,nmi,0.4701341972534885,Full configuration retrained alongside the ablation arms.
leave_one_out,Full_(retrained),1,1,1,ablation_arms_2026-09,afae4675-434d-4e89-b5ce-2854c9dc38a3,ari,0.5013616302123667,Full configuration retrained alongside the ablation arms.
leave_one_out,Full_(retrained),1,1,1,ablation_arms_2026-09,afae4675-434d-4e89-b5ce-2854c9dc38a3,nmi,0.6370396276439991,Full configuration retrained alongside the ablation arms.
leave_one_out,Full_(retrained),1,1,1,ablation_arms_2026-09,b617ee1b-f8c8-4de9-b82b-e803ab93550d,ari,0.0637131331040121,Full configuration retrained alongside the ablation arms.
leave_one_out,Full_(retrained),1,1,1,ablation_arms_2026-09,b617ee1b-f8c8-4de9-b82b-e803ab93550d,nmi,0.1317120524629811,Full configuration retrained alongside the ablation arms.
leave_one_out,Full_(retrained),1,1,1,ablation_arms_2026-09,c838aec3-03ef-4398-b882-0e3912abfff0,ari,0.3645358805021773,Full configuration retrained alongside the ablation arms.
leave_one_out,Full_(retrained),1,1,1,ablation_arms_2026-09,c838aec3-03ef-4398-b882-0e3912abfff0,nmi,0.6275276642567159,Full configuration retrained alongside the ablation arms.
leave_one_out,Full_(retrained),1,1,1,ablation_arms_2026-09,cee9b331-3ba0-4461-8bbd-867819d9fc0a,ari,0.7624629488820746,Full configuration retrained alongside the ablation arms.
leave_one_out,Full_(retrained),1,1,1,ablation_arms_2026-09,cee9b331-3ba0-4461-8bbd-867819d9fc0a,nmi,0.8044308895984098,Full configuration retrained alongside the ablation arms.
leave_one_out,Full_(retrained),1,1,1,ablation_arms_2026-09,d567b692-c374-4628-a508-8008f6778f22,ari,0.5466667289740534,Full configuration retrained alongside the ablation arms.
leave_one_out,Full_(retrained),1,1,1,ablation_arms_2026-09,d567b692-c374-4628-a508-8008f6778f22,nmi,0.6977013113845997,Full configuration retrained alongside the ablation arms.
leave_one_out,Full_(retrained),1,1,1,ablation_arms_2026-09,d68a8b48-abf0-4bd5-8834-155d34ec448a,ari,0.3747485992788811,Full configuration retrained alongside the ablation arms.
leave_one_out,Full_(retrained),1,1,1,ablation_arms_2026-09,d68a8b48-abf0-4bd5-8834-155d34ec448a,nmi,0.6376781433881173,Full configuration retrained alongside the ablation arms.
leave_one_out,Full_(retrained),1,1,1,ablation_arms_2026-09,d7cff847-6403-44a6-ad8a-2f5a783639dd,ari,0.6829377767109972,Full configuration retrained alongside the ablation arms.
leave_one_out,Full_(retrained),1,1,1,ablation_arms_2026-09,d7cff847-6403-44a6-ad8a-2f5a783639dd,nmi,0.796620353123583,Full configuration retrained alongside the ablation arms.
leave_one_out,Full_(retrained),1,1,1,ablation_arms_2026-09,de5416ef-bbfa-41f3-99d4-01a3554173f5,ari,0.3323859369105105,Full configuration retrained alongside the ablation arms.
leave_one_out,Full_(retrained),1,1,1,ablation_arms_2026-09,de5416ef-bbfa-41f3-99d4-01a3554173f5,nmi,0.6113660170244775,Full configuration retrained alongside the ablation arms.
leave_one_out,Full_(retrained),1,1,1,ablation_arms_2026-09,e3ed2ba4-edf5-40ac-8750-8a417ad1eefe,ari,0.6630420004048079,Full configuration retrained alongside the ablation arms.
leave_one_out,Full_(retrained),1,1,1,ablation_arms_2026-09,e3ed2ba4-edf5-40ac-8750-8a417ad1eefe,nmi,0.7941344832507706,Full configuration retrained alongside the ablation arms.
leave_one_out,Full_(retrained),1,1,1,ablation_arms_2026-09,e51bae9a-c747-4b64-904a-4da7cda218ab,ari,0.5357291303993701,Full configuration retrained alongside the ablation arms.
leave_one_out,Full_(retrained),1,1,1,ablation_arms_2026-09,e51bae9a-c747-4b64-904a-4da7cda218ab,nmi,0.6803852455565309,Full configuration retrained alongside the ablation arms.
leave_one_out,Full_(retrained),1,1,1,ablation_arms_2026-09,e522d2cd-7927-4e59-a4ed-064009569279,ari,0.4269198460355851,Full configuration retrained alongside the ablation arms.
leave_one_out,Full_(retrained),1,1,1,ablation_arms_2026-09,e522d2cd-7927-4e59-a4ed-064009569279,nmi,0.678271851073154,Full configuration retrained alongside the ablation arms.
leave_one_out,Full_(retrained),1,1,1,ablation_arms_2026-09,e7bd68ab-df49-44df-9b1e-8486114aeeb5,ari,0.3257891100398785,Full configuration retrained alongside the ablation arms.
leave_one_out,Full_(retrained),1,1,1,ablation_arms_2026-09,e7bd68ab-df49-44df-9b1e-8486114aeeb5,nmi,0.4965749519509497,Full configuration retrained alongside the ablation arms.
leave_one_out,Full_(retrained),1,1,1,ablation_arms_2026-09,edbfa04a-f1dd-496a-8237-df11d70621ca,ari,0.4537607571760358,Full configuration retrained alongside the ablation arms.
leave_one_out,Full_(retrained),1,1,1,ablation_arms_2026-09,edbfa04a-f1dd-496a-8237-df11d70621ca,nmi,0.6026021028480038,Full configuration retrained alongside the ablation arms.
leave_one_out,Full_(retrained),1,1,1,ablation_arms_2026-09,f14bc322-1322-4184-8d16-409557525ea5,ari,0.5146067850276642,Full configuration retrained alongside the ablation arms.
leave_one_out,Full_(retrained),1,1,1,ablation_arms_2026-09,f14bc322-1322-4184-8d16-409557525ea5,nmi,0.7510979892346298,Full configuration retrained alongside the ablation arms.
leave_one_out,Full_(retrained),1,1,1,ablation_arms_2026-09,f3c49918-4707-4d92-bb6d-2b5b4eb9d1b4,ari,0.7000428426903235,Full configuration retrained alongside the ablation arms.
leave_one_out,Full_(retrained),1,1,1,ablation_arms_2026-09,f3c49918-4707-4d92-bb6d-2b5b4eb9d1b4,nmi,0.7986401372576813,Full configuration retrained alongside the ablation arms.
leave_one_out,Full_(retrained),1,1,1,ablation_arms_2026-09,f641d68a-e877-4bb8-afd7-b8fa3921d461,ari,0.5215292494757061,Full configuration retrained alongside the ablation arms.
leave_one_out,Full_(retrained),1,1,1,ablation_arms_2026-09,f641d68a-e877-4bb8-afd7-b8fa3921d461,nmi,0.6610101045864885,Full configuration retrained alongside the ablation arms.
leave_one_out,Full_(retrained),1,1,1,ablation_arms_2026-09,f6cc8a47-2dea-40aa-8608-d771c5ef8a07,ari,0.3849690257268776,Full configuration retrained alongside the ablation arms.
leave_one_out,Full_(retrained),1,1,1,ablation_arms_2026-09,f6cc8a47-2dea-40aa-8608-d771c5ef8a07,nmi,0.513016010956624,Full configuration retrained alongside the ablation arms.
leave_one_out,Full_(retrained),1,1,1,ablation_arms_2026-09,fe7aae33-6f7c-41a5-8d29-9996a9ddf1ab,ari,0.723297395871608,Full configuration retrained alongside the ablation arms.
leave_one_out,Full_(retrained),1,1,1,ablation_arms_2026-09,fe7aae33-6f7c-41a5-8d29-9996a9ddf1ab,nmi,0.7504146753808272,Full configuration retrained alongside the ablation arms.
leave_one_out,Full_(retrained),1,1,1,ablation_arms_2026-09,01b84709-139c-4485-98a9-6e14c58fbbf6,gene_mean_pearson,0.940318712023568,Full configuration retrained alongside the ablation arms.
leave_one_out,Full_(retrained),1,1,1,ablation_arms_2026-09,01b84709-139c-4485-98a9-6e14c58fbbf6,training_style_hvg,0.86999150390625,Full configuration retrained alongside the ablation arms.
leave_one_out,Full_(retrained),1,1,1,ablation_arms_2026-09,07dd8c34-4625-480a-8ee4-273a06c3082b,gene_mean_pearson,0.9382226497136792,Full configuration retrained alongside the ablation arms.
leave_one_out,Full_(retrained),1,1,1,ablation_arms_2026-09,07dd8c34-4625-480a-8ee4-273a06c3082b,training_style_hvg,0.9403292099677374,Full configuration retrained alongside the ablation arms.
leave_one_out,Full_(retrained),1,1,1,ablation_arms_2026-09,09b518f9-da64-44cc-aec8-70a89d55611f,gene_mean_pearson,0.8909522993336353,Full configuration retrained alongside the ablation arms.
leave_one_out,Full_(retrained),1,1,1,ablation_arms_2026-09,09b518f9-da64-44cc-aec8-70a89d55611f,training_style_hvg,0.8858809997558593,Full configuration retrained alongside the ablation arms.
leave_one_out,Full_(retrained),1,1,1,ablation_arms_2026-09,0a8e3443-c3e2-4918-84db-0495657d9175,gene_mean_pearson,0.9765711826958628,Full configuration retrained alongside the ablation arms.
leave_one_out,Full_(retrained),1,1,1,ablation_arms_2026-09,0a8e3443-c3e2-4918-84db-0495657d9175,training_style_hvg,0.9630774597167968,Full configuration retrained alongside the ablation arms.
leave_one_out,Full_(retrained),1,1,1,ablation_arms_2026-09,0ae6f031-2f9c-4247-8b26-db320d6efd32,gene_mean_pearson,0.8467827931015287,Full configuration retrained alongside the ablation arms.
leave_one_out,Full_(retrained),1,1,1,ablation_arms_2026-09,0ae6f031-2f9c-4247-8b26-db320d6efd32,training_style_hvg,0.7592003055695564,Full configuration retrained alongside the ablation arms.
leave_one_out,Full_(retrained),1,1,1,ablation_arms_2026-09,0bf30b02-db97-4560-b9cd-0fe3588892af,gene_mean_pearson,0.952859285543076,Full configuration retrained alongside the ablation arms.
leave_one_out,Full_(retrained),1,1,1,ablation_arms_2026-09,0bf30b02-db97-4560-b9cd-0fe3588892af,training_style_hvg,0.919161962890625,Full configuration retrained alongside the ablation arms.
leave_one_out,Full_(retrained),1,1,1,ablation_arms_2026-09,0c0c49a2-b96b-432f-98a4-1decf9929149,gene_mean_pearson,0.9770542761466492,Full configuration retrained alongside the ablation arms.
leave_one_out,Full_(retrained),1,1,1,ablation_arms_2026-09,0c0c49a2-b96b-432f-98a4-1decf9929149,training_style_hvg,0.9649082824707031,Full configuration retrained alongside the ablation arms.
leave_one_out,Full_(retrained),1,1,1,ablation_arms_2026-09,145dcf6a-2461-4fa3-a0af-7fc56db0bd33,gene_mean_pearson,0.9328701045658458,Full configuration retrained alongside the ablation arms.
leave_one_out,Full_(retrained),1,1,1,ablation_arms_2026-09,145dcf6a-2461-4fa3-a0af-7fc56db0bd33,training_style_hvg,0.9187804077148436,Full configuration retrained alongside the ablation arms.
leave_one_out,Full_(retrained),1,1,1,ablation_arms_2026-09,16023185-de21-4c0d-a9c8-73abdd52d142,gene_mean_pearson,0.982875788374552,Full configuration retrained alongside the ablation arms.
leave_one_out,Full_(retrained),1,1,1,ablation_arms_2026-09,16023185-de21-4c0d-a9c8-73abdd52d142,training_style_hvg,0.9032817626953124,Full configuration retrained alongside the ablation arms.
leave_one_out,Full_(retrained),1,1,1,ablation_arms_2026-09,19053a82-9c89-4fb8-bd19-d7b1800b0b7b,gene_mean_pearson,0.9462868813560068,Full configuration retrained alongside the ablation arms.
leave_one_out,Full_(retrained),1,1,1,ablation_arms_2026-09,19053a82-9c89-4fb8-bd19-d7b1800b0b7b,training_style_hvg,0.9167408569335938,Full configuration retrained alongside the ablation arms.
leave_one_out,Full_(retrained),1,1,1,ablation_arms_2026-09,19f1bec6-eeb7-4133-accc-992d745fef89,gene_mean_pearson,0.8760707991934082,Full configuration retrained alongside the ablation arms.
leave_one_out,Full_(retrained),1,1,1,ablation_arms_2026-09,19f1bec6-eeb7-4133-accc-992d745fef89,training_style_hvg,0.8739843139648438,Full configuration retrained alongside the ablation arms.
leave_one_out,Full_(retrained),1,1,1,ablation_arms_2026-09,1a9f3b38-b86d-416d-bbdc-9058ad3ff42d,gene_mean_pearson,0.7799540686675929,Full configuration retrained alongside the ablation arms.
leave_one_out,Full_(retrained),1,1,1,ablation_arms_2026-09,1a9f3b38-b86d-416d-bbdc-9058ad3ff42d,training_style_hvg,0.886128955078125,Full configuration retrained alongside the ablation arms.
leave_one_out,Full_(retrained),1,1,1,ablation_arms_2026-09,1ab4ebbc-18d6-4838-89c2-cdc5b10accfb,gene_mean_pearson,0.9570349956140498,Full configuration retrained alongside the ablation arms.
leave_one_out,Full_(retrained),1,1,1,ablation_arms_2026-09,1ab4ebbc-18d6-4838-89c2-cdc5b10accfb,training_style_hvg,0.9294868981714168,Full configuration retrained alongside the ablation arms.
leave_one_out,Full_(retrained),1,1,1,ablation_arms_2026-09,1b350d0a-4535-4879-beb6-1142f3f94947,gene_mean_pearson,0.9759590309197012,Full configuration retrained alongside the ablation arms.
leave_one_out,Full_(retrained),1,1,1,ablation_arms_2026-09,1b350d0a-4535-4879-beb6-1142f3f94947,training_style_hvg,0.924235577392578,Full configuration retrained alongside the ablation arms.
leave_one_out,Full_(retrained),1,1,1,ablation_arms_2026-09,203025fe-fa99-4d57-81da-458ed8f0c334,gene_mean_pearson,0.8751336902511933,Full configuration retrained alongside the ablation arms.
leave_one_out,Full_(retrained),1,1,1,ablation_arms_2026-09,203025fe-fa99-4d57-81da-458ed8f0c334,training_style_hvg,0.858333154296875,Full configuration retrained alongside the ablation arms.
leave_one_out,Full_(retrained),1,1,1,ablation_arms_2026-09,21722308-5091-4b63-9c07-4f116ab9a7b3,gene_mean_pearson,0.9234022741988284,Full configuration retrained alongside the ablation arms.
leave_one_out,Full_(retrained),1,1,1,ablation_arms_2026-09,21722308-5091-4b63-9c07-4f116ab9a7b3,training_style_hvg,0.9169447570800782,Full configuration retrained alongside the ablation arms.
leave_one_out,Full_(retrained),1,1,1,ablation_arms_2026-09,27d3952f-fbbc-497d-98d1-f37f3d555235,gene_mean_pearson,0.9329284076476932,Full configuration retrained alongside the ablation arms.
leave_one_out,Full_(retrained),1,1,1,ablation_arms_2026-09,27d3952f-fbbc-497d-98d1-f37f3d555235,training_style_hvg,0.9253304337779324,Full configuration retrained alongside the ablation arms.
leave_one_out,Full_(retrained),1,1,1,ablation_arms_2026-09,30c2a6fd-d547-460f-a5e7-44c62a2af7ad,gene_mean_pearson,0.9444472918416348,Full configuration retrained alongside the ablation arms.
leave_one_out,Full_(retrained),1,1,1,ablation_arms_2026-09,30c2a6fd-d547-460f-a5e7-44c62a2af7ad,training_style_hvg,0.8946059875488281,Full configuration retrained alongside the ablation arms.
leave_one_out,Full_(retrained),1,1,1,ablation_arms_2026-09,322c816f-608a-4da1-99c4-36ca4ad45146,gene_mean_pearson,0.8954863204419792,Full configuration retrained alongside the ablation arms.
leave_one_out,Full_(retrained),1,1,1,ablation_arms_2026-09,322c816f-608a-4da1-99c4-36ca4ad45146,training_style_hvg,0.9100529418945312,Full configuration retrained alongside the ablation arms.
leave_one_out,Full_(retrained),1,1,1,ablation_arms_2026-09,3a702020-cf66-4ef5-9d11-4a5e835b7efb,gene_mean_pearson,0.7949233881773932,Full configuration retrained alongside the ablation arms.
leave_one_out,Full_(retrained),1,1,1,ablation_arms_2026-09,3a702020-cf66-4ef5-9d11-4a5e835b7efb,training_style_hvg,0.829439013671875,Full configuration retrained alongside the ablation arms.
leave_one_out,Full_(retrained),1,1,1,ablation_arms_2026-09,3bfd5174-5b49-4e58-b233-ed0f4edd0bec,gene_mean_pearson,0.8530367173371899,Full configuration retrained alongside the ablation arms.
leave_one_out,Full_(retrained),1,1,1,ablation_arms_2026-09,3bfd5174-5b49-4e58-b233-ed0f4edd0bec,training_style_hvg,0.7788786227318548,Full configuration retrained alongside the ablation arms.
leave_one_out,Full_(retrained),1,1,1,ablation_arms_2026-09,3c364ffe-d599-44d5-a77f-6c5fd7038cf6,gene_mean_pearson,0.8904623169058669,Full configuration retrained alongside the ablation arms.
leave_one_out,Full_(retrained),1,1,1,ablation_arms_2026-09,3c364ffe-d599-44d5-a77f-6c5fd7038cf6,training_style_hvg,0.8913614501953125,Full configuration retrained alongside the ablation arms.
leave_one_out,Full_(retrained),1,1,1,ablation_arms_2026-09,3cb646ab-d411-4e5b-89eb-082a786c953b,gene_mean_pearson,0.9774006465028964,Full configuration retrained alongside the ablation arms.
leave_one_out,Full_(retrained),1,1,1,ablation_arms_2026-09,3cb646ab-d411-4e5b-89eb-082a786c953b,training_style_hvg,0.9636879211425782,Full configuration retrained alongside the ablation arms.
leave_one_out,Full_(retrained),1,1,1,ablation_arms_2026-09,3e55180c-780a-4424-9434-5296640ffc0d,gene_mean_pearson,0.9350967211515946,Full configuration retrained alongside the ablation arms.
leave_one_out,Full_(retrained),1,1,1,ablation_arms_2026-09,3e55180c-780a-4424-9434-5296640ffc0d,training_style_hvg,0.940571480003457,Full configuration retrained alongside the ablation arms.
leave_one_out,Full_(retrained),1,1,1,ablation_arms_2026-09,420d0f5d-b7ba-4b1e-88d0-44e9f733febd,gene_mean_pearson,0.9774579353601114,Full configuration retrained alongside the ablation arms.
leave_one_out,Full_(retrained),1,1,1,ablation_arms_2026-09,420d0f5d-b7ba-4b1e-88d0-44e9f733febd,training_style_hvg,0.9644682067871094,Full configuration retrained alongside the ablation arms.
leave_one_out,Full_(retrained),1,1,1,ablation_arms_2026-09,4319097a-acae-4124-beed-d1173ffe1464,gene_mean_pearson,0.86663562539089,Full configuration retrained alongside the ablation arms.
leave_one_out,Full_(retrained),1,1,1,ablation_arms_2026-09,4319097a-acae-4124-beed-d1173ffe1464,training_style_hvg,0.8716671654485887,Full configuration retrained alongside the ablation arms.
leave_one_out,Full_(retrained),1,1,1,ablation_arms_2026-09,432f3af5-6a79-401f-b315-fb2df789f32c,gene_mean_pearson,0.8910992323964414,Full configuration retrained alongside the ablation arms.
leave_one_out,Full_(retrained),1,1,1,ablation_arms_2026-09,432f3af5-6a79-401f-b315-fb2df789f32c,training_style_hvg,0.7525643113659274,Full configuration retrained alongside the ablation arms.
leave_one_out,Full_(retrained),1,1,1,ablation_arms_2026-09,43a1506b-aa9e-46a3-b288-d210f4595ddf,gene_mean_pearson,0.9570388112345596,Full configuration retrained alongside the ablation arms.
leave_one_out,Full_(retrained),1,1,1,ablation_arms_2026-09,43a1506b-aa9e-46a3-b288-d210f4595ddf,training_style_hvg,0.833524951171875,Full configuration retrained alongside the ablation arms.
leave_one_out,Full_(retrained),1,1,1,ablation_arms_2026-09,43aa19d2-c723-4822-979d-d2f0239835e0,gene_mean_pearson,0.9291743993698688,Full configuration retrained alongside the ablation arms.
leave_one_out,Full_(retrained),1,1,1,ablation_arms_2026-09,43aa19d2-c723-4822-979d-d2f0239835e0,training_style_hvg,0.8994891418457032,Full configuration retrained alongside the ablation arms.
leave_one_out,Full_(retrained),1,1,1,ablation_arms_2026-09,46104f0b-9af5-466a-ae0f-56b8dc1969a2,gene_mean_pearson,0.9772143863924012,Full configuration retrained alongside the ablation arms.
leave_one_out,Full_(retrained),1,1,1,ablation_arms_2026-09,46104f0b-9af5-466a-ae0f-56b8dc1969a2,training_style_hvg,0.9641718078613282,Full configuration retrained alongside the ablation arms.
leave_one_out,Full_(retrained),1,1,1,ablation_arms_2026-09,47e00f43-6176-44a5-b4d1-f88a1920fcab,gene_mean_pearson,0.9777321297671644,Full configuration retrained alongside the ablation arms.
leave_one_out,Full_(retrained),1,1,1,ablation_arms_2026-09,47e00f43-6176-44a5-b4d1-f88a1920fcab,training_style_hvg,0.9640192443847656,Full configuration retrained alongside the ablation arms.
leave_one_out,Full_(retrained),1,1,1,ablation_arms_2026-09,4b83f213-b96b-4c87-a884-9b81faddb194,gene_mean_pearson,0.9152448152329844,Full configuration retrained alongside the ablation arms.
leave_one_out,Full_(retrained),1,1,1,ablation_arms_2026-09,4b83f213-b96b-4c87-a884-9b81faddb194,training_style_hvg,0.8533052001953125,Full configuration retrained alongside the ablation arms.
leave_one_out,Full_(retrained),1,1,1,ablation_arms_2026-09,527641f0-df64-4c80-957c-a65dccd477bc,gene_mean_pearson,0.8702022312341093,Full configuration retrained alongside the ablation arms.
leave_one_out,Full_(retrained),1,1,1,ablation_arms_2026-09,527641f0-df64-4c80-957c-a65dccd477bc,training_style_hvg,0.9054226940524194,Full configuration retrained alongside the ablation arms.
leave_one_out,Full_(retrained),1,1,1,ablation_arms_2026-09,53ce2631-3646-4172-bbd9-38b0a44d8214,gene_mean_pearson,0.9236005749217256,Full configuration retrained alongside the ablation arms.
leave_one_out,Full_(retrained),1,1,1,ablation_arms_2026-09,53ce2631-3646-4172-bbd9-38b0a44d8214,training_style_hvg,0.8790110473632813,Full configuration retrained alongside the ablation arms.
leave_one_out,Full_(retrained),1,1,1,ablation_arms_2026-09,56a4bc14-9407-45fd-8786-f7f6fc87c9dd,gene_mean_pearson,0.9372636279779012,Full configuration retrained alongside the ablation arms.
leave_one_out,Full_(retrained),1,1,1,ablation_arms_2026-09,56a4bc14-9407-45fd-8786-f7f6fc87c9dd,training_style_hvg,0.8742279174804688,Full configuration retrained alongside the ablation arms.
leave_one_out,Full_(retrained),1,1,1,ablation_arms_2026-09,589fe605-6d49-4abe-bff8-1675511c689a,gene_mean_pearson,0.975459905462694,Full configuration retrained alongside the ablation arms.
leave_one_out,Full_(retrained),1,1,1,ablation_arms_2026-09,589fe605-6d49-4abe-bff8-1675511c689a,training_style_hvg,0.9249787658691406,Full configuration retrained alongside the ablation arms.
leave_one_out,Full_(retrained),1,1,1,ablation_arms_2026-09,58f43044-cd3c-42b8-bc0b-3498eb236359,gene_mean_pearson,0.9390657274322434,Full configuration retrained alongside the ablation arms.
leave_one_out,Full_(retrained),1,1,1,ablation_arms_2026-09,58f43044-cd3c-42b8-bc0b-3498eb236359,training_style_hvg,0.8537937561035156,Full configuration retrained alongside the ablation arms.
leave_one_out,Full_(retrained),1,1,1,ablation_arms_2026-09,5a9cfb44-494a-4540-8db8-7143b1bb5a6f,gene_mean_pearson,0.9528084030301894,Full configuration retrained alongside the ablation arms.
leave_one_out,Full_(retrained),1,1,1,ablation_arms_2026-09,5a9cfb44-494a-4540-8db8-7143b1bb5a6f,training_style_hvg,0.8742998901367187,Full configuration retrained alongside the ablation arms.
leave_one_out,Full_(retrained),1,1,1,ablation_arms_2026-09,5c97eeeb-7e52-44b3-b010-b832b1f5424c,gene_mean_pearson,0.9243761313314922,Full configuration retrained alongside the ablation arms.
leave_one_out,Full_(retrained),1,1,1,ablation_arms_2026-09,5c97eeeb-7e52-44b3-b010-b832b1f5424c,training_style_hvg,0.9348624572753906,Full configuration retrained alongside the ablation arms.
leave_one_out,Full_(retrained),1,1,1,ablation_arms_2026-09,5e57cd50-8e42-42d6-940d-5c1660d06864,gene_mean_pearson,0.926131345354839,Full configuration retrained alongside the ablation arms.
leave_one_out,Full_(retrained),1,1,1,ablation_arms_2026-09,5e57cd50-8e42-42d6-940d-5c1660d06864,training_style_hvg,0.9329067138671876,Full configuration retrained alongside the ablation arms.
leave_one_out,Full_(retrained),1,1,1,ablation_arms_2026-09,5ed90bc0-12f3-4354-b314-0ce0dbb96458,gene_mean_pearson,0.94767832218447,Full configuration retrained alongside the ablation arms.
leave_one_out,Full_(retrained),1,1,1,ablation_arms_2026-09,5ed90bc0-12f3-4354-b314-0ce0dbb96458,training_style_hvg,0.9302337829589844,Full configuration retrained alongside the ablation arms.
leave_one_out,Full_(retrained),1,1,1,ablation_arms_2026-09,5fde5c9c-5b1e-4df5-982a-3f8e7635161f,gene_mean_pearson,0.9764986123064509,Full configuration retrained alongside the ablation arms.
leave_one_out,Full_(retrained),1,1,1,ablation_arms_2026-09,5fde5c9c-5b1e-4df5-982a-3f8e7635161f,training_style_hvg,0.9652982177734376,Full configuration retrained alongside the ablation arms.
leave_one_out,Full_(retrained),1,1,1,ablation_arms_2026-09,60a29d0b-1a37-4447-ac32-00d701580b47,gene_mean_pearson,0.9691305664542784,Full configuration retrained alongside the ablation arms.
leave_one_out,Full_(retrained),1,1,1,ablation_arms_2026-09,60a29d0b-1a37-4447-ac32-00d701580b47,training_style_hvg,0.9133749658771838,Full configuration retrained alongside the ablation arms.
leave_one_out,Full_(retrained),1,1,1,ablation_arms_2026-09,61af564d-e5ea-4d34-a0f3-2668a00db376,gene_mean_pearson,0.811703189542418,Full configuration retrained alongside the ablation arms.
leave_one_out,Full_(retrained),1,1,1,ablation_arms_2026-09,61af564d-e5ea-4d34-a0f3-2668a00db376,training_style_hvg,0.8282069519042968,Full configuration retrained alongside the ablation arms.
leave_one_out,Full_(retrained),1,1,1,ablation_arms_2026-09,61d327d1-2227-4c5f-9367-e3559dc79b07,gene_mean_pearson,0.5860748290118634,Full configuration retrained alongside the ablation arms.
leave_one_out,Full_(retrained),1,1,1,ablation_arms_2026-09,61d327d1-2227-4c5f-9367-e3559dc79b07,training_style_hvg,0.484838246101111,Full configuration retrained alongside the ablation arms.
leave_one_out,Full_(retrained),1,1,1,ablation_arms_2026-09,64267fb5-7b70-4705-a13b-cc38966c22a8,gene_mean_pearson,0.9189755592045564,Full configuration retrained alongside the ablation arms.
leave_one_out,Full_(retrained),1,1,1,ablation_arms_2026-09,64267fb5-7b70-4705-a13b-cc38966c22a8,training_style_hvg,0.9806601501464844,Full configuration retrained alongside the ablation arms.
leave_one_out,Full_(retrained),1,1,1,ablation_arms_2026-09,67b6b9ac-b841-42ce-b2d4-ed2ec12327bd,gene_mean_pearson,0.8558163868567101,Full configuration retrained alongside the ablation arms.
leave_one_out,Full_(retrained),1,1,1,ablation_arms_2026-09,67b6b9ac-b841-42ce-b2d4-ed2ec12327bd,training_style_hvg,0.8357003662109375,Full configuration retrained alongside the ablation arms.
leave_one_out,Full_(retrained),1,1,1,ablation_arms_2026-09,6fc37633-13f5-4bf0-af95-52808143bffd,gene_mean_pearson,0.9349109964615556,Full configuration retrained alongside the ablation arms.
leave_one_out,Full_(retrained),1,1,1,ablation_arms_2026-09,6fc37633-13f5-4bf0-af95-52808143bffd,training_style_hvg,0.9649687617658133,Full configuration retrained alongside the ablation arms.
leave_one_out,Full_(retrained),1,1,1,ablation_arms_2026-09,75011e96-ba37-4977-a539-fbf9f66a5e37,gene_mean_pearson,0.9653500177616284,Full configuration retrained alongside the ablation arms.
leave_one_out,Full_(retrained),1,1,1,ablation_arms_2026-09,75011e96-ba37-4977-a539-fbf9f66a5e37,training_style_hvg,0.9185448482494368,Full configuration retrained alongside the ablation arms.
leave_one_out,Full_(retrained),1,1,1,ablation_arms_2026-09,781cc817-3fd0-487c-a55a-b47b2786a05d,gene_mean_pearson,0.96386666116959,Full configuration retrained alongside the ablation arms.
leave_one_out,Full_(retrained),1,1,1,ablation_arms_2026-09,781cc817-3fd0-487c-a55a-b47b2786a05d,training_style_hvg,0.8836373597745998,Full configuration retrained alongside the ablation arms.
leave_one_out,Full_(retrained),1,1,1,ablation_arms_2026-09,79884ae5-e026-4d4a-858f-e807960bd4f7,gene_mean_pearson,0.929960618231192,Full configuration retrained alongside the ablation arms.
leave_one_out,Full_(retrained),1,1,1,ablation_arms_2026-09,79884ae5-e026-4d4a-858f-e807960bd4f7,training_style_hvg,0.889029934123411,Full configuration retrained alongside the ablation arms.
leave_one_out,Full_(retrained),1,1,1,ablation_arms_2026-09,8058d760-09e6-4bdd-86a1-36917ffca3ef,gene_mean_pearson,0.7398698590228352,Full configuration retrained alongside the ablation arms.
leave_one_out,Full_(retrained),1,1,1,ablation_arms_2026-09,8058d760-09e6-4bdd-86a1-36917ffca3ef,training_style_hvg,0.8981534606933593,Full configuration retrained alongside the ablation arms.
leave_one_out,Full_(retrained),1,1,1,ablation_arms_2026-09,829a3cd1-a466-49f1-b2e9-d3f6b7f392e2,gene_mean_pearson,0.9659848499419922,Full configuration retrained alongside the ablation arms.
leave_one_out,Full_(retrained),1,1,1,ablation_arms_2026-09,829a3cd1-a466-49f1-b2e9-d3f6b7f392e2,training_style_hvg,0.9392842041015624,Full configuration retrained alongside the ablation arms.
leave_one_out,Full_(retrained),1,1,1,ablation_arms_2026-09,84cfa5aa-a0d1-415e-ac47-eb66c9cf8170,gene_mean_pearson,0.9744652334447632,Full configuration retrained alongside the ablation arms.
leave_one_out,Full_(retrained),1,1,1,ablation_arms_2026-09,84cfa5aa-a0d1-415e-ac47-eb66c9cf8170,training_style_hvg,0.921471533203125,Full configuration retrained alongside the ablation arms.
leave_one_out,Full_(retrained),1,1,1,ablation_arms_2026-09,8560f809-5794-484e-9152-b63efa91d134,gene_mean_pearson,0.957749351958364,Full configuration retrained alongside the ablation arms.
leave_one_out,Full_(retrained),1,1,1,ablation_arms_2026-09,8560f809-5794-484e-9152-b63efa91d134,training_style_hvg,0.9059363525390624,Full configuration retrained alongside the ablation arms.
leave_one_out,Full_(retrained),1,1,1,ablation_arms_2026-09,867757c1-3b1a-49d9-a0cd-17767eb160cc,gene_mean_pearson,0.7907505267129846,Full configuration retrained alongside the ablation arms.
leave_one_out,Full_(retrained),1,1,1,ablation_arms_2026-09,867757c1-3b1a-49d9-a0cd-17767eb160cc,training_style_hvg,0.8263123779296875,Full configuration retrained alongside the ablation arms.
leave_one_out,Full_(retrained),1,1,1,ablation_arms_2026-09,881e0e6b-a185-45f1-9b56-81606e91e7ff,gene_mean_pearson,0.9778867144424506,Full configuration retrained alongside the ablation arms.
leave_one_out,Full_(retrained),1,1,1,ablation_arms_2026-09,881e0e6b-a185-45f1-9b56-81606e91e7ff,training_style_hvg,0.938806805419922,Full configuration retrained alongside the ablation arms.
leave_one_out,Full_(retrained),1,1,1,ablation_arms_2026-09,8ef06ea4-8d0f-4303-a652-7d4604402b1f,gene_mean_pearson,0.951455428657306,Full configuration retrained alongside the ablation arms.
leave_one_out,Full_(retrained),1,1,1,ablation_arms_2026-09,8ef06ea4-8d0f-4303-a652-7d4604402b1f,training_style_hvg,0.8885292785644531,Full configuration retrained alongside the ablation arms.
leave_one_out,Full_(retrained),1,1,1,ablation_arms_2026-09,8f3e7fcf-0b16-4a29-a5f1-a7a8b267d689,gene_mean_pearson,0.9774671242507148,Full configuration retrained alongside the ablation arms.
leave_one_out,Full_(retrained),1,1,1,ablation_arms_2026-09,8f3e7fcf-0b16-4a29-a5f1-a7a8b267d689,training_style_hvg,0.9568006958007812,Full configuration retrained alongside the ablation arms.
leave_one_out,Full_(retrained),1,1,1,ablation_arms_2026-09,8ff0cef9-393e-43de-9722-a1e12c239727,gene_mean_pearson,0.90840632516047,Full configuration retrained alongside the ablation arms.
leave_one_out,Full_(retrained),1,1,1,ablation_arms_2026-09,8ff0cef9-393e-43de-9722-a1e12c239727,training_style_hvg,0.8104034620715725,Full configuration retrained alongside the ablation arms.
leave_one_out,Full_(retrained),1,1,1,ablation_arms_2026-09,95d3b0fb-b8a7-4bec-a2e8-cded3222ff07,gene_mean_pearson,0.9345813054943948,Full configuration retrained alongside the ablation arms.
leave_one_out,Full_(retrained),1,1,1,ablation_arms_2026-09,95d3b0fb-b8a7-4bec-a2e8-cded3222ff07,training_style_hvg,0.911115981095674,Full configuration retrained alongside the ablation arms.
leave_one_out,Full_(retrained),1,1,1,ablation_arms_2026-09,963a08cb-d995-4862-9614-f9d38a7d7540,gene_mean_pearson,0.8227346798526028,Full configuration retrained alongside the ablation arms.
leave_one_out,Full_(retrained),1,1,1,ablation_arms_2026-09,963a08cb-d995-4862-9614-f9d38a7d7540,training_style_hvg,0.8885341918945312,Full configuration retrained alongside the ablation arms.
leave_one_out,Full_(retrained),1,1,1,ablation_arms_2026-09,978a566a-dc27-478d-b306-26daba116c1f,gene_mean_pearson,0.7737204229495143,Full configuration retrained alongside the ablation arms.
leave_one_out,Full_(retrained),1,1,1,ablation_arms_2026-09,978a566a-dc27-478d-b306-26daba116c1f,training_style_hvg,0.9069969299316406,Full configuration retrained alongside the ablation arms.
leave_one_out,Full_(retrained),1,1,1,ablation_arms_2026-09,98219f72-0f9a-4de9-a859-c81834f24ab1,gene_mean_pearson,0.5995043411245438,Full configuration retrained alongside the ablation arms.
leave_one_out,Full_(retrained),1,1,1,ablation_arms_2026-09,98219f72-0f9a-4de9-a859-c81834f24ab1,training_style_hvg,0.4250812622070312,Full configuration retrained alongside the ablation arms.
leave_one_out,Full_(retrained),1,1,1,ablation_arms_2026-09,9f1a899f-05a0-44c5-8aa9-39df61ae4324,gene_mean_pearson,0.8754351763431626,Full configuration retrained alongside the ablation arms.
leave_one_out,Full_(retrained),1,1,1,ablation_arms_2026-09,9f1a899f-05a0-44c5-8aa9-39df61ae4324,training_style_hvg,0.9078486938476562,Full configuration retrained alongside the ablation arms.
leave_one_out,Full_(retrained),1,1,1,ablation_arms_2026-09,a24ce10f-5a87-4e1f-a34a-f4fe5fc84052,gene_mean_pearson,0.9337914839515722,Full configuration retrained alongside the ablation arms.
leave_one_out,Full_(retrained),1,1,1,ablation_arms_2026-09,a24ce10f-5a87-4e1f-a34a-f4fe5fc84052,training_style_hvg,0.9171125283077852,Full configuration retrained alongside the ablation arms.
leave_one_out,Full_(retrained),1,1,1,ablation_arms_2026-09,a2c833f7-b7f1-4f4d-ad31-cae478b601b7,gene_mean_pearson,0.9396391897166896,Full configuration retrained alongside the ablation arms.
leave_one_out,Full_(retrained),1,1,1,ablation_arms_2026-09,a2c833f7-b7f1-4f4d-ad31-cae478b601b7,training_style_hvg,0.9223257873535156,Full configuration retrained alongside the ablation arms.
leave_one_out,Full_(retrained),1,1,1,ablation_arms_2026-09,aa32098f-f7b0-43f2-a00a-601d190aae94,gene_mean_pearson,0.976784924328638,Full configuration retrained alongside the ablation arms.
leave_one_out,Full_(retrained),1,1,1,ablation_arms_2026-09,aa32098f-f7b0-43f2-a00a-601d190aae94,training_style_hvg,0.9652591430664064,Full configuration retrained alongside the ablation arms.
leave_one_out,Full_(retrained),1,1,1,ablation_arms_2026-09,aa369999-a034-4ad9-b459-8a93c86ea77b,gene_mean_pearson,0.9265446461201992,Full configuration retrained alongside the ablation arms.
leave_one_out,Full_(retrained),1,1,1,ablation_arms_2026-09,aa369999-a034-4ad9-b459-8a93c86ea77b,training_style_hvg,0.89127509765625,Full configuration retrained alongside the ablation arms.
leave_one_out,Full_(retrained),1,1,1,ablation_arms_2026-09,acd544d0-4d8b-46c7-98b3-fc48f7e6fdb7,gene_mean_pearson,0.7665683039070641,Full configuration retrained alongside the ablation arms.
leave_one_out,Full_(retrained),1,1,1,ablation_arms_2026-09,acd544d0-4d8b-46c7-98b3-fc48f7e6fdb7,training_style_hvg,0.6965985128389605,Full configuration retrained alongside the ablation arms.
leave_one_out,Full_(retrained),1,1,1,ablation_arms_2026-09,aecc2743-4ff2-4b55-ac8c-a1ff76fc4bb4,gene_mean_pearson,0.9574097074745548,Full configuration retrained alongside the ablation arms.
leave_one_out,Full_(retrained),1,1,1,ablation_arms_2026-09,aecc2743-4ff2-4b55-ac8c-a1ff76fc4bb4,training_style_hvg,0.9587270202636718,Full configuration retrained alongside the ablation arms.
leave_one_out,Full_(retrained),1,1,1,ablation_arms_2026-09,afae4675-434d-4e89-b5ce-2854c9dc38a3,gene_mean_pearson,0.7909541500997141,Full configuration retrained alongside the ablation arms.
leave_one_out,Full_(retrained),1,1,1,ablation_arms_2026-09,afae4675-434d-4e89-b5ce-2854c9dc38a3,training_style_hvg,0.735785107421875,Full configuration retrained alongside the ablation arms.
leave_one_out,Full_(retrained),1,1,1,ablation_arms_2026-09,b617ee1b-f8c8-4de9-b82b-e803ab93550d,gene_mean_pearson,0.9509922149473882,Full configuration retrained alongside the ablation arms.
leave_one_out,Full_(retrained),1,1,1,ablation_arms_2026-09,b617ee1b-f8c8-4de9-b82b-e803ab93550d,training_style_hvg,0.8938322570800781,Full configuration retrained alongside the ablation arms.
leave_one_out,Full_(retrained),1,1,1,ablation_arms_2026-09,c838aec3-03ef-4398-b882-0e3912abfff0,gene_mean_pearson,0.97446478381983,Full configuration retrained alongside the ablation arms.
leave_one_out,Full_(retrained),1,1,1,ablation_arms_2026-09,c838aec3-03ef-4398-b882-0e3912abfff0,training_style_hvg,0.9455426391601562,Full configuration retrained alongside the ablation arms.
leave_one_out,Full_(retrained),1,1,1,ablation_arms_2026-09,cee9b331-3ba0-4461-8bbd-867819d9fc0a,gene_mean_pearson,0.8798558595093664,Full configuration retrained alongside the ablation arms.
leave_one_out,Full_(retrained),1,1,1,ablation_arms_2026-09,cee9b331-3ba0-4461-8bbd-867819d9fc0a,training_style_hvg,0.905489982358871,Full configuration retrained alongside the ablation arms.
leave_one_out,Full_(retrained),1,1,1,ablation_arms_2026-09,d567b692-c374-4628-a508-8008f6778f22,gene_mean_pearson,0.8890641027063771,Full configuration retrained alongside the ablation arms.
leave_one_out,Full_(retrained),1,1,1,ablation_arms_2026-09,d567b692-c374-4628-a508-8008f6778f22,training_style_hvg,0.8930056335449219,Full configuration retrained alongside the ablation arms.
leave_one_out,Full_(retrained),1,1,1,ablation_arms_2026-09,d68a8b48-abf0-4bd5-8834-155d34ec448a,gene_mean_pearson,0.8552747084547188,Full configuration retrained alongside the ablation arms.
leave_one_out,Full_(retrained),1,1,1,ablation_arms_2026-09,d68a8b48-abf0-4bd5-8834-155d34ec448a,training_style_hvg,0.8687136291503906,Full configuration retrained alongside the ablation arms.
leave_one_out,Full_(retrained),1,1,1,ablation_arms_2026-09,d7cff847-6403-44a6-ad8a-2f5a783639dd,gene_mean_pearson,0.9237317957346808,Full configuration retrained alongside the ablation arms.
leave_one_out,Full_(retrained),1,1,1,ablation_arms_2026-09,d7cff847-6403-44a6-ad8a-2f5a783639dd,training_style_hvg,0.9395655639648436,Full configuration retrained alongside the ablation arms.
leave_one_out,Full_(retrained),1,1,1,ablation_arms_2026-09,de5416ef-bbfa-41f3-99d4-01a3554173f5,gene_mean_pearson,0.962713054819018,Full configuration retrained alongside the ablation arms.
leave_one_out,Full_(retrained),1,1,1,ablation_arms_2026-09,de5416ef-bbfa-41f3-99d4-01a3554173f5,training_style_hvg,0.8779511901855469,Full configuration retrained alongside the ablation arms.
leave_one_out,Full_(retrained),1,1,1,ablation_arms_2026-09,e3ed2ba4-edf5-40ac-8750-8a417ad1eefe,gene_mean_pearson,0.9145886485413454,Full configuration retrained alongside the ablation arms.
leave_one_out,Full_(retrained),1,1,1,ablation_arms_2026-09,e3ed2ba4-edf5-40ac-8750-8a417ad1eefe,training_style_hvg,0.8602074951171875,Full configuration retrained alongside the ablation arms.
leave_one_out,Full_(retrained),1,1,1,ablation_arms_2026-09,e51bae9a-c747-4b64-904a-4da7cda218ab,gene_mean_pearson,0.9255926469470686,Full configuration retrained alongside the ablation arms.
leave_one_out,Full_(retrained),1,1,1,ablation_arms_2026-09,e51bae9a-c747-4b64-904a-4da7cda218ab,training_style_hvg,0.5715220397949219,Full configuration retrained alongside the ablation arms.
leave_one_out,Full_(retrained),1,1,1,ablation_arms_2026-09,e522d2cd-7927-4e59-a4ed-064009569279,gene_mean_pearson,0.9765540083913749,Full configuration retrained alongside the ablation arms.
leave_one_out,Full_(retrained),1,1,1,ablation_arms_2026-09,e522d2cd-7927-4e59-a4ed-064009569279,training_style_hvg,0.96271279296875,Full configuration retrained alongside the ablation arms.
leave_one_out,Full_(retrained),1,1,1,ablation_arms_2026-09,e7bd68ab-df49-44df-9b1e-8486114aeeb5,gene_mean_pearson,0.942880765956475,Full configuration retrained alongside the ablation arms.
leave_one_out,Full_(retrained),1,1,1,ablation_arms_2026-09,e7bd68ab-df49-44df-9b1e-8486114aeeb5,training_style_hvg,0.8922232116699219,Full configuration retrained alongside the ablation arms.
leave_one_out,Full_(retrained),1,1,1,ablation_arms_2026-09,edbfa04a-f1dd-496a-8237-df11d70621ca,gene_mean_pearson,0.9459310639212768,Full configuration retrained alongside the ablation arms.
leave_one_out,Full_(retrained),1,1,1,ablation_arms_2026-09,edbfa04a-f1dd-496a-8237-df11d70621ca,training_style_hvg,0.9399210693359376,Full configuration retrained alongside the ablation arms.
leave_one_out,Full_(retrained),1,1,1,ablation_arms_2026-09,f14bc322-1322-4184-8d16-409557525ea5,gene_mean_pearson,0.975887582301394,Full configuration retrained alongside the ablation arms.
leave_one_out,Full_(retrained),1,1,1,ablation_arms_2026-09,f14bc322-1322-4184-8d16-409557525ea5,training_style_hvg,0.90380888671875,Full configuration retrained alongside the ablation arms.
leave_one_out,Full_(retrained),1,1,1,ablation_arms_2026-09,f3c49918-4707-4d92-bb6d-2b5b4eb9d1b4,gene_mean_pearson,0.929515941749244,Full configuration retrained alongside the ablation arms.
leave_one_out,Full_(retrained),1,1,1,ablation_arms_2026-09,f3c49918-4707-4d92-bb6d-2b5b4eb9d1b4,training_style_hvg,0.8872589736680092,Full configuration retrained alongside the ablation arms.
leave_one_out,Full_(retrained),1,1,1,ablation_arms_2026-09,f641d68a-e877-4bb8-afd7-b8fa3921d461,gene_mean_pearson,0.761260825587253,Full configuration retrained alongside the ablation arms.
leave_one_out,Full_(retrained),1,1,1,ablation_arms_2026-09,f641d68a-e877-4bb8-afd7-b8fa3921d461,training_style_hvg,0.73410947265625,Full configuration retrained alongside the ablation arms.
leave_one_out,Full_(retrained),1,1,1,ablation_arms_2026-09,f6cc8a47-2dea-40aa-8608-d771c5ef8a07,gene_mean_pearson,0.910874862143492,Full configuration retrained alongside the ablation arms.
leave_one_out,Full_(retrained),1,1,1,ablation_arms_2026-09,f6cc8a47-2dea-40aa-8608-d771c5ef8a07,training_style_hvg,0.8126541393649194,Full configuration retrained alongside the ablation arms.
leave_one_out,Full_(retrained),1,1,1,ablation_arms_2026-09,fe7aae33-6f7c-41a5-8d29-9996a9ddf1ab,gene_mean_pearson,0.8904132922108128,Full configuration retrained alongside the ablation arms.
leave_one_out,Full_(retrained),1,1,1,ablation_arms_2026-09,fe7aae33-6f7c-41a5-8d29-9996a9ddf1ab,training_style_hvg,0.946994561767578,Full configuration retrained alongside the ablation arms.
leave_one_out,Full_(retrained),1,1,1,ablation_arms_2026-09,01b84709-139c-4485-98a9-6e14c58fbbf6,pcr,0.2794875854798491,Full configuration retrained alongside the ablation arms.
leave_one_out,Full_(retrained),1,1,1,ablation_arms_2026-09,07dd8c34-4625-480a-8ee4-273a06c3082b,pcr,0.5586362338227595,Full configuration retrained alongside the ablation arms.
leave_one_out,Full_(retrained),1,1,1,ablation_arms_2026-09,09b518f9-da64-44cc-aec8-70a89d55611f,pcr,0.4329748921721414,Full configuration retrained alongside the ablation arms.
leave_one_out,Full_(retrained),1,1,1,ablation_arms_2026-09,0a8e3443-c3e2-4918-84db-0495657d9175,pcr,0.2418825800404743,Full configuration retrained alongside the ablation arms.
leave_one_out,Full_(retrained),1,1,1,ablation_arms_2026-09,0bf30b02-db97-4560-b9cd-0fe3588892af,pcr,0.4369271491456198,Full configuration retrained alongside the ablation arms.
leave_one_out,Full_(retrained),1,1,1,ablation_arms_2026-09,0c0c49a2-b96b-432f-98a4-1decf9929149,pcr,0.3301032186048299,Full configuration retrained alongside the ablation arms.
leave_one_out,Full_(retrained),1,1,1,ablation_arms_2026-09,16023185-de21-4c0d-a9c8-73abdd52d142,pcr,0.3103905623626523,Full configuration retrained alongside the ablation arms.
leave_one_out,Full_(retrained),1,1,1,ablation_arms_2026-09,19053a82-9c89-4fb8-bd19-d7b1800b0b7b,pcr,0.3871828626358121,Full configuration retrained alongside the ablation arms.
leave_one_out,Full_(retrained),1,1,1,ablation_arms_2026-09,19f1bec6-eeb7-4133-accc-992d745fef89,pcr,0.4839215723810697,Full configuration retrained alongside the ablation arms.
leave_one_out,Full_(retrained),1,1,1,ablation_arms_2026-09,1a9f3b38-b86d-416d-bbdc-9058ad3ff42d,pcr,0.4925511563567311,Full configuration retrained alongside the ablation arms.
leave_one_out,Full_(retrained),1,1,1,ablation_arms_2026-09,1ab4ebbc-18d6-4838-89c2-cdc5b10accfb,pcr,0.4306957226939411,Full configuration retrained alongside the ablation arms.
leave_one_out,Full_(retrained),1,1,1,ablation_arms_2026-09,1b350d0a-4535-4879-beb6-1142f3f94947,pcr,0.3657650431126839,Full configuration retrained alongside the ablation arms.
leave_one_out,Full_(retrained),1,1,1,ablation_arms_2026-09,203025fe-fa99-4d57-81da-458ed8f0c334,pcr,0.4178089549444179,Full configuration retrained alongside the ablation arms.
leave_one_out,Full_(retrained),1,1,1,ablation_arms_2026-09,30c2a6fd-d547-460f-a5e7-44c62a2af7ad,pcr,0.5226416523580774,Full configuration retrained alongside the ablation arms.
leave_one_out,Full_(retrained),1,1,1,ablation_arms_2026-09,322c816f-608a-4da1-99c4-36ca4ad45146,pcr,0.4294542258425387,Full configuration retrained alongside the ablation arms.
leave_one_out,Full_(retrained),1,1,1,ablation_arms_2026-09,3a702020-cf66-4ef5-9d11-4a5e835b7efb,pcr,0.4680867446210405,Full configuration retrained alongside the ablation arms.
leave_one_out,Full_(retrained),1,1,1,ablation_arms_2026-09,3c364ffe-d599-44d5-a77f-6c5fd7038cf6,pcr,0.3729659165785036,Full configuration retrained alongside the ablation arms.
leave_one_out,Full_(retrained),1,1,1,ablation_arms_2026-09,3cb646ab-d411-4e5b-89eb-082a786c953b,pcr,0.2773851961064378,Full configuration retrained alongside the ablation arms.
leave_one_out,Full_(retrained),1,1,1,ablation_arms_2026-09,3e55180c-780a-4424-9434-5296640ffc0d,pcr,0.2924311493046207,Full configuration retrained alongside the ablation arms.
leave_one_out,Full_(retrained),1,1,1,ablation_arms_2026-09,420d0f5d-b7ba-4b1e-88d0-44e9f733febd,pcr,0.3408709341308816,Full configuration retrained alongside the ablation arms.
leave_one_out,Full_(retrained),1,1,1,ablation_arms_2026-09,43a1506b-aa9e-46a3-b288-d210f4595ddf,pcr,0.2747137842965244,Full configuration retrained alongside the ablation arms.
leave_one_out,Full_(retrained),1,1,1,ablation_arms_2026-09,43aa19d2-c723-4822-979d-d2f0239835e0,pcr,0.5201705661529543,Full configuration retrained alongside the ablation arms.
leave_one_out,Full_(retrained),1,1,1,ablation_arms_2026-09,46104f0b-9af5-466a-ae0f-56b8dc1969a2,pcr,0.28780963956654,Full configuration retrained alongside the ablation arms.
leave_one_out,Full_(retrained),1,1,1,ablation_arms_2026-09,47e00f43-6176-44a5-b4d1-f88a1920fcab,pcr,0.2716241594340159,Full configuration retrained alongside the ablation arms.
leave_one_out,Full_(retrained),1,1,1,ablation_arms_2026-09,53ce2631-3646-4172-bbd9-38b0a44d8214,pcr,0.3457741659920569,Full configuration retrained alongside the ablation arms.
leave_one_out,Full_(retrained),1,1,1,ablation_arms_2026-09,56a4bc14-9407-45fd-8786-f7f6fc87c9dd,pcr,0.4751155499399163,Full configuration retrained alongside the ablation arms.
leave_one_out,Full_(retrained),1,1,1,ablation_arms_2026-09,589fe605-6d49-4abe-bff8-1675511c689a,pcr,0.2140796910689861,Full configuration retrained alongside the ablation arms.
leave_one_out,Full_(retrained),1,1,1,ablation_arms_2026-09,58f43044-cd3c-42b8-bc0b-3498eb236359,pcr,0.3032007814058878,Full configuration retrained alongside the ablation arms.
leave_one_out,Full_(retrained),1,1,1,ablation_arms_2026-09,5a9cfb44-494a-4540-8db8-7143b1bb5a6f,pcr,0.5289428712269497,Full configuration retrained alongside the ablation arms.
leave_one_out,Full_(retrained),1,1,1,ablation_arms_2026-09,5c97eeeb-7e52-44b3-b010-b832b1f5424c,pcr,0.2261117661774725,Full configuration retrained alongside the ablation arms.
leave_one_out,Full_(retrained),1,1,1,ablation_arms_2026-09,5e57cd50-8e42-42d6-940d-5c1660d06864,pcr,0.2069818930121418,Full configuration retrained alongside the ablation arms.
leave_one_out,Full_(retrained),1,1,1,ablation_arms_2026-09,5ed90bc0-12f3-4354-b314-0ce0dbb96458,pcr,0.2701616907002514,Full configuration retrained alongside the ablation arms.
leave_one_out,Full_(retrained),1,1,1,ablation_arms_2026-09,5fde5c9c-5b1e-4df5-982a-3f8e7635161f,pcr,0.3684299503232277,Full configuration retrained alongside the ablation arms.
leave_one_out,Full_(retrained),1,1,1,ablation_arms_2026-09,60a29d0b-1a37-4447-ac32-00d701580b47,pcr,0.2293647430865616,Full configuration retrained alongside the ablation arms.
leave_one_out,Full_(retrained),1,1,1,ablation_arms_2026-09,61af564d-e5ea-4d34-a0f3-2668a00db376,pcr,0.450141285372849,Full configuration retrained alongside the ablation arms.
leave_one_out,Full_(retrained),1,1,1,ablation_arms_2026-09,61d327d1-2227-4c5f-9367-e3559dc79b07,pcr,0.3778607609602027,Full configuration retrained alongside the ablation arms.
leave_one_out,Full_(retrained),1,1,1,ablation_arms_2026-09,64267fb5-7b70-4705-a13b-cc38966c22a8,pcr,0.5465323256543206,Full configuration retrained alongside the ablation arms.
leave_one_out,Full_(retrained),1,1,1,ablation_arms_2026-09,67b6b9ac-b841-42ce-b2d4-ed2ec12327bd,pcr,0.3418119838594179,Full configuration retrained alongside the ablation arms.
leave_one_out,Full_(retrained),1,1,1,ablation_arms_2026-09,75011e96-ba37-4977-a539-fbf9f66a5e37,pcr,0.4576743058102767,Full configuration retrained alongside the ablation arms.
leave_one_out,Full_(retrained),1,1,1,ablation_arms_2026-09,781cc817-3fd0-487c-a55a-b47b2786a05d,pcr,0.1874721125059895,Full configuration retrained alongside the ablation arms.
leave_one_out,Full_(retrained),1,1,1,ablation_arms_2026-09,8058d760-09e6-4bdd-86a1-36917ffca3ef,pcr,0.4588317510550328,Full configuration retrained alongside the ablation arms.
leave_one_out,Full_(retrained),1,1,1,ablation_arms_2026-09,829a3cd1-a466-49f1-b2e9-d3f6b7f392e2,pcr,0.2803676460361468,Full configuration retrained alongside the ablation arms.
leave_one_out,Full_(retrained),1,1,1,ablation_arms_2026-09,84cfa5aa-a0d1-415e-ac47-eb66c9cf8170,pcr,0.324101127033276,Full configuration retrained alongside the ablation arms.
leave_one_out,Full_(retrained),1,1,1,ablation_arms_2026-09,8560f809-5794-484e-9152-b63efa91d134,pcr,0.3663570397225785,Full configuration retrained alongside the ablation arms.
leave_one_out,Full_(retrained),1,1,1,ablation_arms_2026-09,867757c1-3b1a-49d9-a0cd-17767eb160cc,pcr,0.4132738217442922,Full configuration retrained alongside the ablation arms.
leave_one_out,Full_(retrained),1,1,1,ablation_arms_2026-09,881e0e6b-a185-45f1-9b56-81606e91e7ff,pcr,0.2405898151652043,Full configuration retrained alongside the ablation arms.
leave_one_out,Full_(retrained),1,1,1,ablation_arms_2026-09,8ef06ea4-8d0f-4303-a652-7d4604402b1f,pcr,0.3710150619799955,Full configuration retrained alongside the ablation arms.
leave_one_out,Full_(retrained),1,1,1,ablation_arms_2026-09,8f3e7fcf-0b16-4a29-a5f1-a7a8b267d689,pcr,0.3957387238087627,Full configuration retrained alongside the ablation arms.
leave_one_out,Full_(retrained),1,1,1,ablation_arms_2026-09,95d3b0fb-b8a7-4bec-a2e8-cded3222ff07,pcr,0.3311599417192854,Full configuration retrained alongside the ablation arms.
leave_one_out,Full_(retrained),1,1,1,ablation_arms_2026-09,963a08cb-d995-4862-9614-f9d38a7d7540,pcr,0.4240431254907612,Full configuration retrained alongside the ablation arms.
leave_one_out,Full_(retrained),1,1,1,ablation_arms_2026-09,978a566a-dc27-478d-b306-26daba116c1f,pcr,0.4179587237971584,Full configuration retrained alongside the ablation arms.
leave_one_out,Full_(retrained),1,1,1,ablation_arms_2026-09,98219f72-0f9a-4de9-a859-c81834f24ab1,pcr,0.8016679019877181,Full configuration retrained alongside the ablation arms.
leave_one_out,Full_(retrained),1,1,1,ablation_arms_2026-09,9f1a899f-05a0-44c5-8aa9-39df61ae4324,pcr,0.3517180041408588,Full configuration retrained alongside the ablation arms.
leave_one_out,Full_(retrained),1,1,1,ablation_arms_2026-09,a24ce10f-5a87-4e1f-a34a-f4fe5fc84052,pcr,0.3713082371642351,Full configuration retrained alongside the ablation arms.
leave_one_out,Full_(retrained),1,1,1,ablation_arms_2026-09,a2c833f7-b7f1-4f4d-ad31-cae478b601b7,pcr,0.4064977425855743,Full configuration retrained alongside the ablation arms.
leave_one_out,Full_(retrained),1,1,1,ablation_arms_2026-09,aa32098f-f7b0-43f2-a00a-601d190aae94,pcr,0.2194281690868101,Full configuration retrained alongside the ablation arms.
leave_one_out,Full_(retrained),1,1,1,ablation_arms_2026-09,aa369999-a034-4ad9-b459-8a93c86ea77b,pcr,0.4493560293683408,Full configuration retrained alongside the ablation arms.
leave_one_out,Full_(retrained),1,1,1,ablation_arms_2026-09,acd544d0-4d8b-46c7-98b3-fc48f7e6fdb7,pcr,0.4571958096738925,Full configuration retrained alongside the ablation arms.
leave_one_out,Full_(retrained),1,1,1,ablation_arms_2026-09,aecc2743-4ff2-4b55-ac8c-a1ff76fc4bb4,pcr,0.4408352481213269,Full configuration retrained alongside the ablation arms.
leave_one_out,Full_(retrained),1,1,1,ablation_arms_2026-09,afae4675-434d-4e89-b5ce-2854c9dc38a3,pcr,0.435610283121948,Full configuration retrained alongside the ablation arms.
leave_one_out,Full_(retrained),1,1,1,ablation_arms_2026-09,b617ee1b-f8c8-4de9-b82b-e803ab93550d,pcr,0.4326412681800621,Full configuration retrained alongside the ablation arms.
leave_one_out,Full_(retrained),1,1,1,ablation_arms_2026-09,c838aec3-03ef-4398-b882-0e3912abfff0,pcr,0.2180841069334476,Full configuration retrained alongside the ablation arms.
leave_one_out,Full_(retrained),1,1,1,ablation_arms_2026-09,d567b692-c374-4628-a508-8008f6778f22,pcr,0.4202042317804107,Full configuration retrained alongside the ablation arms.
leave_one_out,Full_(retrained),1,1,1,ablation_arms_2026-09,d68a8b48-abf0-4bd5-8834-155d34ec448a,pcr,0.3656108339904136,Full configuration retrained alongside the ablation arms.
leave_one_out,Full_(retrained),1,1,1,ablation_arms_2026-09,d7cff847-6403-44a6-ad8a-2f5a783639dd,pcr,0.27872560005217,Full configuration retrained alongside the ablation arms.
leave_one_out,Full_(retrained),1,1,1,ablation_arms_2026-09,de5416ef-bbfa-41f3-99d4-01a3554173f5,pcr,0.5474677099867071,Full configuration retrained alongside the ablation arms.
leave_one_out,Full_(retrained),1,1,1,ablation_arms_2026-09,e3ed2ba4-edf5-40ac-8750-8a417ad1eefe,pcr,0.4002589574681204,Full configuration retrained alongside the ablation arms.
leave_one_out,Full_(retrained),1,1,1,ablation_arms_2026-09,e51bae9a-c747-4b64-904a-4da7cda218ab,pcr,0.1886486101991364,Full configuration retrained alongside the ablation arms.
leave_one_out,Full_(retrained),1,1,1,ablation_arms_2026-09,e522d2cd-7927-4e59-a4ed-064009569279,pcr,0.4109961351748369,Full configuration retrained alongside the ablation arms.
leave_one_out,Full_(retrained),1,1,1,ablation_arms_2026-09,e7bd68ab-df49-44df-9b1e-8486114aeeb5,pcr,0.3894893889856563,Full configuration retrained alongside the ablation arms.
leave_one_out,Full_(retrained),1,1,1,ablation_arms_2026-09,edbfa04a-f1dd-496a-8237-df11d70621ca,pcr,0.3396270033369467,Full configuration retrained alongside the ablation arms.
leave_one_out,Full_(retrained),1,1,1,ablation_arms_2026-09,f14bc322-1322-4184-8d16-409557525ea5,pcr,0.3326041208990188,Full configuration retrained alongside the ablation arms.
leave_one_out,Full_(retrained),1,1,1,ablation_arms_2026-09,f3c49918-4707-4d92-bb6d-2b5b4eb9d1b4,pcr,0.3442833157251685,Full configuration retrained alongside the ablation arms.
leave_one_out,Full_(retrained),1,1,1,ablation_arms_2026-09,f641d68a-e877-4bb8-afd7-b8fa3921d461,pcr,0.3253177236665022,Full configuration retrained alongside the ablation arms.
leave_one_out,Full_(retrained),1,1,1,ablation_arms_2026-09,fe7aae33-6f7c-41a5-8d29-9996a9ddf1ab,pcr,0.3903388619222914,Full configuration retrained alongside the ablation arms.
leave_one_out,Full_(retrained),1,1,1,ablation_arms_2026-09,01b84709-139c-4485-98a9-6e14c58fbbf6,mse,2.201277256011963,Full configuration retrained alongside the ablation arms.
leave_one_out,Full_(retrained),1,1,1,ablation_arms_2026-09,07dd8c34-4625-480a-8ee4-273a06c3082b,mse,1.455550193786621,Full configuration retrained alongside the ablation arms.
leave_one_out,Full_(retrained),1,1,1,ablation_arms_2026-09,09b518f9-da64-44cc-aec8-70a89d55611f,mse,2.891491174697876,Full configuration retrained alongside the ablation arms.
leave_one_out,Full_(retrained),1,1,1,ablation_arms_2026-09,0a8e3443-c3e2-4918-84db-0495657d9175,mse,2.294447183609009,Full configuration retrained alongside the ablation arms.
leave_one_out,Full_(retrained),1,1,1,ablation_arms_2026-09,0ae6f031-2f9c-4247-8b26-db320d6efd32,mse,2.6577582359313965,Full configuration retrained alongside the ablation arms.
leave_one_out,Full_(retrained),1,1,1,ablation_arms_2026-09,0bf30b02-db97-4560-b9cd-0fe3588892af,mse,2.330199956893921,Full configuration retrained alongside the ablation arms.
leave_one_out,Full_(retrained),1,1,1,ablation_arms_2026-09,0c0c49a2-b96b-432f-98a4-1decf9929149,mse,2.285632610321045,Full configuration retrained alongside the ablation arms.
leave_one_out,Full_(retrained),1,1,1,ablation_arms_2026-09,145dcf6a-2461-4fa3-a0af-7fc56db0bd33,mse,1.3464480638504028,Full configuration retrained alongside the ablation arms.
leave_one_out,Full_(retrained),1,1,1,ablation_arms_2026-09,16023185-de21-4c0d-a9c8-73abdd52d142,mse,1.9971829652786253,Full configuration retrained alongside the ablation arms.
leave_one_out,Full_(retrained),1,1,1,ablation_arms_2026-09,19053a82-9c89-4fb8-bd19-d7b1800b0b7b,mse,2.083181381225586,Full configuration retrained alongside the ablation arms.
leave_one_out,Full_(retrained),1,1,1,ablation_arms_2026-09,19f1bec6-eeb7-4133-accc-992d745fef89,mse,2.4827589988708496,Full configuration retrained alongside the ablation arms.
leave_one_out,Full_(retrained),1,1,1,ablation_arms_2026-09,1a9f3b38-b86d-416d-bbdc-9058ad3ff42d,mse,2.8993380069732666,Full configuration retrained alongside the ablation arms.
leave_one_out,Full_(retrained),1,1,1,ablation_arms_2026-09,1ab4ebbc-18d6-4838-89c2-cdc5b10accfb,mse,1.6588428020477295,Full configuration retrained alongside the ablation arms.
leave_one_out,Full_(retrained),1,1,1,ablation_arms_2026-09,1b350d0a-4535-4879-beb6-1142f3f94947,mse,2.053189754486084,Full configuration retrained alongside the ablation arms.
leave_one_out,Full_(retrained),1,1,1,ablation_arms_2026-09,203025fe-fa99-4d57-81da-458ed8f0c334,mse,2.5057260990142822,Full configuration retrained alongside the ablation arms.
leave_one_out,Full_(retrained),1,1,1,ablation_arms_2026-09,21722308-5091-4b63-9c07-4f116ab9a7b3,mse,1.2765909433364868,Full configuration retrained alongside the ablation arms.
leave_one_out,Full_(retrained),1,1,1,ablation_arms_2026-09,27d3952f-fbbc-497d-98d1-f37f3d555235,mse,3.70429277420044,Full configuration retrained alongside the ablation arms.
leave_one_out,Full_(retrained),1,1,1,ablation_arms_2026-09,30c2a6fd-d547-460f-a5e7-44c62a2af7ad,mse,3.3331844806671143,Full configuration retrained alongside the ablation arms.
leave_one_out,Full_(retrained),1,1,1,ablation_arms_2026-09,322c816f-608a-4da1-99c4-36ca4ad45146,mse,2.202139139175415,Full configuration retrained alongside the ablation arms.
leave_one_out,Full_(retrained),1,1,1,ablation_arms_2026-09,3a702020-cf66-4ef5-9d11-4a5e835b7efb,mse,2.636345148086548,Full configuration retrained alongside the ablation arms.
leave_one_out,Full_(retrained),1,1,1,ablation_arms_2026-09,3bfd5174-5b49-4e58-b233-ed0f4edd0bec,mse,2.904371738433838,Full configuration retrained alongside the ablation arms.
leave_one_out,Full_(retrained),1,1,1,ablation_arms_2026-09,3c364ffe-d599-44d5-a77f-6c5fd7038cf6,mse,2.281053304672241,Full configuration retrained alongside the ablation arms.
leave_one_out,Full_(retrained),1,1,1,ablation_arms_2026-09,3cb646ab-d411-4e5b-89eb-082a786c953b,mse,2.317352771759033,Full configuration retrained alongside the ablation arms.
leave_one_out,Full_(retrained),1,1,1,ablation_arms_2026-09,3e55180c-780a-4424-9434-5296640ffc0d,mse,1.6143901348114014,Full configuration retrained alongside the ablation arms.
leave_one_out,Full_(retrained),1,1,1,ablation_arms_2026-09,420d0f5d-b7ba-4b1e-88d0-44e9f733febd,mse,2.2928454875946045,Full configuration retrained alongside the ablation arms.
leave_one_out,Full_(retrained),1,1,1,ablation_arms_2026-09,4319097a-acae-4124-beed-d1173ffe1464,mse,2.788762331008911,Full configuration retrained alongside the ablation arms.
leave_one_out,Full_(retrained),1,1,1,ablation_arms_2026-09,432f3af5-6a79-401f-b315-fb2df789f32c,mse,2.5035336017608643,Full configuration retrained alongside the ablation arms.
leave_one_out,Full_(retrained),1,1,1,ablation_arms_2026-09,43a1506b-aa9e-46a3-b288-d210f4595ddf,mse,1.6209183931350708,Full configuration retrained alongside the ablation arms.
leave_one_out,Full_(retrained),1,1,1,ablation_arms_2026-09,43aa19d2-c723-4822-979d-d2f0239835e0,mse,1.0177505016326904,Full configuration retrained alongside the ablation arms.
leave_one_out,Full_(retrained),1,1,1,ablation_arms_2026-09,46104f0b-9af5-466a-ae0f-56b8dc1969a2,mse,2.2943263053894043,Full configuration retrained alongside the ablation arms.
leave_one_out,Full_(retrained),1,1,1,ablation_arms_2026-09,47e00f43-6176-44a5-b4d1-f88a1920fcab,mse,2.294003486633301,Full configuration retrained alongside the ablation arms.
leave_one_out,Full_(retrained),1,1,1,ablation_arms_2026-09,4b83f213-b96b-4c87-a884-9b81faddb194,mse,2.0115861892700195,Full configuration retrained alongside the ablation arms.
leave_one_out,Full_(retrained),1,1,1,ablation_arms_2026-09,527641f0-df64-4c80-957c-a65dccd477bc,mse,1.625674843788147,Full configuration retrained alongside the ablation arms.
leave_one_out,Full_(retrained),1,1,1,ablation_arms_2026-09,53ce2631-3646-4172-bbd9-38b0a44d8214,mse,2.3924479484558105,Full configuration retrained alongside the ablation arms.
leave_one_out,Full_(retrained),1,1,1,ablation_arms_2026-09,56a4bc14-9407-45fd-8786-f7f6fc87c9dd,mse,2.137158155441284,Full configuration retrained alongside the ablation arms.
leave_one_out,Full_(retrained),1,1,1,ablation_arms_2026-09,589fe605-6d49-4abe-bff8-1675511c689a,mse,1.6788815259933472,Full configuration retrained alongside the ablation arms.
leave_one_out,Full_(retrained),1,1,1,ablation_arms_2026-09,58f43044-cd3c-42b8-bc0b-3498eb236359,mse,1.6207491159439087,Full configuration retrained alongside the ablation arms.
leave_one_out,Full_(retrained),1,1,1,ablation_arms_2026-09,5a9cfb44-494a-4540-8db8-7143b1bb5a6f,mse,3.240013599395752,Full configuration retrained alongside the ablation arms.
leave_one_out,Full_(retrained),1,1,1,ablation_arms_2026-09,5c97eeeb-7e52-44b3-b010-b832b1f5424c,mse,1.553749442100525,Full configuration retrained alongside the ablation arms.
leave_one_out,Full_(retrained),1,1,1,ablation_arms_2026-09,5e57cd50-8e42-42d6-940d-5c1660d06864,mse,1.555493950843811,Full configuration retrained alongside the ablation arms.
leave_one_out,Full_(retrained),1,1,1,ablation_arms_2026-09,5ed90bc0-12f3-4354-b314-0ce0dbb96458,mse,1.5834546089172363,Full configuration retrained alongside the ablation arms.
leave_one_out,Full_(retrained),1,1,1,ablation_arms_2026-09,5fde5c9c-5b1e-4df5-982a-3f8e7635161f,mse,2.27038049697876,Full configuration retrained alongside the ablation arms.
leave_one_out,Full_(retrained),1,1,1,ablation_arms_2026-09,60a29d0b-1a37-4447-ac32-00d701580b47,mse,1.911143660545349,Full configuration retrained alongside the ablation arms.
leave_one_out,Full_(retrained),1,1,1,ablation_arms_2026-09,61af564d-e5ea-4d34-a0f3-2668a00db376,mse,2.8863141536712646,Full configuration retrained alongside the ablation arms.
leave_one_out,Full_(retrained),1,1,1,ablation_arms_2026-09,61d327d1-2227-4c5f-9367-e3559dc79b07,mse,2.472361326217652,Full configuration retrained alongside the ablation arms.
leave_one_out,Full_(retrained),1,1,1,ablation_arms_2026-09,64267fb5-7b70-4705-a13b-cc38966c22a8,mse,2.2349300384521484,Full configuration retrained alongside the ablation arms.
leave_one_out,Full_(retrained),1,1,1,ablation_arms_2026-09,67b6b9ac-b841-42ce-b2d4-ed2ec12327bd,mse,2.4925789833068848,Full configuration retrained alongside the ablation arms.
leave_one_out,Full_(retrained),1,1,1,ablation_arms_2026-09,6fc37633-13f5-4bf0-af95-52808143bffd,mse,2.0722849369049072,Full configuration retrained alongside the ablation arms.
leave_one_out,Full_(retrained),1,1,1,ablation_arms_2026-09,75011e96-ba37-4977-a539-fbf9f66a5e37,mse,2.5412986278533936,Full configuration retrained alongside the ablation arms.
leave_one_out,Full_(retrained),1,1,1,ablation_arms_2026-09,781cc817-3fd0-487c-a55a-b47b2786a05d,mse,1.4161393642425537,Full configuration retrained alongside the ablation arms.
leave_one_out,Full_(retrained),1,1,1,ablation_arms_2026-09,79884ae5-e026-4d4a-858f-e807960bd4f7,mse,4.101837158203125,Full configuration retrained alongside the ablation arms.
leave_one_out,Full_(retrained),1,1,1,ablation_arms_2026-09,8058d760-09e6-4bdd-86a1-36917ffca3ef,mse,2.9777274131774902,Full configuration retrained alongside the ablation arms.
leave_one_out,Full_(retrained),1,1,1,ablation_arms_2026-09,829a3cd1-a466-49f1-b2e9-d3f6b7f392e2,mse,1.924055576324463,Full configuration retrained alongside the ablation arms.
leave_one_out,Full_(retrained),1,1,1,ablation_arms_2026-09,84cfa5aa-a0d1-415e-ac47-eb66c9cf8170,mse,1.73540461063385,Full configuration retrained alongside the ablation arms.
leave_one_out,Full_(retrained),1,1,1,ablation_arms_2026-09,8560f809-5794-484e-9152-b63efa91d134,mse,1.8894888162612915,Full configuration retrained alongside the ablation arms.
leave_one_out,Full_(retrained),1,1,1,ablation_arms_2026-09,867757c1-3b1a-49d9-a0cd-17767eb160cc,mse,3.479200601577759,Full configuration retrained alongside the ablation arms.
leave_one_out,Full_(retrained),1,1,1,ablation_arms_2026-09,881e0e6b-a185-45f1-9b56-81606e91e7ff,mse,1.6848618984222412,Full configuration retrained alongside the ablation arms.
leave_one_out,Full_(retrained),1,1,1,ablation_arms_2026-09,8ef06ea4-8d0f-4303-a652-7d4604402b1f,mse,1.8566551208496087,Full configuration retrained alongside the ablation arms.
leave_one_out,Full_(retrained),1,1,1,ablation_arms_2026-09,8f3e7fcf-0b16-4a29-a5f1-a7a8b267d689,mse,1.4441311359405518,Full configuration retrained alongside the ablation arms.
leave_one_out,Full_(retrained),1,1,1,ablation_arms_2026-09,8ff0cef9-393e-43de-9722-a1e12c239727,mse,3.334534406661988,Full configuration retrained alongside the ablation arms.
leave_one_out,Full_(retrained),1,1,1,ablation_arms_2026-09,95d3b0fb-b8a7-4bec-a2e8-cded3222ff07,mse,1.6055456399917605,Full configuration retrained alongside the ablation arms.
leave_one_out,Full_(retrained),1,1,1,ablation_arms_2026-09,963a08cb-d995-4862-9614-f9d38a7d7540,mse,2.08161997795105,Full configuration retrained alongside the ablation arms.
leave_one_out,Full_(retrained),1,1,1,ablation_arms_2026-09,978a566a-dc27-478d-b306-26daba116c1f,mse,2.9008219242095947,Full configuration retrained alongside the ablation arms.
leave_one_out,Full_(retrained),1,1,1,ablation_arms_2026-09,98219f72-0f9a-4de9-a859-c81834f24ab1,mse,4.95023775100708,Full configuration retrained alongside the ablation arms.
leave_one_out,Full_(retrained),1,1,1,ablation_arms_2026-09,9f1a899f-05a0-44c5-8aa9-39df61ae4324,mse,2.417151927947998,Full configuration retrained alongside the ablation arms.
leave_one_out,Full_(retrained),1,1,1,ablation_arms_2026-09,a24ce10f-5a87-4e1f-a34a-f4fe5fc84052,mse,1.500716209411621,Full configuration retrained alongside the ablation arms.
leave_one_out,Full_(retrained),1,1,1,ablation_arms_2026-09,a2c833f7-b7f1-4f4d-ad31-cae478b601b7,mse,2.3925817012786865,Full configuration retrained alongside the ablation arms.
leave_one_out,Full_(retrained),1,1,1,ablation_arms_2026-09,aa32098f-f7b0-43f2-a00a-601d190aae94,mse,2.277628898620605,Full configuration retrained alongside the ablation arms.
leave_one_out,Full_(retrained),1,1,1,ablation_arms_2026-09,aa369999-a034-4ad9-b459-8a93c86ea77b,mse,1.955559015274048,Full configuration retrained alongside the ablation arms.
leave_one_out,Full_(retrained),1,1,1,ablation_arms_2026-09,acd544d0-4d8b-46c7-98b3-fc48f7e6fdb7,mse,3.1843855381011963,Full configuration retrained alongside the ablation arms.
leave_one_out,Full_(retrained),1,1,1,ablation_arms_2026-09,aecc2743-4ff2-4b55-ac8c-a1ff76fc4bb4,mse,2.6940510272979736,Full configuration retrained alongside the ablation arms.
leave_one_out,Full_(retrained),1,1,1,ablation_arms_2026-09,afae4675-434d-4e89-b5ce-2854c9dc38a3,mse,2.1436338424682617,Full configuration retrained alongside the ablation arms.
leave_one_out,Full_(retrained),1,1,1,ablation_arms_2026-09,b617ee1b-f8c8-4de9-b82b-e803ab93550d,mse,2.002868175506592,Full configuration retrained alongside the ablation arms.
leave_one_out,Full_(retrained),1,1,1,ablation_arms_2026-09,c838aec3-03ef-4398-b882-0e3912abfff0,mse,1.999518632888794,Full configuration retrained alongside the ablation arms.
leave_one_out,Full_(retrained),1,1,1,ablation_arms_2026-09,cee9b331-3ba0-4461-8bbd-867819d9fc0a,mse,1.5551536083221436,Full configuration retrained alongside the ablation arms.
leave_one_out,Full_(retrained),1,1,1,ablation_arms_2026-09,d567b692-c374-4628-a508-8008f6778f22,mse,2.29095196723938,Full configuration retrained alongside the ablation arms.
leave_one_out,Full_(retrained),1,1,1,ablation_arms_2026-09,d68a8b48-abf0-4bd5-8834-155d34ec448a,mse,3.012873411178589,Full configuration retrained alongside the ablation arms.
leave_one_out,Full_(retrained),1,1,1,ablation_arms_2026-09,d7cff847-6403-44a6-ad8a-2f5a783639dd,mse,1.444267988204956,Full configuration retrained alongside the ablation arms.
leave_one_out,Full_(retrained),1,1,1,ablation_arms_2026-09,de5416ef-bbfa-41f3-99d4-01a3554173f5,mse,1.7137659788131714,Full configuration retrained alongside the ablation arms.
leave_one_out,Full_(retrained),1,1,1,ablation_arms_2026-09,e3ed2ba4-edf5-40ac-8750-8a417ad1eefe,mse,1.7332600355148315,Full configuration retrained alongside the ablation arms.
leave_one_out,Full_(retrained),1,1,1,ablation_arms_2026-09,e51bae9a-c747-4b64-904a-4da7cda218ab,mse,1.355000138282776,Full configuration retrained alongside the ablation arms.
leave_one_out,Full_(retrained),1,1,1,ablation_arms_2026-09,e522d2cd-7927-4e59-a4ed-064009569279,mse,2.4602160453796387,Full configuration retrained alongside the ablation arms.
leave_one_out,Full_(retrained),1,1,1,ablation_arms_2026-09,e7bd68ab-df49-44df-9b1e-8486114aeeb5,mse,2.390291929244995,Full configuration retrained alongside the ablation arms.
leave_one_out,Full_(retrained),1,1,1,ablation_arms_2026-09,edbfa04a-f1dd-496a-8237-df11d70621ca,mse,1.990217566490173,Full configuration retrained alongside the ablation arms.
leave_one_out,Full_(retrained),1,1,1,ablation_arms_2026-09,f14bc322-1322-4184-8d16-409557525ea5,mse,1.5785751342773438,Full configuration retrained alongside the ablation arms.
leave_one_out,Full_(retrained),1,1,1,ablation_arms_2026-09,f3c49918-4707-4d92-bb6d-2b5b4eb9d1b4,mse,1.4778249263763428,Full configuration retrained alongside the ablation arms.
leave_one_out,Full_(retrained),1,1,1,ablation_arms_2026-09,f641d68a-e877-4bb8-afd7-b8fa3921d461,mse,2.802953720092773,Full configuration retrained alongside the ablation arms.
leave_one_out,Full_(retrained),1,1,1,ablation_arms_2026-09,f6cc8a47-2dea-40aa-8608-d771c5ef8a07,mse,3.417111158370972,Full configuration retrained alongside the ablation arms.
leave_one_out,Full_(retrained),1,1,1,ablation_arms_2026-09,fe7aae33-6f7c-41a5-8d29-9996a9ddf1ab,mse,2.8520028591156006,Full configuration retrained alongside the ablation arms.
leave_one_out,w/o_E-Gate,0,1,1,ablation_arms_2026-09,01b84709-139c-4485-98a9-6e14c58fbbf6,bras,0.5480140417814254,expr_proj_mode=linear.
leave_one_out,w/o_E-Gate,0,1,1,ablation_arms_2026-09,01b84709-139c-4485-98a9-6e14c58fbbf6,asw,0.4273751765489578,expr_proj_mode=linear.
leave_one_out,w/o_E-Gate,0,1,1,ablation_arms_2026-09,07dd8c34-4625-480a-8ee4-273a06c3082b,bras,0.7790525138378144,expr_proj_mode=linear.
leave_one_out,w/o_E-Gate,0,1,1,ablation_arms_2026-09,07dd8c34-4625-480a-8ee4-273a06c3082b,asw,0.5664002537727356,expr_proj_mode=linear.
leave_one_out,w/o_E-Gate,0,1,1,ablation_arms_2026-09,09b518f9-da64-44cc-aec8-70a89d55611f,bras,0.5280125796794891,expr_proj_mode=linear.
leave_one_out,w/o_E-Gate,0,1,1,ablation_arms_2026-09,09b518f9-da64-44cc-aec8-70a89d55611f,asw,0.3182656496763229,expr_proj_mode=linear.
leave_one_out,w/o_E-Gate,0,1,1,ablation_arms_2026-09,0a8e3443-c3e2-4918-84db-0495657d9175,bras,0.8078063905239106,expr_proj_mode=linear.
leave_one_out,w/o_E-Gate,0,1,1,ablation_arms_2026-09,0a8e3443-c3e2-4918-84db-0495657d9175,asw,0.4611388072371483,expr_proj_mode=linear.
leave_one_out,w/o_E-Gate,0,1,1,ablation_arms_2026-09,0ae6f031-2f9c-4247-8b26-db320d6efd32,asw,0.4565366923809051,expr_proj_mode=linear.
leave_one_out,w/o_E-Gate,0,1,1,ablation_arms_2026-09,0bf30b02-db97-4560-b9cd-0fe3588892af,bras,0.6368439853191376,expr_proj_mode=linear.
leave_one_out,w/o_E-Gate,0,1,1,ablation_arms_2026-09,0bf30b02-db97-4560-b9cd-0fe3588892af,asw,0.4506810411810875,expr_proj_mode=linear.
leave_one_out,w/o_E-Gate,0,1,1,ablation_arms_2026-09,0c0c49a2-b96b-432f-98a4-1decf9929149,bras,0.7955611139535904,expr_proj_mode=linear.
leave_one_out,w/o_E-Gate,0,1,1,ablation_arms_2026-09,0c0c49a2-b96b-432f-98a4-1decf9929149,asw,0.4583079621195793,expr_proj_mode=linear.
leave_one_out,w/o_E-Gate,0,1,1,ablation_arms_2026-09,145dcf6a-2461-4fa3-a0af-7fc56db0bd33,asw,0.5520976573228836,expr_proj_mode=linear.
leave_one_out,w/o_E-Gate,0,1,1,ablation_arms_2026-09,16023185-de21-4c0d-a9c8-73abdd52d142,bras,0.6317771553993226,expr_proj_mode=linear.
leave_one_out,w/o_E-Gate,0,1,1,ablation_arms_2026-09,16023185-de21-4c0d-a9c8-73abdd52d142,asw,0.3904295712709427,expr_proj_mode=linear.
leave_one_out,w/o_E-Gate,0,1,1,ablation_arms_2026-09,19053a82-9c89-4fb8-bd19-d7b1800b0b7b,bras,0.5621077626943588,expr_proj_mode=linear.
leave_one_out,w/o_E-Gate,0,1,1,ablation_arms_2026-09,19053a82-9c89-4fb8-bd19-d7b1800b0b7b,asw,0.3411753207445144,expr_proj_mode=linear.
leave_one_out,w/o_E-Gate,0,1,1,ablation_arms_2026-09,19f1bec6-eeb7-4133-accc-992d745fef89,bras,0.827939185500145,expr_proj_mode=linear.
leave_one_out,w/o_E-Gate,0,1,1,ablation_arms_2026-09,19f1bec6-eeb7-4133-accc-992d745fef89,asw,0.4515368834137916,expr_proj_mode=linear.
leave_one_out,w/o_E-Gate,0,1,1,ablation_arms_2026-09,1a9f3b38-b86d-416d-bbdc-9058ad3ff42d,bras,0.6029092639684677,expr_proj_mode=linear.
leave_one_out,w/o_E-Gate,0,1,1,ablation_arms_2026-09,1a9f3b38-b86d-416d-bbdc-9058ad3ff42d,asw,0.3841779515147209,expr_proj_mode=linear.
leave_one_out,w/o_E-Gate,0,1,1,ablation_arms_2026-09,1ab4ebbc-18d6-4838-89c2-cdc5b10accfb,bras,0.6305698484182358,expr_proj_mode=linear.
leave_one_out,w/o_E-Gate,0,1,1,ablation_arms_2026-09,1ab4ebbc-18d6-4838-89c2-cdc5b10accfb,asw,0.4202529191970825,expr_proj_mode=linear.
leave_one_out,w/o_E-Gate,0,1,1,ablation_arms_2026-09,1b350d0a-4535-4879-beb6-1142f3f94947,bras,0.6833415180444717,expr_proj_mode=linear.
leave_one_out,w/o_E-Gate,0,1,1,ablation_arms_2026-09,1b350d0a-4535-4879-beb6-1142f3f94947,asw,0.4313559621572495,expr_proj_mode=linear.
leave_one_out,w/o_E-Gate,0,1,1,ablation_arms_2026-09,203025fe-fa99-4d57-81da-458ed8f0c334,bras,0.6154773741960525,expr_proj_mode=linear.
leave_one_out,w/o_E-Gate,0,1,1,ablation_arms_2026-09,203025fe-fa99-4d57-81da-458ed8f0c334,asw,0.4104356899857521,expr_proj_mode=linear.
leave_one_out,w/o_E-Gate,0,1,1,ablation_arms_2026-09,21722308-5091-4b63-9c07-4f116ab9a7b3,asw,0.5776047646999359,expr_proj_mode=linear.
leave_one_out,w/o_E-Gate,0,1,1,ablation_arms_2026-09,27d3952f-fbbc-497d-98d1-f37f3d555235,asw,0.4248951107263565,expr_proj_mode=linear.
leave_one_out,w/o_E-Gate,0,1,1,ablation_arms_2026-09,30c2a6fd-d547-460f-a5e7-44c62a2af7ad,bras,0.6430955350399017,expr_proj_mode=linear.
leave_one_out,w/o_E-Gate,0,1,1,ablation_arms_2026-09,30c2a6fd-d547-460f-a5e7-44c62a2af7ad,asw,0.3698966339230537,expr_proj_mode=linear.
leave_one_out,w/o_E-Gate,0,1,1,ablation_arms_2026-09,322c816f-608a-4da1-99c4-36ca4ad45146,bras,0.7467112243175507,expr_proj_mode=linear.
leave_one_out,w/o_E-Gate,0,1,1,ablation_arms_2026-09,322c816f-608a-4da1-99c4-36ca4ad45146,asw,0.450829267501831,expr_proj_mode=linear.
leave_one_out,w/o_E-Gate,0,1,1,ablation_arms_2026-09,3a702020-cf66-4ef5-9d11-4a5e835b7efb,bras,0.6851363480091095,expr_proj_mode=linear.
leave_one_out,w/o_E-Gate,0,1,1,ablation_arms_2026-09,3a702020-cf66-4ef5-9d11-4a5e835b7efb,asw,0.4270544022321701,expr_proj_mode=linear.
leave_one_out,w/o_E-Gate,0,1,1,ablation_arms_2026-09,3bfd5174-5b49-4e58-b233-ed0f4edd0bec,asw,0.4631295099854469,expr_proj_mode=linear.
leave_one_out,w/o_E-Gate,0,1,1,ablation_arms_2026-09,3c364ffe-d599-44d5-a77f-6c5fd7038cf6,bras,0.5880457282066345,expr_proj_mode=linear.
leave_one_out,w/o_E-Gate,0,1,1,ablation_arms_2026-09,3c364ffe-d599-44d5-a77f-6c5fd7038cf6,asw,0.3666693672537803,expr_proj_mode=linear.
leave_one_out,w/o_E-Gate,0,1,1,ablation_arms_2026-09,3cb646ab-d411-4e5b-89eb-082a786c953b,bras,0.7989901781082154,expr_proj_mode=linear.
leave_one_out,w/o_E-Gate,0,1,1,ablation_arms_2026-09,3cb646ab-d411-4e5b-89eb-082a786c953b,asw,0.4626485213637352,expr_proj_mode=linear.
leave_one_out,w/o_E-Gate,0,1,1,ablation_arms_2026-09,3e55180c-780a-4424-9434-5296640ffc0d,bras,0.5410212248563766,expr_proj_mode=linear.
leave_one_out,w/o_E-Gate,0,1,1,ablation_arms_2026-09,3e55180c-780a-4424-9434-5296640ffc0d,asw,0.4256659880280494,expr_proj_mode=linear.
leave_one_out,w/o_E-Gate,0,1,1,ablation_arms_2026-09,420d0f5d-b7ba-4b1e-88d0-44e9f733febd,bras,0.787934473156929,expr_proj_mode=linear.
leave_one_out,w/o_E-Gate,0,1,1,ablation_arms_2026-09,420d0f5d-b7ba-4b1e-88d0-44e9f733febd,asw,0.4699922055006027,expr_proj_mode=linear.
leave_one_out,w/o_E-Gate,0,1,1,ablation_arms_2026-09,4319097a-acae-4124-beed-d1173ffe1464,asw,0.4644714102149009,expr_proj_mode=linear.
leave_one_out,w/o_E-Gate,0,1,1,ablation_arms_2026-09,432f3af5-6a79-401f-b315-fb2df789f32c,asw,0.491581617295742,expr_proj_mode=linear.
leave_one_out,w/o_E-Gate,0,1,1,ablation_arms_2026-09,43a1506b-aa9e-46a3-b288-d210f4595ddf,bras,0.7602135598659515,expr_proj_mode=linear.
leave_one_out,w/o_E-Gate,0,1,1,ablation_arms_2026-09,43a1506b-aa9e-46a3-b288-d210f4595ddf,asw,0.5449702084064484,expr_proj_mode=linear.
leave_one_out,w/o_E-Gate,0,1,1,ablation_arms_2026-09,43aa19d2-c723-4822-979d-d2f0239835e0,bras,0.7115548312664032,expr_proj_mode=linear.
leave_one_out,w/o_E-Gate,0,1,1,ablation_arms_2026-09,43aa19d2-c723-4822-979d-d2f0239835e0,asw,0.509300696849823,expr_proj_mode=linear.
leave_one_out,w/o_E-Gate,0,1,1,ablation_arms_2026-09,46104f0b-9af5-466a-ae0f-56b8dc1969a2,bras,0.7760393261909485,expr_proj_mode=linear.
leave_one_out,w/o_E-Gate,0,1,1,ablation_arms_2026-09,46104f0b-9af5-466a-ae0f-56b8dc1969a2,asw,0.4623415455222129,expr_proj_mode=linear.
leave_one_out,w/o_E-Gate,0,1,1,ablation_arms_2026-09,47e00f43-6176-44a5-b4d1-f88a1920fcab,bras,0.7893060266971588,expr_proj_mode=linear.
leave_one_out,w/o_E-Gate,0,1,1,ablation_arms_2026-09,47e00f43-6176-44a5-b4d1-f88a1920fcab,asw,0.4657317698001861,expr_proj_mode=linear.
leave_one_out,w/o_E-Gate,0,1,1,ablation_arms_2026-09,4b83f213-b96b-4c87-a884-9b81faddb194,asw,0.4646111115813255,expr_proj_mode=linear.
leave_one_out,w/o_E-Gate,0,1,1,ablation_arms_2026-09,527641f0-df64-4c80-957c-a65dccd477bc,asw,0.5530741602182389,expr_proj_mode=linear.
leave_one_out,w/o_E-Gate,0,1,1,ablation_arms_2026-09,53ce2631-3646-4172-bbd9-38b0a44d8214,bras,0.7499502629041672,expr_proj_mode=linear.
leave_one_out,w/o_E-Gate,0,1,1,ablation_arms_2026-09,53ce2631-3646-4172-bbd9-38b0a44d8214,asw,0.4694511771202087,expr_proj_mode=linear.
leave_one_out,w/o_E-Gate,0,1,1,ablation_arms_2026-09,56a4bc14-9407-45fd-8786-f7f6fc87c9dd,bras,0.750351858139038,expr_proj_mode=linear.
leave_one_out,w/o_E-Gate,0,1,1,ablation_arms_2026-09,56a4bc14-9407-45fd-8786-f7f6fc87c9dd,asw,0.4373856708407402,expr_proj_mode=linear.
leave_one_out,w/o_E-Gate,0,1,1,ablation_arms_2026-09,589fe605-6d49-4abe-bff8-1675511c689a,bras,0.468790091574192,expr_proj_mode=linear.
leave_one_out,w/o_E-Gate,0,1,1,ablation_arms_2026-09,589fe605-6d49-4abe-bff8-1675511c689a,asw,0.4361201703548431,expr_proj_mode=linear.
leave_one_out,w/o_E-Gate,0,1,1,ablation_arms_2026-09,58f43044-cd3c-42b8-bc0b-3498eb236359,bras,0.6480676621198654,expr_proj_mode=linear.
leave_one_out,w/o_E-Gate,0,1,1,ablation_arms_2026-09,58f43044-cd3c-42b8-bc0b-3498eb236359,asw,0.4103514641523361,expr_proj_mode=linear.
leave_one_out,w/o_E-Gate,0,1,1,ablation_arms_2026-09,5a9cfb44-494a-4540-8db8-7143b1bb5a6f,bras,0.593207186460495,expr_proj_mode=linear.
leave_one_out,w/o_E-Gate,0,1,1,ablation_arms_2026-09,5a9cfb44-494a-4540-8db8-7143b1bb5a6f,asw,0.4114193394780159,expr_proj_mode=linear.
leave_one_out,w/o_E-Gate,0,1,1,ablation_arms_2026-09,5c97eeeb-7e52-44b3-b010-b832b1f5424c,bras,0.6807283759117126,expr_proj_mode=linear.
leave_one_out,w/o_E-Gate,0,1,1,ablation_arms_2026-09,5c97eeeb-7e52-44b3-b010-b832b1f5424c,asw,0.5107053518295288,expr_proj_mode=linear.
leave_one_out,w/o_E-Gate,0,1,1,ablation_arms_2026-09,5e57cd50-8e42-42d6-940d-5c1660d06864,bras,0.6783477902412415,expr_proj_mode=linear.
leave_one_out,w/o_E-Gate,0,1,1,ablation_arms_2026-09,5e57cd50-8e42-42d6-940d-5c1660d06864,asw,0.4986028894782066,expr_proj_mode=linear.
leave_one_out,w/o_E-Gate,0,1,1,ablation_arms_2026-09,5ed90bc0-12f3-4354-b314-0ce0dbb96458,bras,0.5302225768566131,expr_proj_mode=linear.
leave_one_out,w/o_E-Gate,0,1,1,ablation_arms_2026-09,5ed90bc0-12f3-4354-b314-0ce0dbb96458,asw,0.4339113190770149,expr_proj_mode=linear.
leave_one_out,w/o_E-Gate,0,1,1,ablation_arms_2026-09,5fde5c9c-5b1e-4df5-982a-3f8e7635161f,bras,0.7904031455516816,expr_proj_mode=linear.
leave_one_out,w/o_E-Gate,0,1,1,ablation_arms_2026-09,5fde5c9c-5b1e-4df5-982a-3f8e7635161f,asw,0.4642868459224701,expr_proj_mode=linear.
leave_one_out,w/o_E-Gate,0,1,1,ablation_arms_2026-09,60a29d0b-1a37-4447-ac32-00d701580b47,bras,0.7037093043327332,expr_proj_mode=linear.
leave_one_out,w/o_E-Gate,0,1,1,ablation_arms_2026-09,60a29d0b-1a37-4447-ac32-00d701580b47,asw,0.3806806713342666,expr_proj_mode=linear.
leave_one_out,w/o_E-Gate,0,1,1,ablation_arms_2026-09,61af564d-e5ea-4d34-a0f3-2668a00db376,bras,0.6883657783269882,expr_proj_mode=linear.
leave_one_out,w/o_E-Gate,0,1,1,ablation_arms_2026-09,61af564d-e5ea-4d34-a0f3-2668a00db376,asw,0.4406936436891556,expr_proj_mode=linear.
leave_one_out,w/o_E-Gate,0,1,1,ablation_arms_2026-09,61d327d1-2227-4c5f-9367-e3559dc79b07,bras,0.6452310085296631,expr_proj_mode=linear.
leave_one_out,w/o_E-Gate,0,1,1,ablation_arms_2026-09,61d327d1-2227-4c5f-9367-e3559dc79b07,asw,0.4551250606775284,expr_proj_mode=linear.
leave_one_out,w/o_E-Gate,0,1,1,ablation_arms_2026-09,64267fb5-7b70-4705-a13b-cc38966c22a8,bras,0.9184843301773072,expr_proj_mode=linear.
leave_one_out,w/o_E-Gate,0,1,1,ablation_arms_2026-09,64267fb5-7b70-4705-a13b-cc38966c22a8,asw,0.5283935338258743,expr_proj_mode=linear.
leave_one_out,w/o_E-Gate,0,1,1,ablation_arms_2026-09,67b6b9ac-b841-42ce-b2d4-ed2ec12327bd,bras,0.6162605822086334,expr_proj_mode=linear.
leave_one_out,w/o_E-Gate,0,1,1,ablation_arms_2026-09,67b6b9ac-b841-42ce-b2d4-ed2ec12327bd,asw,0.4450030907988548,expr_proj_mode=linear.
leave_one_out,w/o_E-Gate,0,1,1,ablation_arms_2026-09,6fc37633-13f5-4bf0-af95-52808143bffd,asw,0.4697810932993889,expr_proj_mode=linear.
leave_one_out,w/o_E-Gate,0,1,1,ablation_arms_2026-09,75011e96-ba37-4977-a539-fbf9f66a5e37,bras,0.584051838517189,expr_proj_mode=linear.
leave_one_out,w/o_E-Gate,0,1,1,ablation_arms_2026-09,75011e96-ba37-4977-a539-fbf9f66a5e37,asw,0.4040507197380066,expr_proj_mode=linear.
leave_one_out,w/o_E-Gate,0,1,1,ablation_arms_2026-09,781cc817-3fd0-487c-a55a-b47b2786a05d,bras,0.8227763622999191,expr_proj_mode=linear.
leave_one_out,w/o_E-Gate,0,1,1,ablation_arms_2026-09,781cc817-3fd0-487c-a55a-b47b2786a05d,asw,0.4654968723654747,expr_proj_mode=linear.
leave_one_out,w/o_E-Gate,0,1,1,ablation_arms_2026-09,79884ae5-e026-4d4a-858f-e807960bd4f7,asw,0.4431196019053459,expr_proj_mode=linear.
leave_one_out,w/o_E-Gate,0,1,1,ablation_arms_2026-09,8058d760-09e6-4bdd-86a1-36917ffca3ef,bras,0.6404689162969589,expr_proj_mode=linear.
leave_one_out,w/o_E-Gate,0,1,1,ablation_arms_2026-09,8058d760-09e6-4bdd-86a1-36917ffca3ef,asw,0.3644797474145889,expr_proj_mode=linear.
leave_one_out,w/o_E-Gate,0,1,1,ablation_arms_2026-09,829a3cd1-a466-49f1-b2e9-d3f6b7f392e2,bras,0.6582203567028045,expr_proj_mode=linear.
leave_one_out,w/o_E-Gate,0,1,1,ablation_arms_2026-09,829a3cd1-a466-49f1-b2e9-d3f6b7f392e2,asw,0.4599231705069542,expr_proj_mode=linear.
leave_one_out,w/o_E-Gate,0,1,1,ablation_arms_2026-09,84cfa5aa-a0d1-415e-ac47-eb66c9cf8170,bras,0.639278507232666,expr_proj_mode=linear.
leave_one_out,w/o_E-Gate,0,1,1,ablation_arms_2026-09,84cfa5aa-a0d1-415e-ac47-eb66c9cf8170,asw,0.4366301894187927,expr_proj_mode=linear.
leave_one_out,w/o_E-Gate,0,1,1,ablation_arms_2026-09,8560f809-5794-484e-9152-b63efa91d134,bras,0.6181482136249542,expr_proj_mode=linear.
leave_one_out,w/o_E-Gate,0,1,1,ablation_arms_2026-09,8560f809-5794-484e-9152-b63efa91d134,asw,0.4212451353669166,expr_proj_mode=linear.
leave_one_out,w/o_E-Gate,0,1,1,ablation_arms_2026-09,867757c1-3b1a-49d9-a0cd-17767eb160cc,bras,0.8355151504278183,expr_proj_mode=linear.
leave_one_out,w/o_E-Gate,0,1,1,ablation_arms_2026-09,867757c1-3b1a-49d9-a0cd-17767eb160cc,asw,0.4484418138861656,expr_proj_mode=linear.
leave_one_out,w/o_E-Gate,0,1,1,ablation_arms_2026-09,881e0e6b-a185-45f1-9b56-81606e91e7ff,bras,0.6588616728782654,expr_proj_mode=linear.
leave_one_out,w/o_E-Gate,0,1,1,ablation_arms_2026-09,881e0e6b-a185-45f1-9b56-81606e91e7ff,asw,0.417518725991249,expr_proj_mode=linear.
leave_one_out,w/o_E-Gate,0,1,1,ablation_arms_2026-09,8ef06ea4-8d0f-4303-a652-7d4604402b1f,bras,0.5784221440553665,expr_proj_mode=linear.
leave_one_out,w/o_E-Gate,0,1,1,ablation_arms_2026-09,8ef06ea4-8d0f-4303-a652-7d4604402b1f,asw,0.3845756918191909,expr_proj_mode=linear.
leave_one_out,w/o_E-Gate,0,1,1,ablation_arms_2026-09,8f3e7fcf-0b16-4a29-a5f1-a7a8b267d689,bras,0.7085306316614151,expr_proj_mode=linear.
leave_one_out,w/o_E-Gate,0,1,1,ablation_arms_2026-09,8f3e7fcf-0b16-4a29-a5f1-a7a8b267d689,asw,0.438203302025795,expr_proj_mode=linear.
leave_one_out,w/o_E-Gate,0,1,1,ablation_arms_2026-09,8ff0cef9-393e-43de-9722-a1e12c239727,asw,0.4136521458625793,expr_proj_mode=linear.
leave_one_out,w/o_E-Gate,0,1,1,ablation_arms_2026-09,95d3b0fb-b8a7-4bec-a2e8-cded3222ff07,bras,0.7192729085683822,expr_proj_mode=linear.
leave_one_out,w/o_E-Gate,0,1,1,ablation_arms_2026-09,95d3b0fb-b8a7-4bec-a2e8-cded3222ff07,asw,0.5544018387794495,expr_proj_mode=linear.
leave_one_out,w/o_E-Gate,0,1,1,ablation_arms_2026-09,963a08cb-d995-4862-9614-f9d38a7d7540,bras,0.7436484128236771,expr_proj_mode=linear.
leave_one_out,w/o_E-Gate,0,1,1,ablation_arms_2026-09,963a08cb-d995-4862-9614-f9d38a7d7540,asw,0.4434605672955513,expr_proj_mode=linear.
leave_one_out,w/o_E-Gate,0,1,1,ablation_arms_2026-09,978a566a-dc27-478d-b306-26daba116c1f,bras,0.6240856230258942,expr_proj_mode=linear.
leave_one_out,w/o_E-Gate,0,1,1,ablation_arms_2026-09,978a566a-dc27-478d-b306-26daba116c1f,asw,0.4113633677363396,expr_proj_mode=linear.
leave_one_out,w/o_E-Gate,0,1,1,ablation_arms_2026-09,98219f72-0f9a-4de9-a859-c81834f24ab1,bras,0.7012865275144577,expr_proj_mode=linear.
leave_one_out,w/o_E-Gate,0,1,1,ablation_arms_2026-09,98219f72-0f9a-4de9-a859-c81834f24ab1,asw,0.3850933328270912,expr_proj_mode=linear.
leave_one_out,w/o_E-Gate,0,1,1,ablation_arms_2026-09,9f1a899f-05a0-44c5-8aa9-39df61ae4324,bras,0.7543271601200103,expr_proj_mode=linear.
leave_one_out,w/o_E-Gate,0,1,1,ablation_arms_2026-09,9f1a899f-05a0-44c5-8aa9-39df61ae4324,asw,0.4356723800301552,expr_proj_mode=linear.
leave_one_out,w/o_E-Gate,0,1,1,ablation_arms_2026-09,a24ce10f-5a87-4e1f-a34a-f4fe5fc84052,bras,0.7386329591274261,expr_proj_mode=linear.
leave_one_out,w/o_E-Gate,0,1,1,ablation_arms_2026-09,a24ce10f-5a87-4e1f-a34a-f4fe5fc84052,asw,0.5778948187828064,expr_proj_mode=linear.
leave_one_out,w/o_E-Gate,0,1,1,ablation_arms_2026-09,a2c833f7-b7f1-4f4d-ad31-cae478b601b7,bras,0.6962307631969452,expr_proj_mode=linear.
leave_one_out,w/o_E-Gate,0,1,1,ablation_arms_2026-09,a2c833f7-b7f1-4f4d-ad31-cae478b601b7,asw,0.4605360358953476,expr_proj_mode=linear.
leave_one_out,w/o_E-Gate,0,1,1,ablation_arms_2026-09,aa32098f-f7b0-43f2-a00a-601d190aae94,bras,0.784522607922554,expr_proj_mode=linear.
leave_one_out,w/o_E-Gate,0,1,1,ablation_arms_2026-09,aa32098f-f7b0-43f2-a00a-601d190aae94,asw,0.4549865692853928,expr_proj_mode=linear.
leave_one_out,w/o_E-Gate,0,1,1,ablation_arms_2026-09,aa369999-a034-4ad9-b459-8a93c86ea77b,bras,0.6507384330034256,expr_proj_mode=linear.
leave_one_out,w/o_E-Gate,0,1,1,ablation_arms_2026-09,aa369999-a034-4ad9-b459-8a93c86ea77b,asw,0.4091434344649315,expr_proj_mode=linear.
leave_one_out,w/o_E-Gate,0,1,1,ablation_arms_2026-09,acd544d0-4d8b-46c7-98b3-fc48f7e6fdb7,bras,0.5307204991579055,expr_proj_mode=linear.
leave_one_out,w/o_E-Gate,0,1,1,ablation_arms_2026-09,acd544d0-4d8b-46c7-98b3-fc48f7e6fdb7,asw,0.3616476610302924,expr_proj_mode=linear.
leave_one_out,w/o_E-Gate,0,1,1,ablation_arms_2026-09,aecc2743-4ff2-4b55-ac8c-a1ff76fc4bb4,bras,0.4942196503281593,expr_proj_mode=linear.
leave_one_out,w/o_E-Gate,0,1,1,ablation_arms_2026-09,aecc2743-4ff2-4b55-ac8c-a1ff76fc4bb4,asw,0.4634909033775329,expr_proj_mode=linear.
leave_one_out,w/o_E-Gate,0,1,1,ablation_arms_2026-09,afae4675-434d-4e89-b5ce-2854c9dc38a3,bras,0.6891223728656769,expr_proj_mode=linear.
leave_one_out,w/o_E-Gate,0,1,1,ablation_arms_2026-09,afae4675-434d-4e89-b5ce-2854c9dc38a3,asw,0.4473021283745765,expr_proj_mode=linear.
leave_one_out,w/o_E-Gate,0,1,1,ablation_arms_2026-09,b617ee1b-f8c8-4de9-b82b-e803ab93550d,bras,0.6227260142564773,expr_proj_mode=linear.
leave_one_out,w/o_E-Gate,0,1,1,ablation_arms_2026-09,b617ee1b-f8c8-4de9-b82b-e803ab93550d,asw,0.4394872158765793,expr_proj_mode=linear.
leave_one_out,w/o_E-Gate,0,1,1,ablation_arms_2026-09,c838aec3-03ef-4398-b882-0e3912abfff0,bras,0.7776162058115006,expr_proj_mode=linear.
leave_one_out,w/o_E-Gate,0,1,1,ablation_arms_2026-09,c838aec3-03ef-4398-b882-0e3912abfff0,asw,0.479626739025116,expr_proj_mode=linear.
leave_one_out,w/o_E-Gate,0,1,1,ablation_arms_2026-09,cee9b331-3ba0-4461-8bbd-867819d9fc0a,asw,0.5525134593248368,expr_proj_mode=linear.
leave_one_out,w/o_E-Gate,0,1,1,ablation_arms_2026-09,d567b692-c374-4628-a508-8008f6778f22,bras,0.6533801078796386,expr_proj_mode=linear.
leave_one_out,w/o_E-Gate,0,1,1,ablation_arms_2026-09,d567b692-c374-4628-a508-8008f6778f22,asw,0.4161600470542907,expr_proj_mode=linear.
leave_one_out,w/o_E-Gate,0,1,1,ablation_arms_2026-09,d68a8b48-abf0-4bd5-8834-155d34ec448a,bras,0.6302743583917618,expr_proj_mode=linear.
leave_one_out,w/o_E-Gate,0,1,1,ablation_arms_2026-09,d68a8b48-abf0-4bd5-8834-155d34ec448a,asw,0.3938073396682739,expr_proj_mode=linear.
leave_one_out,w/o_E-Gate,0,1,1,ablation_arms_2026-09,d7cff847-6403-44a6-ad8a-2f5a783639dd,bras,0.6570790559053421,expr_proj_mode=linear.
leave_one_out,w/o_E-Gate,0,1,1,ablation_arms_2026-09,d7cff847-6403-44a6-ad8a-2f5a783639dd,asw,0.5223225206136703,expr_proj_mode=linear.
leave_one_out,w/o_E-Gate,0,1,1,ablation_arms_2026-09,de5416ef-bbfa-41f3-99d4-01a3554173f5,bras,0.4605062127113342,expr_proj_mode=linear.
leave_one_out,w/o_E-Gate,0,1,1,ablation_arms_2026-09,de5416ef-bbfa-41f3-99d4-01a3554173f5,asw,0.4026408448815345,expr_proj_mode=linear.
leave_one_out,w/o_E-Gate,0,1,1,ablation_arms_2026-09,e3ed2ba4-edf5-40ac-8750-8a417ad1eefe,bras,0.7241917371749877,expr_proj_mode=linear.
leave_one_out,w/o_E-Gate,0,1,1,ablation_arms_2026-09,e3ed2ba4-edf5-40ac-8750-8a417ad1eefe,asw,0.4478635564446449,expr_proj_mode=linear.
leave_one_out,w/o_E-Gate,0,1,1,ablation_arms_2026-09,e51bae9a-c747-4b64-904a-4da7cda218ab,bras,0.6825450479984283,expr_proj_mode=linear.
leave_one_out,w/o_E-Gate,0,1,1,ablation_arms_2026-09,e51bae9a-c747-4b64-904a-4da7cda218ab,asw,0.5242335498332977,expr_proj_mode=linear.
leave_one_out,w/o_E-Gate,0,1,1,ablation_arms_2026-09,e522d2cd-7927-4e59-a4ed-064009569279,bras,0.7328641951084137,expr_proj_mode=linear.
leave_one_out,w/o_E-Gate,0,1,1,ablation_arms_2026-09,e522d2cd-7927-4e59-a4ed-064009569279,asw,0.452777174115181,expr_proj_mode=linear.
leave_one_out,w/o_E-Gate,0,1,1,ablation_arms_2026-09,e7bd68ab-df49-44df-9b1e-8486114aeeb5,bras,0.7589782863855362,expr_proj_mode=linear.
leave_one_out,w/o_E-Gate,0,1,1,ablation_arms_2026-09,e7bd68ab-df49-44df-9b1e-8486114aeeb5,asw,0.4182559460401535,expr_proj_mode=linear.
leave_one_out,w/o_E-Gate,0,1,1,ablation_arms_2026-09,edbfa04a-f1dd-496a-8237-df11d70621ca,bras,0.7727203339338302,expr_proj_mode=linear.
leave_one_out,w/o_E-Gate,0,1,1,ablation_arms_2026-09,edbfa04a-f1dd-496a-8237-df11d70621ca,asw,0.4494838908314705,expr_proj_mode=linear.
leave_one_out,w/o_E-Gate,0,1,1,ablation_arms_2026-09,f14bc322-1322-4184-8d16-409557525ea5,bras,0.6107534617185593,expr_proj_mode=linear.
leave_one_out,w/o_E-Gate,0,1,1,ablation_arms_2026-09,f14bc322-1322-4184-8d16-409557525ea5,asw,0.4437091320753097,expr_proj_mode=linear.
leave_one_out,w/o_E-Gate,0,1,1,ablation_arms_2026-09,f3c49918-4707-4d92-bb6d-2b5b4eb9d1b4,bras,0.6805825978517532,expr_proj_mode=linear.
leave_one_out,w/o_E-Gate,0,1,1,ablation_arms_2026-09,f3c49918-4707-4d92-bb6d-2b5b4eb9d1b4,asw,0.5633543491363525,expr_proj_mode=linear.
leave_one_out,w/o_E-Gate,0,1,1,ablation_arms_2026-09,f641d68a-e877-4bb8-afd7-b8fa3921d461,bras,0.7176764875650405,expr_proj_mode=linear.
leave_one_out,w/o_E-Gate,0,1,1,ablation_arms_2026-09,f641d68a-e877-4bb8-afd7-b8fa3921d461,asw,0.4087653011083603,expr_proj_mode=linear.
leave_one_out,w/o_E-Gate,0,1,1,ablation_arms_2026-09,f6cc8a47-2dea-40aa-8608-d771c5ef8a07,asw,0.3843993037939072,expr_proj_mode=linear.
leave_one_out,w/o_E-Gate,0,1,1,ablation_arms_2026-09,fe7aae33-6f7c-41a5-8d29-9996a9ddf1ab,bras,0.5273587256669998,expr_proj_mode=linear.
leave_one_out,w/o_E-Gate,0,1,1,ablation_arms_2026-09,fe7aae33-6f7c-41a5-8d29-9996a9ddf1ab,asw,0.4771084353327751,expr_proj_mode=linear.
leave_one_out,w/o_E-Gate,0,1,1,ablation_arms_2026-09,01b84709-139c-4485-98a9-6e14c58fbbf6,ari,0.0740802048405283,expr_proj_mode=linear.
leave_one_out,w/o_E-Gate,0,1,1,ablation_arms_2026-09,01b84709-139c-4485-98a9-6e14c58fbbf6,nmi,0.1860053223258505,expr_proj_mode=linear.
leave_one_out,w/o_E-Gate,0,1,1,ablation_arms_2026-09,07dd8c34-4625-480a-8ee4-273a06c3082b,ari,0.5481830506690406,expr_proj_mode=linear.
leave_one_out,w/o_E-Gate,0,1,1,ablation_arms_2026-09,07dd8c34-4625-480a-8ee4-273a06c3082b,nmi,0.6637270866577406,expr_proj_mode=linear.
leave_one_out,w/o_E-Gate,0,1,1,ablation_arms_2026-09,09b518f9-da64-44cc-aec8-70a89d55611f,ari,0.0513450335828752,expr_proj_mode=linear.
leave_one_out,w/o_E-Gate,0,1,1,ablation_arms_2026-09,09b518f9-da64-44cc-aec8-70a89d55611f,nmi,0.1664328239074986,expr_proj_mode=linear.
leave_one_out,w/o_E-Gate,0,1,1,ablation_arms_2026-09,0a8e3443-c3e2-4918-84db-0495657d9175,ari,0.1857758545013473,expr_proj_mode=linear.
leave_one_out,w/o_E-Gate,0,1,1,ablation_arms_2026-09,0a8e3443-c3e2-4918-84db-0495657d9175,nmi,0.4437266552736772,expr_proj_mode=linear.
leave_one_out,w/o_E-Gate,0,1,1,ablation_arms_2026-09,0ae6f031-2f9c-4247-8b26-db320d6efd32,ari,0.1796626796800474,expr_proj_mode=linear.
leave_one_out,w/o_E-Gate,0,1,1,ablation_arms_2026-09,0ae6f031-2f9c-4247-8b26-db320d6efd32,nmi,0.3118421227147154,expr_proj_mode=linear.
leave_one_out,w/o_E-Gate,0,1,1,ablation_arms_2026-09,0bf30b02-db97-4560-b9cd-0fe3588892af,ari,0.0857886335657899,expr_proj_mode=linear.
leave_one_out,w/o_E-Gate,0,1,1,ablation_arms_2026-09,0bf30b02-db97-4560-b9cd-0fe3588892af,nmi,0.1555926449278433,expr_proj_mode=linear.
leave_one_out,w/o_E-Gate,0,1,1,ablation_arms_2026-09,0c0c49a2-b96b-432f-98a4-1decf9929149,ari,0.177965895818481,expr_proj_mode=linear.
leave_one_out,w/o_E-Gate,0,1,1,ablation_arms_2026-09,0c0c49a2-b96b-432f-98a4-1decf9929149,nmi,0.4527642610361099,expr_proj_mode=linear.
leave_one_out,w/o_E-Gate,0,1,1,ablation_arms_2026-09,145dcf6a-2461-4fa3-a0af-7fc56db0bd33,ari,0.4593717370411853,expr_proj_mode=linear.
leave_one_out,w/o_E-Gate,0,1,1,ablation_arms_2026-09,145dcf6a-2461-4fa3-a0af-7fc56db0bd33,nmi,0.6252588198463467,expr_proj_mode=linear.
leave_one_out,w/o_E-Gate,0,1,1,ablation_arms_2026-09,16023185-de21-4c0d-a9c8-73abdd52d142,ari,0.1077482055079075,expr_proj_mode=linear.
leave_one_out,w/o_E-Gate,0,1,1,ablation_arms_2026-09,16023185-de21-4c0d-a9c8-73abdd52d142,nmi,0.3470220594091554,expr_proj_mode=linear.
leave_one_out,w/o_E-Gate,0,1,1,ablation_arms_2026-09,19053a82-9c89-4fb8-bd19-d7b1800b0b7b,ari,0.075489281633555,expr_proj_mode=linear.
leave_one_out,w/o_E-Gate,0,1,1,ablation_arms_2026-09,19053a82-9c89-4fb8-bd19-d7b1800b0b7b,nmi,0.3766069181779662,expr_proj_mode=linear.
leave_one_out,w/o_E-Gate,0,1,1,ablation_arms_2026-09,19f1bec6-eeb7-4133-accc-992d745fef89,ari,0.0946211464448636,expr_proj_mode=linear.
leave_one_out,w/o_E-Gate,0,1,1,ablation_arms_2026-09,19f1bec6-eeb7-4133-accc-992d745fef89,nmi,0.2910110712946788,expr_proj_mode=linear.
leave_one_out,w/o_E-Gate,0,1,1,ablation_arms_2026-09,1a9f3b38-b86d-416d-bbdc-9058ad3ff42d,ari,0.0316800511281304,expr_proj_mode=linear.
leave_one_out,w/o_E-Gate,0,1,1,ablation_arms_2026-09,1a9f3b38-b86d-416d-bbdc-9058ad3ff42d,nmi,0.1236945027464285,expr_proj_mode=linear.
leave_one_out,w/o_E-Gate,0,1,1,ablation_arms_2026-09,1ab4ebbc-18d6-4838-89c2-cdc5b10accfb,ari,0.2223601534539535,expr_proj_mode=linear.
leave_one_out,w/o_E-Gate,0,1,1,ablation_arms_2026-09,1ab4ebbc-18d6-4838-89c2-cdc5b10accfb,nmi,0.4204268426479277,expr_proj_mode=linear.
leave_one_out,w/o_E-Gate,0,1,1,ablation_arms_2026-09,1b350d0a-4535-4879-beb6-1142f3f94947,ari,0.1247618645932528,expr_proj_mode=linear.
leave_one_out,w/o_E-Gate,0,1,1,ablation_arms_2026-09,1b350d0a-4535-4879-beb6-1142f3f94947,nmi,0.3326237089481346,expr_proj_mode=linear.
leave_one_out,w/o_E-Gate,0,1,1,ablation_arms_2026-09,203025fe-fa99-4d57-81da-458ed8f0c334,ari,0.0969160268527455,expr_proj_mode=linear.
leave_one_out,w/o_E-Gate,0,1,1,ablation_arms_2026-09,203025fe-fa99-4d57-81da-458ed8f0c334,nmi,0.1801953955754429,expr_proj_mode=linear.
leave_one_out,w/o_E-Gate,0,1,1,ablation_arms_2026-09,21722308-5091-4b63-9c07-4f116ab9a7b3,ari,0.4872623627556097,expr_proj_mode=linear.
leave_one_out,w/o_E-Gate,0,1,1,ablation_arms_2026-09,21722308-5091-4b63-9c07-4f116ab9a7b3,nmi,0.6512928179743709,expr_proj_mode=linear.
leave_one_out,w/o_E-Gate,0,1,1,ablation_arms_2026-09,27d3952f-fbbc-497d-98d1-f37f3d555235,ari,0.0503215186807257,expr_proj_mode=linear.
leave_one_out,w/o_E-Gate,0,1,1,ablation_arms_2026-09,27d3952f-fbbc-497d-98d1-f37f3d555235,nmi,0.1031517899365982,expr_proj_mode=linear.
leave_one_out,w/o_E-Gate,0,1,1,ablation_arms_2026-09,30c2a6fd-d547-460f-a5e7-44c62a2af7ad,ari,0.0456129879695722,expr_proj_mode=linear.
leave_one_out,w/o_E-Gate,0,1,1,ablation_arms_2026-09,30c2a6fd-d547-460f-a5e7-44c62a2af7ad,nmi,0.1750714629531561,expr_proj_mode=linear.
leave_one_out,w/o_E-Gate,0,1,1,ablation_arms_2026-09,322c816f-608a-4da1-99c4-36ca4ad45146,ari,0.1375945248355543,expr_proj_mode=linear.
leave_one_out,w/o_E-Gate,0,1,1,ablation_arms_2026-09,322c816f-608a-4da1-99c4-36ca4ad45146,nmi,0.222318822595424,expr_proj_mode=linear.
leave_one_out,w/o_E-Gate,0,1,1,ablation_arms_2026-09,3a702020-cf66-4ef5-9d11-4a5e835b7efb,ari,0.0351469688690721,expr_proj_mode=linear.
leave_one_out,w/o_E-Gate,0,1,1,ablation_arms_2026-09,3a702020-cf66-4ef5-9d11-4a5e835b7efb,nmi,0.0617109218067468,expr_proj_mode=linear.
leave_one_out,w/o_E-Gate,0,1,1,ablation_arms_2026-09,3bfd5174-5b49-4e58-b233-ed0f4edd0bec,ari,0.1589003459768915,expr_proj_mode=linear.
leave_one_out,w/o_E-Gate,0,1,1,ablation_arms_2026-09,3bfd5174-5b49-4e58-b233-ed0f4edd0bec,nmi,0.2738040617834501,expr_proj_mode=linear.
leave_one_out,w/o_E-Gate,0,1,1,ablation_arms_2026-09,3c364ffe-d599-44d5-a77f-6c5fd7038cf6,ari,0.1060860687345794,expr_proj_mode=linear.
leave_one_out,w/o_E-Gate,0,1,1,ablation_arms_2026-09,3c364ffe-d599-44d5-a77f-6c5fd7038cf6,nmi,0.3806315072259934,expr_proj_mode=linear.
leave_one_out,w/o_E-Gate,0,1,1,ablation_arms_2026-09,3cb646ab-d411-4e5b-89eb-082a786c953b,ari,0.1850267849956334,expr_proj_mode=linear.
leave_one_out,w/o_E-Gate,0,1,1,ablation_arms_2026-09,3cb646ab-d411-4e5b-89eb-082a786c953b,nmi,0.4581881769648543,expr_proj_mode=linear.
leave_one_out,w/o_E-Gate,0,1,1,ablation_arms_2026-09,3e55180c-780a-4424-9434-5296640ffc0d,ari,0.2322366964934717,expr_proj_mode=linear.
leave_one_out,w/o_E-Gate,0,1,1,ablation_arms_2026-09,3e55180c-780a-4424-9434-5296640ffc0d,nmi,0.3430711473653195,expr_proj_mode=linear.
leave_one_out,w/o_E-Gate,0,1,1,ablation_arms_2026-09,420d0f5d-b7ba-4b1e-88d0-44e9f733febd,ari,0.1866550466716559,expr_proj_mode=linear.
leave_one_out,w/o_E-Gate,0,1,1,ablation_arms_2026-09,420d0f5d-b7ba-4b1e-88d0-44e9f733febd,nmi,0.4475709463435647,expr_proj_mode=linear.
leave_one_out,w/o_E-Gate,0,1,1,ablation_arms_2026-09,4319097a-acae-4124-beed-d1173ffe1464,ari,0.1104166732361741,expr_proj_mode=linear.
leave_one_out,w/o_E-Gate,0,1,1,ablation_arms_2026-09,4319097a-acae-4124-beed-d1173ffe1464,nmi,0.2218863310618279,expr_proj_mode=linear.
leave_one_out,w/o_E-Gate,0,1,1,ablation_arms_2026-09,432f3af5-6a79-401f-b315-fb2df789f32c,ari,0.2081893059844221,expr_proj_mode=linear.
leave_one_out,w/o_E-Gate,0,1,1,ablation_arms_2026-09,432f3af5-6a79-401f-b315-fb2df789f32c,nmi,0.3441502645759042,expr_proj_mode=linear.
leave_one_out,w/o_E-Gate,0,1,1,ablation_arms_2026-09,43a1506b-aa9e-46a3-b288-d210f4595ddf,ari,0.3158293396886909,expr_proj_mode=linear.
leave_one_out,w/o_E-Gate,0,1,1,ablation_arms_2026-09,43a1506b-aa9e-46a3-b288-d210f4595ddf,nmi,0.4459301817336398,expr_proj_mode=linear.
leave_one_out,w/o_E-Gate,0,1,1,ablation_arms_2026-09,43aa19d2-c723-4822-979d-d2f0239835e0,ari,0.4458838147231791,expr_proj_mode=linear.
leave_one_out,w/o_E-Gate,0,1,1,ablation_arms_2026-09,43aa19d2-c723-4822-979d-d2f0239835e0,nmi,0.5761726841945201,expr_proj_mode=linear.
leave_one_out,w/o_E-Gate,0,1,1,ablation_arms_2026-09,46104f0b-9af5-466a-ae0f-56b8dc1969a2,ari,0.1775370335065594,expr_proj_mode=linear.
leave_one_out,w/o_E-Gate,0,1,1,ablation_arms_2026-09,46104f0b-9af5-466a-ae0f-56b8dc1969a2,nmi,0.4429740947506568,expr_proj_mode=linear.
leave_one_out,w/o_E-Gate,0,1,1,ablation_arms_2026-09,47e00f43-6176-44a5-b4d1-f88a1920fcab,ari,0.1734470736871974,expr_proj_mode=linear.
leave_one_out,w/o_E-Gate,0,1,1,ablation_arms_2026-09,47e00f43-6176-44a5-b4d1-f88a1920fcab,nmi,0.45449319998319,expr_proj_mode=linear.
leave_one_out,w/o_E-Gate,0,1,1,ablation_arms_2026-09,4b83f213-b96b-4c87-a884-9b81faddb194,ari,0.1309241609702169,expr_proj_mode=linear.
leave_one_out,w/o_E-Gate,0,1,1,ablation_arms_2026-09,4b83f213-b96b-4c87-a884-9b81faddb194,nmi,0.26319373091066,expr_proj_mode=linear.
leave_one_out,w/o_E-Gate,0,1,1,ablation_arms_2026-09,527641f0-df64-4c80-957c-a65dccd477bc,ari,0.5464863336417431,expr_proj_mode=linear.
leave_one_out,w/o_E-Gate,0,1,1,ablation_arms_2026-09,527641f0-df64-4c80-957c-a65dccd477bc,nmi,0.6133709093958684,expr_proj_mode=linear.
leave_one_out,w/o_E-Gate,0,1,1,ablation_arms_2026-09,53ce2631-3646-4172-bbd9-38b0a44d8214,ari,0.129271055639985,expr_proj_mode=linear.
leave_one_out,w/o_E-Gate,0,1,1,ablation_arms_2026-09,53ce2631-3646-4172-bbd9-38b0a44d8214,nmi,0.2777246996506303,expr_proj_mode=linear.
leave_one_out,w/o_E-Gate,0,1,1,ablation_arms_2026-09,56a4bc14-9407-45fd-8786-f7f6fc87c9dd,ari,0.0919865063239268,expr_proj_mode=linear.
leave_one_out,w/o_E-Gate,0,1,1,ablation_arms_2026-09,56a4bc14-9407-45fd-8786-f7f6fc87c9dd,nmi,0.1681771710147813,expr_proj_mode=linear.
leave_one_out,w/o_E-Gate,0,1,1,ablation_arms_2026-09,589fe605-6d49-4abe-bff8-1675511c689a,ari,0.0322027891136255,expr_proj_mode=linear.
leave_one_out,w/o_E-Gate,0,1,1,ablation_arms_2026-09,589fe605-6d49-4abe-bff8-1675511c689a,nmi,0.0658385368090547,expr_proj_mode=linear.
leave_one_out,w/o_E-Gate,0,1,1,ablation_arms_2026-09,58f43044-cd3c-42b8-bc0b-3498eb236359,ari,0.1811702435059206,expr_proj_mode=linear.
leave_one_out,w/o_E-Gate,0,1,1,ablation_arms_2026-09,58f43044-cd3c-42b8-bc0b-3498eb236359,nmi,0.4566043670252954,expr_proj_mode=linear.
leave_one_out,w/o_E-Gate,0,1,1,ablation_arms_2026-09,5a9cfb44-494a-4540-8db8-7143b1bb5a6f,ari,0.061698267807977,expr_proj_mode=linear.
leave_one_out,w/o_E-Gate,0,1,1,ablation_arms_2026-09,5a9cfb44-494a-4540-8db8-7143b1bb5a6f,nmi,0.1830534276328558,expr_proj_mode=linear.
leave_one_out,w/o_E-Gate,0,1,1,ablation_arms_2026-09,5c97eeeb-7e52-44b3-b010-b832b1f5424c,ari,0.3513061452044558,expr_proj_mode=linear.
leave_one_out,w/o_E-Gate,0,1,1,ablation_arms_2026-09,5c97eeeb-7e52-44b3-b010-b832b1f5424c,nmi,0.5917748240829832,expr_proj_mode=linear.
leave_one_out,w/o_E-Gate,0,1,1,ablation_arms_2026-09,5e57cd50-8e42-42d6-940d-5c1660d06864,ari,0.3403741574825271,expr_proj_mode=linear.
leave_one_out,w/o_E-Gate,0,1,1,ablation_arms_2026-09,5e57cd50-8e42-42d6-940d-5c1660d06864,nmi,0.5802260808516255,expr_proj_mode=linear.
leave_one_out,w/o_E-Gate,0,1,1,ablation_arms_2026-09,5ed90bc0-12f3-4354-b314-0ce0dbb96458,ari,0.1731553776064213,expr_proj_mode=linear.
leave_one_out,w/o_E-Gate,0,1,1,ablation_arms_2026-09,5ed90bc0-12f3-4354-b314-0ce0dbb96458,nmi,0.3400500118182251,expr_proj_mode=linear.
leave_one_out,w/o_E-Gate,0,1,1,ablation_arms_2026-09,5fde5c9c-5b1e-4df5-982a-3f8e7635161f,ari,0.1775724189317692,expr_proj_mode=linear.
leave_one_out,w/o_E-Gate,0,1,1,ablation_arms_2026-09,5fde5c9c-5b1e-4df5-982a-3f8e7635161f,nmi,0.4405425134874319,expr_proj_mode=linear.
leave_one_out,w/o_E-Gate,0,1,1,ablation_arms_2026-09,60a29d0b-1a37-4447-ac32-00d701580b47,ari,0.1395781199867257,expr_proj_mode=linear.
leave_one_out,w/o_E-Gate,0,1,1,ablation_arms_2026-09,60a29d0b-1a37-4447-ac32-00d701580b47,nmi,0.359491598471251,expr_proj_mode=linear.
leave_one_out,w/o_E-Gate,0,1,1,ablation_arms_2026-09,61af564d-e5ea-4d34-a0f3-2668a00db376,ari,0.0310615677320242,expr_proj_mode=linear.
leave_one_out,w/o_E-Gate,0,1,1,ablation_arms_2026-09,61af564d-e5ea-4d34-a0f3-2668a00db376,nmi,0.0565430944249403,expr_proj_mode=linear.
leave_one_out,w/o_E-Gate,0,1,1,ablation_arms_2026-09,61d327d1-2227-4c5f-9367-e3559dc79b07,ari,0.0833358435737689,expr_proj_mode=linear.
leave_one_out,w/o_E-Gate,0,1,1,ablation_arms_2026-09,61d327d1-2227-4c5f-9367-e3559dc79b07,nmi,0.1752668560907808,expr_proj_mode=linear.
leave_one_out,w/o_E-Gate,0,1,1,ablation_arms_2026-09,64267fb5-7b70-4705-a13b-cc38966c22a8,ari,-0.0006401638117977,expr_proj_mode=linear.
leave_one_out,w/o_E-Gate,0,1,1,ablation_arms_2026-09,64267fb5-7b70-4705-a13b-cc38966c22a8,nmi,4.612380789751825e-05,expr_proj_mode=linear.
leave_one_out,w/o_E-Gate,0,1,1,ablation_arms_2026-09,67b6b9ac-b841-42ce-b2d4-ed2ec12327bd,ari,0.0798120682984909,expr_proj_mode=linear.
leave_one_out,w/o_E-Gate,0,1,1,ablation_arms_2026-09,67b6b9ac-b841-42ce-b2d4-ed2ec12327bd,nmi,0.2485166636810003,expr_proj_mode=linear.
leave_one_out,w/o_E-Gate,0,1,1,ablation_arms_2026-09,6fc37633-13f5-4bf0-af95-52808143bffd,ari,0.1606966120483334,expr_proj_mode=linear.
leave_one_out,w/o_E-Gate,0,1,1,ablation_arms_2026-09,6fc37633-13f5-4bf0-af95-52808143bffd,nmi,0.2488637134043937,expr_proj_mode=linear.
leave_one_out,w/o_E-Gate,0,1,1,ablation_arms_2026-09,75011e96-ba37-4977-a539-fbf9f66a5e37,ari,0.0586493548035856,expr_proj_mode=linear.
leave_one_out,w/o_E-Gate,0,1,1,ablation_arms_2026-09,75011e96-ba37-4977-a539-fbf9f66a5e37,nmi,0.1290713762778538,expr_proj_mode=linear.
leave_one_out,w/o_E-Gate,0,1,1,ablation_arms_2026-09,781cc817-3fd0-487c-a55a-b47b2786a05d,ari,0.049587647341085,expr_proj_mode=linear.
leave_one_out,w/o_E-Gate,0,1,1,ablation_arms_2026-09,781cc817-3fd0-487c-a55a-b47b2786a05d,nmi,0.0608460717326713,expr_proj_mode=linear.
leave_one_out,w/o_E-Gate,0,1,1,ablation_arms_2026-09,79884ae5-e026-4d4a-858f-e807960bd4f7,ari,0.0361345218123748,expr_proj_mode=linear.
leave_one_out,w/o_E-Gate,0,1,1,ablation_arms_2026-09,79884ae5-e026-4d4a-858f-e807960bd4f7,nmi,0.0926589698821847,expr_proj_mode=linear.
leave_one_out,w/o_E-Gate,0,1,1,ablation_arms_2026-09,8058d760-09e6-4bdd-86a1-36917ffca3ef,ari,0.0552402411008364,expr_proj_mode=linear.
leave_one_out,w/o_E-Gate,0,1,1,ablation_arms_2026-09,8058d760-09e6-4bdd-86a1-36917ffca3ef,nmi,0.1437399857176849,expr_proj_mode=linear.
leave_one_out,w/o_E-Gate,0,1,1,ablation_arms_2026-09,829a3cd1-a466-49f1-b2e9-d3f6b7f392e2,ari,0.1677457232019763,expr_proj_mode=linear.
leave_one_out,w/o_E-Gate,0,1,1,ablation_arms_2026-09,829a3cd1-a466-49f1-b2e9-d3f6b7f392e2,nmi,0.277394283075207,expr_proj_mode=linear.
leave_one_out,w/o_E-Gate,0,1,1,ablation_arms_2026-09,84cfa5aa-a0d1-415e-ac47-eb66c9cf8170,ari,0.1442202618555063,expr_proj_mode=linear.
leave_one_out,w/o_E-Gate,0,1,1,ablation_arms_2026-09,84cfa5aa-a0d1-415e-ac47-eb66c9cf8170,nmi,0.3277989786293391,expr_proj_mode=linear.
leave_one_out,w/o_E-Gate,0,1,1,ablation_arms_2026-09,8560f809-5794-484e-9152-b63efa91d134,ari,0.0447677821376295,expr_proj_mode=linear.
leave_one_out,w/o_E-Gate,0,1,1,ablation_arms_2026-09,8560f809-5794-484e-9152-b63efa91d134,nmi,0.1256232964905813,expr_proj_mode=linear.
leave_one_out,w/o_E-Gate,0,1,1,ablation_arms_2026-09,867757c1-3b1a-49d9-a0cd-17767eb160cc,ari,0.0750981938439708,expr_proj_mode=linear.
leave_one_out,w/o_E-Gate,0,1,1,ablation_arms_2026-09,867757c1-3b1a-49d9-a0cd-17767eb160cc,nmi,0.2170270160200336,expr_proj_mode=linear.
leave_one_out,w/o_E-Gate,0,1,1,ablation_arms_2026-09,881e0e6b-a185-45f1-9b56-81606e91e7ff,ari,0.1324060609672719,expr_proj_mode=linear.
leave_one_out,w/o_E-Gate,0,1,1,ablation_arms_2026-09,881e0e6b-a185-45f1-9b56-81606e91e7ff,nmi,0.3486363663322716,expr_proj_mode=linear.
leave_one_out,w/o_E-Gate,0,1,1,ablation_arms_2026-09,8ef06ea4-8d0f-4303-a652-7d4604402b1f,ari,0.080593754784604,expr_proj_mode=linear.
leave_one_out,w/o_E-Gate,0,1,1,ablation_arms_2026-09,8ef06ea4-8d0f-4303-a652-7d4604402b1f,nmi,0.1892215355458947,expr_proj_mode=linear.
leave_one_out,w/o_E-Gate,0,1,1,ablation_arms_2026-09,8f3e7fcf-0b16-4a29-a5f1-a7a8b267d689,ari,0.1852580998047553,expr_proj_mode=linear.
leave_one_out,w/o_E-Gate,0,1,1,ablation_arms_2026-09,8f3e7fcf-0b16-4a29-a5f1-a7a8b267d689,nmi,0.4211274591456154,expr_proj_mode=linear.
leave_one_out,w/o_E-Gate,0,1,1,ablation_arms_2026-09,8ff0cef9-393e-43de-9722-a1e12c239727,ari,0.0296075271343908,expr_proj_mode=linear.
leave_one_out,w/o_E-Gate,0,1,1,ablation_arms_2026-09,8ff0cef9-393e-43de-9722-a1e12c239727,nmi,0.0777328387470859,expr_proj_mode=linear.
leave_one_out,w/o_E-Gate,0,1,1,ablation_arms_2026-09,95d3b0fb-b8a7-4bec-a2e8-cded3222ff07,ari,0.4874026946510295,expr_proj_mode=linear.
leave_one_out,w/o_E-Gate,0,1,1,ablation_arms_2026-09,95d3b0fb-b8a7-4bec-a2e8-cded3222ff07,nmi,0.6098906003198639,expr_proj_mode=linear.
leave_one_out,w/o_E-Gate,0,1,1,ablation_arms_2026-09,963a08cb-d995-4862-9614-f9d38a7d7540,ari,0.1660034432686474,expr_proj_mode=linear.
leave_one_out,w/o_E-Gate,0,1,1,ablation_arms_2026-09,963a08cb-d995-4862-9614-f9d38a7d7540,nmi,0.428278808464991,expr_proj_mode=linear.
leave_one_out,w/o_E-Gate,0,1,1,ablation_arms_2026-09,978a566a-dc27-478d-b306-26daba116c1f,ari,0.0280533393749002,expr_proj_mode=linear.
leave_one_out,w/o_E-Gate,0,1,1,ablation_arms_2026-09,978a566a-dc27-478d-b306-26daba116c1f,nmi,0.0867822715153595,expr_proj_mode=linear.
leave_one_out,w/o_E-Gate,0,1,1,ablation_arms_2026-09,98219f72-0f9a-4de9-a859-c81834f24ab1,ari,0.0214889388600305,expr_proj_mode=linear.
leave_one_out,w/o_E-Gate,0,1,1,ablation_arms_2026-09,98219f72-0f9a-4de9-a859-c81834f24ab1,nmi,0.0682618858408588,expr_proj_mode=linear.
leave_one_out,w/o_E-Gate,0,1,1,ablation_arms_2026-09,9f1a899f-05a0-44c5-8aa9-39df61ae4324,ari,0.1028781118206107,expr_proj_mode=linear.
leave_one_out,w/o_E-Gate,0,1,1,ablation_arms_2026-09,9f1a899f-05a0-44c5-8aa9-39df61ae4324,nmi,0.2471840807289745,expr_proj_mode=linear.
leave_one_out,w/o_E-Gate,0,1,1,ablation_arms_2026-09,a24ce10f-5a87-4e1f-a34a-f4fe5fc84052,ari,0.5094462648750266,expr_proj_mode=linear.
leave_one_out,w/o_E-Gate,0,1,1,ablation_arms_2026-09,a24ce10f-5a87-4e1f-a34a-f4fe5fc84052,nmi,0.6430550277501899,expr_proj_mode=linear.
leave_one_out,w/o_E-Gate,0,1,1,ablation_arms_2026-09,a2c833f7-b7f1-4f4d-ad31-cae478b601b7,ari,0.0272188914264543,expr_proj_mode=linear.
leave_one_out,w/o_E-Gate,0,1,1,ablation_arms_2026-09,a2c833f7-b7f1-4f4d-ad31-cae478b601b7,nmi,0.055536718381549,expr_proj_mode=linear.
leave_one_out,w/o_E-Gate,0,1,1,ablation_arms_2026-09,aa32098f-f7b0-43f2-a00a-601d190aae94,ari,0.176767794507492,expr_proj_mode=linear.
leave_one_out,w/o_E-Gate,0,1,1,ablation_arms_2026-09,aa32098f-f7b0-43f2-a00a-601d190aae94,nmi,0.4483703696357429,expr_proj_mode=linear.
leave_one_out,w/o_E-Gate,0,1,1,ablation_arms_2026-09,aa369999-a034-4ad9-b459-8a93c86ea77b,ari,0.0958603088765856,expr_proj_mode=linear.
leave_one_out,w/o_E-Gate,0,1,1,ablation_arms_2026-09,aa369999-a034-4ad9-b459-8a93c86ea77b,nmi,0.2896469248458274,expr_proj_mode=linear.
leave_one_out,w/o_E-Gate,0,1,1,ablation_arms_2026-09,acd544d0-4d8b-46c7-98b3-fc48f7e6fdb7,ari,0.0351199978301003,expr_proj_mode=linear.
leave_one_out,w/o_E-Gate,0,1,1,ablation_arms_2026-09,acd544d0-4d8b-46c7-98b3-fc48f7e6fdb7,nmi,0.1423168804408665,expr_proj_mode=linear.
leave_one_out,w/o_E-Gate,0,1,1,ablation_arms_2026-09,aecc2743-4ff2-4b55-ac8c-a1ff76fc4bb4,ari,0.0148494118137222,expr_proj_mode=linear.
leave_one_out,w/o_E-Gate,0,1,1,ablation_arms_2026-09,aecc2743-4ff2-4b55-ac8c-a1ff76fc4bb4,nmi,0.0377136475928936,expr_proj_mode=linear.
leave_one_out,w/o_E-Gate,0,1,1,ablation_arms_2026-09,afae4675-434d-4e89-b5ce-2854c9dc38a3,ari,0.0887422201181012,expr_proj_mode=linear.
leave_one_out,w/o_E-Gate,0,1,1,ablation_arms_2026-09,afae4675-434d-4e89-b5ce-2854c9dc38a3,nmi,0.174286697057663,expr_proj_mode=linear.
leave_one_out,w/o_E-Gate,0,1,1,ablation_arms_2026-09,b617ee1b-f8c8-4de9-b82b-e803ab93550d,ari,0.016087637616578,expr_proj_mode=linear.
leave_one_out,w/o_E-Gate,0,1,1,ablation_arms_2026-09,b617ee1b-f8c8-4de9-b82b-e803ab93550d,nmi,0.0326317169743218,expr_proj_mode=linear.
leave_one_out,w/o_E-Gate,0,1,1,ablation_arms_2026-09,c838aec3-03ef-4398-b882-0e3912abfff0,ari,0.1839859565750541,expr_proj_mode=linear.
leave_one_out,w/o_E-Gate,0,1,1,ablation_arms_2026-09,c838aec3-03ef-4398-b882-0e3912abfff0,nmi,0.441443963886163,expr_proj_mode=linear.
leave_one_out,w/o_E-Gate,0,1,1,ablation_arms_2026-09,cee9b331-3ba0-4461-8bbd-867819d9fc0a,ari,0.5435557536895675,expr_proj_mode=linear.
leave_one_out,w/o_E-Gate,0,1,1,ablation_arms_2026-09,cee9b331-3ba0-4461-8bbd-867819d9fc0a,nmi,0.6036973644780691,expr_proj_mode=linear.
leave_one_out,w/o_E-Gate,0,1,1,ablation_arms_2026-09,d567b692-c374-4628-a508-8008f6778f22,ari,0.0881580485314001,expr_proj_mode=linear.
leave_one_out,w/o_E-Gate,0,1,1,ablation_arms_2026-09,d567b692-c374-4628-a508-8008f6778f22,nmi,0.17951762408629,expr_proj_mode=linear.
leave_one_out,w/o_E-Gate,0,1,1,ablation_arms_2026-09,d68a8b48-abf0-4bd5-8834-155d34ec448a,ari,0.0810004533485327,expr_proj_mode=linear.
leave_one_out,w/o_E-Gate,0,1,1,ablation_arms_2026-09,d68a8b48-abf0-4bd5-8834-155d34ec448a,nmi,0.3139907554941284,expr_proj_mode=linear.
leave_one_out,w/o_E-Gate,0,1,1,ablation_arms_2026-09,d7cff847-6403-44a6-ad8a-2f5a783639dd,ari,0.5262694007499952,expr_proj_mode=linear.
leave_one_out,w/o_E-Gate,0,1,1,ablation_arms_2026-09,d7cff847-6403-44a6-ad8a-2f5a783639dd,nmi,0.6614656014303633,expr_proj_mode=linear.
leave_one_out,w/o_E-Gate,0,1,1,ablation_arms_2026-09,de5416ef-bbfa-41f3-99d4-01a3554173f5,ari,0.0683112225847678,expr_proj_mode=linear.
leave_one_out,w/o_E-Gate,0,1,1,ablation_arms_2026-09,de5416ef-bbfa-41f3-99d4-01a3554173f5,nmi,0.2265866641295197,expr_proj_mode=linear.
leave_one_out,w/o_E-Gate,0,1,1,ablation_arms_2026-09,e3ed2ba4-edf5-40ac-8750-8a417ad1eefe,ari,0.2120847976499734,expr_proj_mode=linear.
leave_one_out,w/o_E-Gate,0,1,1,ablation_arms_2026-09,e3ed2ba4-edf5-40ac-8750-8a417ad1eefe,nmi,0.3711261524632521,expr_proj_mode=linear.
leave_one_out,w/o_E-Gate,0,1,1,ablation_arms_2026-09,e51bae9a-c747-4b64-904a-4da7cda218ab,ari,0.3022677450247473,expr_proj_mode=linear.
leave_one_out,w/o_E-Gate,0,1,1,ablation_arms_2026-09,e51bae9a-c747-4b64-904a-4da7cda218ab,nmi,0.4613436221710046,expr_proj_mode=linear.
leave_one_out,w/o_E-Gate,0,1,1,ablation_arms_2026-09,e522d2cd-7927-4e59-a4ed-064009569279,ari,0.169104607776306,expr_proj_mode=linear.
leave_one_out,w/o_E-Gate,0,1,1,ablation_arms_2026-09,e522d2cd-7927-4e59-a4ed-064009569279,nmi,0.4368096221684316,expr_proj_mode=linear.
leave_one_out,w/o_E-Gate,0,1,1,ablation_arms_2026-09,e7bd68ab-df49-44df-9b1e-8486114aeeb5,ari,0.0884687889686802,expr_proj_mode=linear.
leave_one_out,w/o_E-Gate,0,1,1,ablation_arms_2026-09,e7bd68ab-df49-44df-9b1e-8486114aeeb5,nmi,0.1708514699147142,expr_proj_mode=linear.
leave_one_out,w/o_E-Gate,0,1,1,ablation_arms_2026-09,edbfa04a-f1dd-496a-8237-df11d70621ca,ari,0.0937357696591633,expr_proj_mode=linear.
leave_one_out,w/o_E-Gate,0,1,1,ablation_arms_2026-09,edbfa04a-f1dd-496a-8237-df11d70621ca,nmi,0.2064545236986587,expr_proj_mode=linear.
leave_one_out,w/o_E-Gate,0,1,1,ablation_arms_2026-09,f14bc322-1322-4184-8d16-409557525ea5,ari,0.1196584432130402,expr_proj_mode=linear.
leave_one_out,w/o_E-Gate,0,1,1,ablation_arms_2026-09,f14bc322-1322-4184-8d16-409557525ea5,nmi,0.3812039381396696,expr_proj_mode=linear.
leave_one_out,w/o_E-Gate,0,1,1,ablation_arms_2026-09,f3c49918-4707-4d92-bb6d-2b5b4eb9d1b4,ari,0.5019502798170388,expr_proj_mode=linear.
leave_one_out,w/o_E-Gate,0,1,1,ablation_arms_2026-09,f3c49918-4707-4d92-bb6d-2b5b4eb9d1b4,nmi,0.6449354444659515,expr_proj_mode=linear.
leave_one_out,w/o_E-Gate,0,1,1,ablation_arms_2026-09,f641d68a-e877-4bb8-afd7-b8fa3921d461,ari,0.0179280853340545,expr_proj_mode=linear.
leave_one_out,w/o_E-Gate,0,1,1,ablation_arms_2026-09,f641d68a-e877-4bb8-afd7-b8fa3921d461,nmi,0.0575888773233245,expr_proj_mode=linear.
leave_one_out,w/o_E-Gate,0,1,1,ablation_arms_2026-09,f6cc8a47-2dea-40aa-8608-d771c5ef8a07,ari,0.0222486082326801,expr_proj_mode=linear.
leave_one_out,w/o_E-Gate,0,1,1,ablation_arms_2026-09,f6cc8a47-2dea-40aa-8608-d771c5ef8a07,nmi,0.0688473099856046,expr_proj_mode=linear.
leave_one_out,w/o_E-Gate,0,1,1,ablation_arms_2026-09,fe7aae33-6f7c-41a5-8d29-9996a9ddf1ab,ari,0.0800423784171121,expr_proj_mode=linear.
leave_one_out,w/o_E-Gate,0,1,1,ablation_arms_2026-09,fe7aae33-6f7c-41a5-8d29-9996a9ddf1ab,nmi,0.1387372430184423,expr_proj_mode=linear.
leave_one_out,w/o_E-Gate,0,1,1,ablation_arms_2026-09,01b84709-139c-4485-98a9-6e14c58fbbf6,gene_mean_pearson,0.8494978879346742,expr_proj_mode=linear.
leave_one_out,w/o_E-Gate,0,1,1,ablation_arms_2026-09,01b84709-139c-4485-98a9-6e14c58fbbf6,training_style_hvg,0.5409487396240235,expr_proj_mode=linear.
leave_one_out,w/o_E-Gate,0,1,1,ablation_arms_2026-09,07dd8c34-4625-480a-8ee4-273a06c3082b,gene_mean_pearson,0.9085545630184122,expr_proj_mode=linear.
leave_one_out,w/o_E-Gate,0,1,1,ablation_arms_2026-09,07dd8c34-4625-480a-8ee4-273a06c3082b,training_style_hvg,0.7234435773623711,expr_proj_mode=linear.
leave_one_out,w/o_E-Gate,0,1,1,ablation_arms_2026-09,09b518f9-da64-44cc-aec8-70a89d55611f,gene_mean_pearson,0.7365962652586775,expr_proj_mode=linear.
leave_one_out,w/o_E-Gate,0,1,1,ablation_arms_2026-09,09b518f9-da64-44cc-aec8-70a89d55611f,training_style_hvg,0.3864732269287109,expr_proj_mode=linear.
leave_one_out,w/o_E-Gate,0,1,1,ablation_arms_2026-09,0a8e3443-c3e2-4918-84db-0495657d9175,gene_mean_pearson,0.9349092058270684,expr_proj_mode=linear.
leave_one_out,w/o_E-Gate,0,1,1,ablation_arms_2026-09,0a8e3443-c3e2-4918-84db-0495657d9175,training_style_hvg,0.633051284790039,expr_proj_mode=linear.
leave_one_out,w/o_E-Gate,0,1,1,ablation_arms_2026-09,0ae6f031-2f9c-4247-8b26-db320d6efd32,gene_mean_pearson,0.7211569430523245,expr_proj_mode=linear.
leave_one_out,w/o_E-Gate,0,1,1,ablation_arms_2026-09,0ae6f031-2f9c-4247-8b26-db320d6efd32,training_style_hvg,0.4546473821824597,expr_proj_mode=linear.
leave_one_out,w/o_E-Gate,0,1,1,ablation_arms_2026-09,0bf30b02-db97-4560-b9cd-0fe3588892af,gene_mean_pearson,0.8944422083037521,expr_proj_mode=linear.
leave_one_out,w/o_E-Gate,0,1,1,ablation_arms_2026-09,0bf30b02-db97-4560-b9cd-0fe3588892af,training_style_hvg,0.7000634033203125,expr_proj_mode=linear.
leave_one_out,w/o_E-Gate,0,1,1,ablation_arms_2026-09,0c0c49a2-b96b-432f-98a4-1decf9929149,gene_mean_pearson,0.9358056988796132,expr_proj_mode=linear.
leave_one_out,w/o_E-Gate,0,1,1,ablation_arms_2026-09,0c0c49a2-b96b-432f-98a4-1decf9929149,training_style_hvg,0.6573816955566406,expr_proj_mode=linear.
leave_one_out,w/o_E-Gate,0,1,1,ablation_arms_2026-09,145dcf6a-2461-4fa3-a0af-7fc56db0bd33,gene_mean_pearson,0.9047646585194054,expr_proj_mode=linear.
leave_one_out,w/o_E-Gate,0,1,1,ablation_arms_2026-09,145dcf6a-2461-4fa3-a0af-7fc56db0bd33,training_style_hvg,0.8002140075683594,expr_proj_mode=linear.
leave_one_out,w/o_E-Gate,0,1,1,ablation_arms_2026-09,16023185-de21-4c0d-a9c8-73abdd52d142,gene_mean_pearson,0.9679022546332428,expr_proj_mode=linear.
leave_one_out,w/o_E-Gate,0,1,1,ablation_arms_2026-09,16023185-de21-4c0d-a9c8-73abdd52d142,training_style_hvg,0.6561114501953125,expr_proj_mode=linear.
leave_one_out,w/o_E-Gate,0,1,1,ablation_arms_2026-09,19053a82-9c89-4fb8-bd19-d7b1800b0b7b,gene_mean_pearson,0.8786789058358705,expr_proj_mode=linear.
leave_one_out,w/o_E-Gate,0,1,1,ablation_arms_2026-09,19053a82-9c89-4fb8-bd19-d7b1800b0b7b,training_style_hvg,0.5216082702636718,expr_proj_mode=linear.
leave_one_out,w/o_E-Gate,0,1,1,ablation_arms_2026-09,19f1bec6-eeb7-4133-accc-992d745fef89,gene_mean_pearson,0.6695349321882581,expr_proj_mode=linear.
leave_one_out,w/o_E-Gate,0,1,1,ablation_arms_2026-09,19f1bec6-eeb7-4133-accc-992d745fef89,training_style_hvg,0.3313587707519531,expr_proj_mode=linear.
leave_one_out,w/o_E-Gate,0,1,1,ablation_arms_2026-09,1a9f3b38-b86d-416d-bbdc-9058ad3ff42d,gene_mean_pearson,0.6640886890874798,expr_proj_mode=linear.
leave_one_out,w/o_E-Gate,0,1,1,ablation_arms_2026-09,1a9f3b38-b86d-416d-bbdc-9058ad3ff42d,training_style_hvg,0.2899369018554688,expr_proj_mode=linear.
leave_one_out,w/o_E-Gate,0,1,1,ablation_arms_2026-09,1ab4ebbc-18d6-4838-89c2-cdc5b10accfb,gene_mean_pearson,0.919899316791823,expr_proj_mode=linear.
leave_one_out,w/o_E-Gate,0,1,1,ablation_arms_2026-09,1ab4ebbc-18d6-4838-89c2-cdc5b10accfb,training_style_hvg,0.7200447652739179,expr_proj_mode=linear.
leave_one_out,w/o_E-Gate,0,1,1,ablation_arms_2026-09,1b350d0a-4535-4879-beb6-1142f3f94947,gene_mean_pearson,0.9428863629810096,expr_proj_mode=linear.
leave_one_out,w/o_E-Gate,0,1,1,ablation_arms_2026-09,1b350d0a-4535-4879-beb6-1142f3f94947,training_style_hvg,0.7366784301757813,expr_proj_mode=linear.
leave_one_out,w/o_E-Gate,0,1,1,ablation_arms_2026-09,203025fe-fa99-4d57-81da-458ed8f0c334,gene_mean_pearson,0.7351845499821266,expr_proj_mode=linear.
leave_one_out,w/o_E-Gate,0,1,1,ablation_arms_2026-09,203025fe-fa99-4d57-81da-458ed8f0c334,training_style_hvg,0.3548885162353515,expr_proj_mode=linear.
leave_one_out,w/o_E-Gate,0,1,1,ablation_arms_2026-09,21722308-5091-4b63-9c07-4f116ab9a7b3,gene_mean_pearson,0.8939218158480483,expr_proj_mode=linear.
leave_one_out,w/o_E-Gate,0,1,1,ablation_arms_2026-09,21722308-5091-4b63-9c07-4f116ab9a7b3,training_style_hvg,0.8237102416992188,expr_proj_mode=linear.
leave_one_out,w/o_E-Gate,0,1,1,ablation_arms_2026-09,27d3952f-fbbc-497d-98d1-f37f3d555235,gene_mean_pearson,0.679783013642701,expr_proj_mode=linear.
leave_one_out,w/o_E-Gate,0,1,1,ablation_arms_2026-09,27d3952f-fbbc-497d-98d1-f37f3d555235,training_style_hvg,0.2499954095630243,expr_proj_mode=linear.
leave_one_out,w/o_E-Gate,0,1,1,ablation_arms_2026-09,30c2a6fd-d547-460f-a5e7-44c62a2af7ad,gene_mean_pearson,0.7678052235186457,expr_proj_mode=linear.
leave_one_out,w/o_E-Gate,0,1,1,ablation_arms_2026-09,30c2a6fd-d547-460f-a5e7-44c62a2af7ad,training_style_hvg,0.6075574768066406,expr_proj_mode=linear.
leave_one_out,w/o_E-Gate,0,1,1,ablation_arms_2026-09,322c816f-608a-4da1-99c4-36ca4ad45146,gene_mean_pearson,0.670307112006355,expr_proj_mode=linear.
leave_one_out,w/o_E-Gate,0,1,1,ablation_arms_2026-09,322c816f-608a-4da1-99c4-36ca4ad45146,training_style_hvg,0.3126002655029297,expr_proj_mode=linear.
leave_one_out,w/o_E-Gate,0,1,1,ablation_arms_2026-09,3a702020-cf66-4ef5-9d11-4a5e835b7efb,gene_mean_pearson,0.6635583553266422,expr_proj_mode=linear.
leave_one_out,w/o_E-Gate,0,1,1,ablation_arms_2026-09,3a702020-cf66-4ef5-9d11-4a5e835b7efb,training_style_hvg,0.2642621978759765,expr_proj_mode=linear.
leave_one_out,w/o_E-Gate,0,1,1,ablation_arms_2026-09,3bfd5174-5b49-4e58-b233-ed0f4edd0bec,gene_mean_pearson,0.7202241593976979,expr_proj_mode=linear.
leave_one_out,w/o_E-Gate,0,1,1,ablation_arms_2026-09,3bfd5174-5b49-4e58-b233-ed0f4edd0bec,training_style_hvg,0.4685533486643145,expr_proj_mode=linear.
leave_one_out,w/o_E-Gate,0,1,1,ablation_arms_2026-09,3c364ffe-d599-44d5-a77f-6c5fd7038cf6,gene_mean_pearson,0.8217958641837744,expr_proj_mode=linear.
leave_one_out,w/o_E-Gate,0,1,1,ablation_arms_2026-09,3c364ffe-d599-44d5-a77f-6c5fd7038cf6,training_style_hvg,0.4175479461669922,expr_proj_mode=linear.
leave_one_out,w/o_E-Gate,0,1,1,ablation_arms_2026-09,3cb646ab-d411-4e5b-89eb-082a786c953b,gene_mean_pearson,0.9346883425347272,expr_proj_mode=linear.
leave_one_out,w/o_E-Gate,0,1,1,ablation_arms_2026-09,3cb646ab-d411-4e5b-89eb-082a786c953b,training_style_hvg,0.6542885467529297,expr_proj_mode=linear.
leave_one_out,w/o_E-Gate,0,1,1,ablation_arms_2026-09,3e55180c-780a-4424-9434-5296640ffc0d,gene_mean_pearson,0.899565463171832,expr_proj_mode=linear.
leave_one_out,w/o_E-Gate,0,1,1,ablation_arms_2026-09,3e55180c-780a-4424-9434-5296640ffc0d,training_style_hvg,0.7760650736831104,expr_proj_mode=linear.
leave_one_out,w/o_E-Gate,0,1,1,ablation_arms_2026-09,420d0f5d-b7ba-4b1e-88d0-44e9f733febd,gene_mean_pearson,0.9394938259568784,expr_proj_mode=linear.
leave_one_out,w/o_E-Gate,0,1,1,ablation_arms_2026-09,420d0f5d-b7ba-4b1e-88d0-44e9f733febd,training_style_hvg,0.6537478149414062,expr_proj_mode=linear.
leave_one_out,w/o_E-Gate,0,1,1,ablation_arms_2026-09,4319097a-acae-4124-beed-d1173ffe1464,gene_mean_pearson,0.8140577486760093,expr_proj_mode=linear.
leave_one_out,w/o_E-Gate,0,1,1,ablation_arms_2026-09,4319097a-acae-4124-beed-d1173ffe1464,training_style_hvg,0.4340062767767137,expr_proj_mode=linear.
leave_one_out,w/o_E-Gate,0,1,1,ablation_arms_2026-09,432f3af5-6a79-401f-b315-fb2df789f32c,gene_mean_pearson,0.8107610122457403,expr_proj_mode=linear.
leave_one_out,w/o_E-Gate,0,1,1,ablation_arms_2026-09,432f3af5-6a79-401f-b315-fb2df789f32c,training_style_hvg,0.5123438917590726,expr_proj_mode=linear.
leave_one_out,w/o_E-Gate,0,1,1,ablation_arms_2026-09,43a1506b-aa9e-46a3-b288-d210f4595ddf,gene_mean_pearson,0.947932220508978,expr_proj_mode=linear.
leave_one_out,w/o_E-Gate,0,1,1,ablation_arms_2026-09,43a1506b-aa9e-46a3-b288-d210f4595ddf,training_style_hvg,0.8088600341796875,expr_proj_mode=linear.
leave_one_out,w/o_E-Gate,0,1,1,ablation_arms_2026-09,43aa19d2-c723-4822-979d-d2f0239835e0,gene_mean_pearson,0.9053618911333012,expr_proj_mode=linear.
leave_one_out,w/o_E-Gate,0,1,1,ablation_arms_2026-09,43aa19d2-c723-4822-979d-d2f0239835e0,training_style_hvg,0.8218640686035156,expr_proj_mode=linear.
leave_one_out,w/o_E-Gate,0,1,1,ablation_arms_2026-09,46104f0b-9af5-466a-ae0f-56b8dc1969a2,gene_mean_pearson,0.936208108305032,expr_proj_mode=linear.
leave_one_out,w/o_E-Gate,0,1,1,ablation_arms_2026-09,46104f0b-9af5-466a-ae0f-56b8dc1969a2,training_style_hvg,0.6482807189941406,expr_proj_mode=linear.
leave_one_out,w/o_E-Gate,0,1,1,ablation_arms_2026-09,47e00f43-6176-44a5-b4d1-f88a1920fcab,gene_mean_pearson,0.940119006367865,expr_proj_mode=linear.
leave_one_out,w/o_E-Gate,0,1,1,ablation_arms_2026-09,47e00f43-6176-44a5-b4d1-f88a1920fcab,training_style_hvg,0.66641875,expr_proj_mode=linear.
leave_one_out,w/o_E-Gate,0,1,1,ablation_arms_2026-09,4b83f213-b96b-4c87-a884-9b81faddb194,gene_mean_pearson,0.8602209136299868,expr_proj_mode=linear.
leave_one_out,w/o_E-Gate,0,1,1,ablation_arms_2026-09,4b83f213-b96b-4c87-a884-9b81faddb194,training_style_hvg,0.5303788818359375,expr_proj_mode=linear.
leave_one_out,w/o_E-Gate,0,1,1,ablation_arms_2026-09,527641f0-df64-4c80-957c-a65dccd477bc,gene_mean_pearson,0.8444855258580168,expr_proj_mode=linear.
leave_one_out,w/o_E-Gate,0,1,1,ablation_arms_2026-09,527641f0-df64-4c80-957c-a65dccd477bc,training_style_hvg,0.8012132844002016,expr_proj_mode=linear.
leave_one_out,w/o_E-Gate,0,1,1,ablation_arms_2026-09,53ce2631-3646-4172-bbd9-38b0a44d8214,gene_mean_pearson,0.8161405592949715,expr_proj_mode=linear.
leave_one_out,w/o_E-Gate,0,1,1,ablation_arms_2026-09,53ce2631-3646-4172-bbd9-38b0a44d8214,training_style_hvg,0.5400897521972656,expr_proj_mode=linear.
leave_one_out,w/o_E-Gate,0,1,1,ablation_arms_2026-09,56a4bc14-9407-45fd-8786-f7f6fc87c9dd,gene_mean_pearson,0.8957398735961457,expr_proj_mode=linear.
leave_one_out,w/o_E-Gate,0,1,1,ablation_arms_2026-09,56a4bc14-9407-45fd-8786-f7f6fc87c9dd,training_style_hvg,0.5867216857910156,expr_proj_mode=linear.
leave_one_out,w/o_E-Gate,0,1,1,ablation_arms_2026-09,589fe605-6d49-4abe-bff8-1675511c689a,gene_mean_pearson,0.9655455475458216,expr_proj_mode=linear.
leave_one_out,w/o_E-Gate,0,1,1,ablation_arms_2026-09,589fe605-6d49-4abe-bff8-1675511c689a,training_style_hvg,0.7881813659667969,expr_proj_mode=linear.
leave_one_out,w/o_E-Gate,0,1,1,ablation_arms_2026-09,58f43044-cd3c-42b8-bc0b-3498eb236359,gene_mean_pearson,0.907370400843974,expr_proj_mode=linear.
leave_one_out,w/o_E-Gate,0,1,1,ablation_arms_2026-09,58f43044-cd3c-42b8-bc0b-3498eb236359,training_style_hvg,0.6231193115234375,expr_proj_mode=linear.
leave_one_out,w/o_E-Gate,0,1,1,ablation_arms_2026-09,5a9cfb44-494a-4540-8db8-7143b1bb5a6f,gene_mean_pearson,0.80817446478156,expr_proj_mode=linear.
leave_one_out,w/o_E-Gate,0,1,1,ablation_arms_2026-09,5a9cfb44-494a-4540-8db8-7143b1bb5a6f,training_style_hvg,0.4107155151367187,expr_proj_mode=linear.
leave_one_out,w/o_E-Gate,0,1,1,ablation_arms_2026-09,5c97eeeb-7e52-44b3-b010-b832b1f5424c,gene_mean_pearson,0.8944761314337963,expr_proj_mode=linear.
leave_one_out,w/o_E-Gate,0,1,1,ablation_arms_2026-09,5c97eeeb-7e52-44b3-b010-b832b1f5424c,training_style_hvg,0.7339706787109375,expr_proj_mode=linear.
leave_one_out,w/o_E-Gate,0,1,1,ablation_arms_2026-09,5e57cd50-8e42-42d6-940d-5c1660d06864,gene_mean_pearson,0.8974027183953063,expr_proj_mode=linear.
leave_one_out,w/o_E-Gate,0,1,1,ablation_arms_2026-09,5e57cd50-8e42-42d6-940d-5c1660d06864,training_style_hvg,0.7336265747070313,expr_proj_mode=linear.
leave_one_out,w/o_E-Gate,0,1,1,ablation_arms_2026-09,5ed90bc0-12f3-4354-b314-0ce0dbb96458,gene_mean_pearson,0.9137350409386382,expr_proj_mode=linear.
leave_one_out,w/o_E-Gate,0,1,1,ablation_arms_2026-09,5ed90bc0-12f3-4354-b314-0ce0dbb96458,training_style_hvg,0.6872970031738281,expr_proj_mode=linear.
leave_one_out,w/o_E-Gate,0,1,1,ablation_arms_2026-09,5fde5c9c-5b1e-4df5-982a-3f8e7635161f,gene_mean_pearson,0.9377577329404684,expr_proj_mode=linear.
leave_one_out,w/o_E-Gate,0,1,1,ablation_arms_2026-09,5fde5c9c-5b1e-4df5-982a-3f8e7635161f,training_style_hvg,0.6211853088378906,expr_proj_mode=linear.
leave_one_out,w/o_E-Gate,0,1,1,ablation_arms_2026-09,60a29d0b-1a37-4447-ac32-00d701580b47,gene_mean_pearson,0.9289814386789476,expr_proj_mode=linear.
leave_one_out,w/o_E-Gate,0,1,1,ablation_arms_2026-09,60a29d0b-1a37-4447-ac32-00d701580b47,training_style_hvg,0.6913727677678628,expr_proj_mode=linear.
leave_one_out,w/o_E-Gate,0,1,1,ablation_arms_2026-09,61af564d-e5ea-4d34-a0f3-2668a00db376,gene_mean_pearson,0.5860170832034814,expr_proj_mode=linear.
leave_one_out,w/o_E-Gate,0,1,1,ablation_arms_2026-09,61af564d-e5ea-4d34-a0f3-2668a00db376,training_style_hvg,0.2168558792114258,expr_proj_mode=linear.
leave_one_out,w/o_E-Gate,0,1,1,ablation_arms_2026-09,61d327d1-2227-4c5f-9367-e3559dc79b07,gene_mean_pearson,0.4950725330301268,expr_proj_mode=linear.
leave_one_out,w/o_E-Gate,0,1,1,ablation_arms_2026-09,61d327d1-2227-4c5f-9367-e3559dc79b07,training_style_hvg,0.3486514450916693,expr_proj_mode=linear.
leave_one_out,w/o_E-Gate,0,1,1,ablation_arms_2026-09,64267fb5-7b70-4705-a13b-cc38966c22a8,gene_mean_pearson,0.8924590371777916,expr_proj_mode=linear.
leave_one_out,w/o_E-Gate,0,1,1,ablation_arms_2026-09,64267fb5-7b70-4705-a13b-cc38966c22a8,training_style_hvg,0.7268473815917968,expr_proj_mode=linear.
leave_one_out,w/o_E-Gate,0,1,1,ablation_arms_2026-09,67b6b9ac-b841-42ce-b2d4-ed2ec12327bd,gene_mean_pearson,0.7625797971943336,expr_proj_mode=linear.
leave_one_out,w/o_E-Gate,0,1,1,ablation_arms_2026-09,67b6b9ac-b841-42ce-b2d4-ed2ec12327bd,training_style_hvg,0.3856130279541016,expr_proj_mode=linear.
leave_one_out,w/o_E-Gate,0,1,1,ablation_arms_2026-09,6fc37633-13f5-4bf0-af95-52808143bffd,gene_mean_pearson,0.9060166707365848,expr_proj_mode=linear.
leave_one_out,w/o_E-Gate,0,1,1,ablation_arms_2026-09,6fc37633-13f5-4bf0-af95-52808143bffd,training_style_hvg,0.6374317460270771,expr_proj_mode=linear.
leave_one_out,w/o_E-Gate,0,1,1,ablation_arms_2026-09,75011e96-ba37-4977-a539-fbf9f66a5e37,gene_mean_pearson,0.8180918519401142,expr_proj_mode=linear.
leave_one_out,w/o_E-Gate,0,1,1,ablation_arms_2026-09,75011e96-ba37-4977-a539-fbf9f66a5e37,training_style_hvg,0.4243903903203325,expr_proj_mode=linear.
leave_one_out,w/o_E-Gate,0,1,1,ablation_arms_2026-09,781cc817-3fd0-487c-a55a-b47b2786a05d,gene_mean_pearson,0.952831027398857,expr_proj_mode=linear.
leave_one_out,w/o_E-Gate,0,1,1,ablation_arms_2026-09,781cc817-3fd0-487c-a55a-b47b2786a05d,training_style_hvg,0.8903847680615838,expr_proj_mode=linear.
leave_one_out,w/o_E-Gate,0,1,1,ablation_arms_2026-09,79884ae5-e026-4d4a-858f-e807960bd4f7,gene_mean_pearson,0.6429920333622263,expr_proj_mode=linear.
leave_one_out,w/o_E-Gate,0,1,1,ablation_arms_2026-09,79884ae5-e026-4d4a-858f-e807960bd4f7,training_style_hvg,0.2999326958090572,expr_proj_mode=linear.
leave_one_out,w/o_E-Gate,0,1,1,ablation_arms_2026-09,8058d760-09e6-4bdd-86a1-36917ffca3ef,gene_mean_pearson,0.6813429723308476,expr_proj_mode=linear.
leave_one_out,w/o_E-Gate,0,1,1,ablation_arms_2026-09,8058d760-09e6-4bdd-86a1-36917ffca3ef,training_style_hvg,0.4056890686035156,expr_proj_mode=linear.
leave_one_out,w/o_E-Gate,0,1,1,ablation_arms_2026-09,829a3cd1-a466-49f1-b2e9-d3f6b7f392e2,gene_mean_pearson,0.9595579993539392,expr_proj_mode=linear.
leave_one_out,w/o_E-Gate,0,1,1,ablation_arms_2026-09,829a3cd1-a466-49f1-b2e9-d3f6b7f392e2,training_style_hvg,0.7727016479492187,expr_proj_mode=linear.
leave_one_out,w/o_E-Gate,0,1,1,ablation_arms_2026-09,84cfa5aa-a0d1-415e-ac47-eb66c9cf8170,gene_mean_pearson,0.9428367075664632,expr_proj_mode=linear.
leave_one_out,w/o_E-Gate,0,1,1,ablation_arms_2026-09,84cfa5aa-a0d1-415e-ac47-eb66c9cf8170,training_style_hvg,0.638028369140625,expr_proj_mode=linear.
leave_one_out,w/o_E-Gate,0,1,1,ablation_arms_2026-09,8560f809-5794-484e-9152-b63efa91d134,gene_mean_pearson,0.910863695265708,expr_proj_mode=linear.
leave_one_out,w/o_E-Gate,0,1,1,ablation_arms_2026-09,8560f809-5794-484e-9152-b63efa91d134,training_style_hvg,0.5608590637207032,expr_proj_mode=linear.
leave_one_out,w/o_E-Gate,0,1,1,ablation_arms_2026-09,867757c1-3b1a-49d9-a0cd-17767eb160cc,gene_mean_pearson,0.2996648167220805,expr_proj_mode=linear.
leave_one_out,w/o_E-Gate,0,1,1,ablation_arms_2026-09,867757c1-3b1a-49d9-a0cd-17767eb160cc,training_style_hvg,0.1268331283569335,expr_proj_mode=linear.
leave_one_out,w/o_E-Gate,0,1,1,ablation_arms_2026-09,881e0e6b-a185-45f1-9b56-81606e91e7ff,gene_mean_pearson,0.951891259040339,expr_proj_mode=linear.
leave_one_out,w/o_E-Gate,0,1,1,ablation_arms_2026-09,881e0e6b-a185-45f1-9b56-81606e91e7ff,training_style_hvg,0.6107445251464844,expr_proj_mode=linear.
leave_one_out,w/o_E-Gate,0,1,1,ablation_arms_2026-09,8ef06ea4-8d0f-4303-a652-7d4604402b1f,gene_mean_pearson,0.9226540573906508,expr_proj_mode=linear.
leave_one_out,w/o_E-Gate,0,1,1,ablation_arms_2026-09,8ef06ea4-8d0f-4303-a652-7d4604402b1f,training_style_hvg,0.6447515258789063,expr_proj_mode=linear.
leave_one_out,w/o_E-Gate,0,1,1,ablation_arms_2026-09,8f3e7fcf-0b16-4a29-a5f1-a7a8b267d689,gene_mean_pearson,0.9551943642483663,expr_proj_mode=linear.
leave_one_out,w/o_E-Gate,0,1,1,ablation_arms_2026-09,8f3e7fcf-0b16-4a29-a5f1-a7a8b267d689,training_style_hvg,0.7509799743652343,expr_proj_mode=linear.
leave_one_out,w/o_E-Gate,0,1,1,ablation_arms_2026-09,8ff0cef9-393e-43de-9722-a1e12c239727,gene_mean_pearson,0.6921784574448546,expr_proj_mode=linear.
leave_one_out,w/o_E-Gate,0,1,1,ablation_arms_2026-09,8ff0cef9-393e-43de-9722-a1e12c239727,training_style_hvg,0.4278346459173387,expr_proj_mode=linear.
leave_one_out,w/o_E-Gate,0,1,1,ablation_arms_2026-09,95d3b0fb-b8a7-4bec-a2e8-cded3222ff07,gene_mean_pearson,0.90557784749958,expr_proj_mode=linear.
leave_one_out,w/o_E-Gate,0,1,1,ablation_arms_2026-09,95d3b0fb-b8a7-4bec-a2e8-cded3222ff07,training_style_hvg,0.6914287427078205,expr_proj_mode=linear.
leave_one_out,w/o_E-Gate,0,1,1,ablation_arms_2026-09,963a08cb-d995-4862-9614-f9d38a7d7540,gene_mean_pearson,0.7616608174043822,expr_proj_mode=linear.
leave_one_out,w/o_E-Gate,0,1,1,ablation_arms_2026-09,963a08cb-d995-4862-9614-f9d38a7d7540,training_style_hvg,0.5405634155273438,expr_proj_mode=linear.
leave_one_out,w/o_E-Gate,0,1,1,ablation_arms_2026-09,978a566a-dc27-478d-b306-26daba116c1f,gene_mean_pearson,0.6800893650640097,expr_proj_mode=linear.
leave_one_out,w/o_E-Gate,0,1,1,ablation_arms_2026-09,978a566a-dc27-478d-b306-26daba116c1f,training_style_hvg,0.3025695434570312,expr_proj_mode=linear.
leave_one_out,w/o_E-Gate,0,1,1,ablation_arms_2026-09,98219f72-0f9a-4de9-a859-c81834f24ab1,gene_mean_pearson,0.2724114186581703,expr_proj_mode=linear.
leave_one_out,w/o_E-Gate,0,1,1,ablation_arms_2026-09,98219f72-0f9a-4de9-a859-c81834f24ab1,training_style_hvg,0.0954063323974609,expr_proj_mode=linear.
leave_one_out,w/o_E-Gate,0,1,1,ablation_arms_2026-09,9f1a899f-05a0-44c5-8aa9-39df61ae4324,gene_mean_pearson,0.8335068190784621,expr_proj_mode=linear.
leave_one_out,w/o_E-Gate,0,1,1,ablation_arms_2026-09,9f1a899f-05a0-44c5-8aa9-39df61ae4324,training_style_hvg,0.5306173767089843,expr_proj_mode=linear.
leave_one_out,w/o_E-Gate,0,1,1,ablation_arms_2026-09,a24ce10f-5a87-4e1f-a34a-f4fe5fc84052,gene_mean_pearson,0.9064085841161924,expr_proj_mode=linear.
leave_one_out,w/o_E-Gate,0,1,1,ablation_arms_2026-09,a24ce10f-5a87-4e1f-a34a-f4fe5fc84052,training_style_hvg,0.7369181431962594,expr_proj_mode=linear.
leave_one_out,w/o_E-Gate,0,1,1,ablation_arms_2026-09,a2c833f7-b7f1-4f4d-ad31-cae478b601b7,gene_mean_pearson,0.83221790817996,expr_proj_mode=linear.
leave_one_out,w/o_E-Gate,0,1,1,ablation_arms_2026-09,a2c833f7-b7f1-4f4d-ad31-cae478b601b7,training_style_hvg,0.4156693786621094,expr_proj_mode=linear.
leave_one_out,w/o_E-Gate,0,1,1,ablation_arms_2026-09,aa32098f-f7b0-43f2-a00a-601d190aae94,gene_mean_pearson,0.9349452207433055,expr_proj_mode=linear.
leave_one_out,w/o_E-Gate,0,1,1,ablation_arms_2026-09,aa32098f-f7b0-43f2-a00a-601d190aae94,training_style_hvg,0.6454742767333984,expr_proj_mode=linear.
leave_one_out,w/o_E-Gate,0,1,1,ablation_arms_2026-09,aa369999-a034-4ad9-b459-8a93c86ea77b,gene_mean_pearson,0.8901536839302879,expr_proj_mode=linear.
leave_one_out,w/o_E-Gate,0,1,1,ablation_arms_2026-09,aa369999-a034-4ad9-b459-8a93c86ea77b,training_style_hvg,0.6085141998291016,expr_proj_mode=linear.
leave_one_out,w/o_E-Gate,0,1,1,ablation_arms_2026-09,acd544d0-4d8b-46c7-98b3-fc48f7e6fdb7,gene_mean_pearson,0.428076525806891,expr_proj_mode=linear.
leave_one_out,w/o_E-Gate,0,1,1,ablation_arms_2026-09,acd544d0-4d8b-46c7-98b3-fc48f7e6fdb7,training_style_hvg,0.1827657760343724,expr_proj_mode=linear.
leave_one_out,w/o_E-Gate,0,1,1,ablation_arms_2026-09,aecc2743-4ff2-4b55-ac8c-a1ff76fc4bb4,gene_mean_pearson,0.8808063915463561,expr_proj_mode=linear.
leave_one_out,w/o_E-Gate,0,1,1,ablation_arms_2026-09,aecc2743-4ff2-4b55-ac8c-a1ff76fc4bb4,training_style_hvg,0.3792921112060546,expr_proj_mode=linear.
leave_one_out,w/o_E-Gate,0,1,1,ablation_arms_2026-09,afae4675-434d-4e89-b5ce-2854c9dc38a3,gene_mean_pearson,0.7097435517793056,expr_proj_mode=linear.
leave_one_out,w/o_E-Gate,0,1,1,ablation_arms_2026-09,afae4675-434d-4e89-b5ce-2854c9dc38a3,training_style_hvg,0.5320693298339844,expr_proj_mode=linear.
leave_one_out,w/o_E-Gate,0,1,1,ablation_arms_2026-09,b617ee1b-f8c8-4de9-b82b-e803ab93550d,gene_mean_pearson,0.9037363868588104,expr_proj_mode=linear.
leave_one_out,w/o_E-Gate,0,1,1,ablation_arms_2026-09,b617ee1b-f8c8-4de9-b82b-e803ab93550d,training_style_hvg,0.5732808044433594,expr_proj_mode=linear.
leave_one_out,w/o_E-Gate,0,1,1,ablation_arms_2026-09,c838aec3-03ef-4398-b882-0e3912abfff0,gene_mean_pearson,0.9495909227984948,expr_proj_mode=linear.
leave_one_out,w/o_E-Gate,0,1,1,ablation_arms_2026-09,c838aec3-03ef-4398-b882-0e3912abfff0,training_style_hvg,0.7918165893554687,expr_proj_mode=linear.
leave_one_out,w/o_E-Gate,0,1,1,ablation_arms_2026-09,cee9b331-3ba0-4461-8bbd-867819d9fc0a,gene_mean_pearson,0.853534057291205,expr_proj_mode=linear.
leave_one_out,w/o_E-Gate,0,1,1,ablation_arms_2026-09,cee9b331-3ba0-4461-8bbd-867819d9fc0a,training_style_hvg,0.7875687058971774,expr_proj_mode=linear.
leave_one_out,w/o_E-Gate,0,1,1,ablation_arms_2026-09,d567b692-c374-4628-a508-8008f6778f22,gene_mean_pearson,0.8183018021893123,expr_proj_mode=linear.
leave_one_out,w/o_E-Gate,0,1,1,ablation_arms_2026-09,d567b692-c374-4628-a508-8008f6778f22,training_style_hvg,0.4390408569335937,expr_proj_mode=linear.
leave_one_out,w/o_E-Gate,0,1,1,ablation_arms_2026-09,d68a8b48-abf0-4bd5-8834-155d34ec448a,gene_mean_pearson,0.6201849725074156,expr_proj_mode=linear.
leave_one_out,w/o_E-Gate,0,1,1,ablation_arms_2026-09,d68a8b48-abf0-4bd5-8834-155d34ec448a,training_style_hvg,0.1871693908691406,expr_proj_mode=linear.
leave_one_out,w/o_E-Gate,0,1,1,ablation_arms_2026-09,d7cff847-6403-44a6-ad8a-2f5a783639dd,gene_mean_pearson,0.8907203083697302,expr_proj_mode=linear.
leave_one_out,w/o_E-Gate,0,1,1,ablation_arms_2026-09,d7cff847-6403-44a6-ad8a-2f5a783639dd,training_style_hvg,0.8093247497558593,expr_proj_mode=linear.
leave_one_out,w/o_E-Gate,0,1,1,ablation_arms_2026-09,de5416ef-bbfa-41f3-99d4-01a3554173f5,gene_mean_pearson,0.9300144121615812,expr_proj_mode=linear.
leave_one_out,w/o_E-Gate,0,1,1,ablation_arms_2026-09,de5416ef-bbfa-41f3-99d4-01a3554173f5,training_style_hvg,0.5315861114501953,expr_proj_mode=linear.
leave_one_out,w/o_E-Gate,0,1,1,ablation_arms_2026-09,e3ed2ba4-edf5-40ac-8750-8a417ad1eefe,gene_mean_pearson,0.7737144334863351,expr_proj_mode=linear.
leave_one_out,w/o_E-Gate,0,1,1,ablation_arms_2026-09,e3ed2ba4-edf5-40ac-8750-8a417ad1eefe,training_style_hvg,0.516841259765625,expr_proj_mode=linear.
leave_one_out,w/o_E-Gate,0,1,1,ablation_arms_2026-09,e51bae9a-c747-4b64-904a-4da7cda218ab,gene_mean_pearson,0.8753028010550152,expr_proj_mode=linear.
leave_one_out,w/o_E-Gate,0,1,1,ablation_arms_2026-09,e51bae9a-c747-4b64-904a-4da7cda218ab,training_style_hvg,0.6146432983398438,expr_proj_mode=linear.
leave_one_out,w/o_E-Gate,0,1,1,ablation_arms_2026-09,e522d2cd-7927-4e59-a4ed-064009569279,gene_mean_pearson,0.91661471863686,expr_proj_mode=linear.
leave_one_out,w/o_E-Gate,0,1,1,ablation_arms_2026-09,e522d2cd-7927-4e59-a4ed-064009569279,training_style_hvg,0.652310205078125,expr_proj_mode=linear.
leave_one_out,w/o_E-Gate,0,1,1,ablation_arms_2026-09,e7bd68ab-df49-44df-9b1e-8486114aeeb5,gene_mean_pearson,0.9172431945953052,expr_proj_mode=linear.
leave_one_out,w/o_E-Gate,0,1,1,ablation_arms_2026-09,e7bd68ab-df49-44df-9b1e-8486114aeeb5,training_style_hvg,0.6136166931152344,expr_proj_mode=linear.
leave_one_out,w/o_E-Gate,0,1,1,ablation_arms_2026-09,edbfa04a-f1dd-496a-8237-df11d70621ca,gene_mean_pearson,0.920105716318974,expr_proj_mode=linear.
leave_one_out,w/o_E-Gate,0,1,1,ablation_arms_2026-09,edbfa04a-f1dd-496a-8237-df11d70621ca,training_style_hvg,0.6436687805175781,expr_proj_mode=linear.
leave_one_out,w/o_E-Gate,0,1,1,ablation_arms_2026-09,f14bc322-1322-4184-8d16-409557525ea5,gene_mean_pearson,0.9474982449649726,expr_proj_mode=linear.
leave_one_out,w/o_E-Gate,0,1,1,ablation_arms_2026-09,f14bc322-1322-4184-8d16-409557525ea5,training_style_hvg,0.7227679443359375,expr_proj_mode=linear.
leave_one_out,w/o_E-Gate,0,1,1,ablation_arms_2026-09,f3c49918-4707-4d92-bb6d-2b5b4eb9d1b4,gene_mean_pearson,0.8979373352304809,expr_proj_mode=linear.
leave_one_out,w/o_E-Gate,0,1,1,ablation_arms_2026-09,f3c49918-4707-4d92-bb6d-2b5b4eb9d1b4,training_style_hvg,0.6849100173615401,expr_proj_mode=linear.
leave_one_out,w/o_E-Gate,0,1,1,ablation_arms_2026-09,f641d68a-e877-4bb8-afd7-b8fa3921d461,gene_mean_pearson,0.5604702746016359,expr_proj_mode=linear.
leave_one_out,w/o_E-Gate,0,1,1,ablation_arms_2026-09,f641d68a-e877-4bb8-afd7-b8fa3921d461,training_style_hvg,0.2094118146896362,expr_proj_mode=linear.
leave_one_out,w/o_E-Gate,0,1,1,ablation_arms_2026-09,f6cc8a47-2dea-40aa-8608-d771c5ef8a07,gene_mean_pearson,0.6710323633811311,expr_proj_mode=linear.
leave_one_out,w/o_E-Gate,0,1,1,ablation_arms_2026-09,f6cc8a47-2dea-40aa-8608-d771c5ef8a07,training_style_hvg,0.4112323982484879,expr_proj_mode=linear.
leave_one_out,w/o_E-Gate,0,1,1,ablation_arms_2026-09,fe7aae33-6f7c-41a5-8d29-9996a9ddf1ab,gene_mean_pearson,0.789063022648484,expr_proj_mode=linear.
leave_one_out,w/o_E-Gate,0,1,1,ablation_arms_2026-09,fe7aae33-6f7c-41a5-8d29-9996a9ddf1ab,training_style_hvg,0.3835852386474609,expr_proj_mode=linear.
leave_one_out,w/o_E-Gate,0,1,1,ablation_arms_2026-09,01b84709-139c-4485-98a9-6e14c58fbbf6,pcr,0.0,expr_proj_mode=linear.
leave_one_out,w/o_E-Gate,0,1,1,ablation_arms_2026-09,07dd8c34-4625-480a-8ee4-273a06c3082b,pcr,0.1560542851510744,expr_proj_mode=linear.
leave_one_out,w/o_E-Gate,0,1,1,ablation_arms_2026-09,09b518f9-da64-44cc-aec8-70a89d55611f,pcr,0.0,expr_proj_mode=linear.
leave_one_out,w/o_E-Gate,0,1,1,ablation_arms_2026-09,0a8e3443-c3e2-4918-84db-0495657d9175,pcr,0.1069654545955074,expr_proj_mode=linear.
leave_one_out,w/o_E-Gate,0,1,1,ablation_arms_2026-09,0bf30b02-db97-4560-b9cd-0fe3588892af,pcr,0.488077699519701,expr_proj_mode=linear.
leave_one_out,w/o_E-Gate,0,1,1,ablation_arms_2026-09,0c0c49a2-b96b-432f-98a4-1decf9929149,pcr,0.0931967744028919,expr_proj_mode=linear.
leave_one_out,w/o_E-Gate,0,1,1,ablation_arms_2026-09,16023185-de21-4c0d-a9c8-73abdd52d142,pcr,0.0094185554806719,expr_proj_mode=linear.
leave_one_out,w/o_E-Gate,0,1,1,ablation_arms_2026-09,19053a82-9c89-4fb8-bd19-d7b1800b0b7b,pcr,0.2982951251812755,expr_proj_mode=linear.
leave_one_out,w/o_E-Gate,0,1,1,ablation_arms_2026-09,19f1bec6-eeb7-4133-accc-992d745fef89,pcr,0.7359448588924573,expr_proj_mode=linear.
leave_one_out,w/o_E-Gate,0,1,1,ablation_arms_2026-09,1a9f3b38-b86d-416d-bbdc-9058ad3ff42d,pcr,0.2537844313510692,expr_proj_mode=linear.
leave_one_out,w/o_E-Gate,0,1,1,ablation_arms_2026-09,1ab4ebbc-18d6-4838-89c2-cdc5b10accfb,pcr,0.7769960655953634,expr_proj_mode=linear.
leave_one_out,w/o_E-Gate,0,1,1,ablation_arms_2026-09,1b350d0a-4535-4879-beb6-1142f3f94947,pcr,0.2662634536487946,expr_proj_mode=linear.
leave_one_out,w/o_E-Gate,0,1,1,ablation_arms_2026-09,203025fe-fa99-4d57-81da-458ed8f0c334,pcr,0.0,expr_proj_mode=linear.
leave_one_out,w/o_E-Gate,0,1,1,ablation_arms_2026-09,30c2a6fd-d547-460f-a5e7-44c62a2af7ad,pcr,0.0,expr_proj_mode=linear.
leave_one_out,w/o_E-Gate,0,1,1,ablation_arms_2026-09,322c816f-608a-4da1-99c4-36ca4ad45146,pcr,0.0,expr_proj_mode=linear.
leave_one_out,w/o_E-Gate,0,1,1,ablation_arms_2026-09,3a702020-cf66-4ef5-9d11-4a5e835b7efb,pcr,0.5074227076150872,expr_proj_mode=linear.
leave_one_out,w/o_E-Gate,0,1,1,ablation_arms_2026-09,3c364ffe-d599-44d5-a77f-6c5fd7038cf6,pcr,0.0002647008712795,expr_proj_mode=linear.
leave_one_out,w/o_E-Gate,0,1,1,ablation_arms_2026-09,3cb646ab-d411-4e5b-89eb-082a786c953b,pcr,0.3896903077700756,expr_proj_mode=linear.
leave_one_out,w/o_E-Gate,0,1,1,ablation_arms_2026-09,3e55180c-780a-4424-9434-5296640ffc0d,pcr,0.0,expr_proj_mode=linear.
leave_one_out,w/o_E-Gate,0,1,1,ablation_arms_2026-09,420d0f5d-b7ba-4b1e-88d0-44e9f733febd,pcr,0.571336375836862,expr_proj_mode=linear.
leave_one_out,w/o_E-Gate,0,1,1,ablation_arms_2026-09,43a1506b-aa9e-46a3-b288-d210f4595ddf,pcr,0.5018084154198144,expr_proj_mode=linear.
leave_one_out,w/o_E-Gate,0,1,1,ablation_arms_2026-09,43aa19d2-c723-4822-979d-d2f0239835e0,pcr,0.4542054005808166,expr_proj_mode=linear.
leave_one_out,w/o_E-Gate,0,1,1,ablation_arms_2026-09,46104f0b-9af5-466a-ae0f-56b8dc1969a2,pcr,0.0275055703021554,expr_proj_mode=linear.
leave_one_out,w/o_E-Gate,0,1,1,ablation_arms_2026-09,47e00f43-6176-44a5-b4d1-f88a1920fcab,pcr,0.3779302625518688,expr_proj_mode=linear.
leave_one_out,w/o_E-Gate,0,1,1,ablation_arms_2026-09,53ce2631-3646-4172-bbd9-38b0a44d8214,pcr,0.6047952816409214,expr_proj_mode=linear.
leave_one_out,w/o_E-Gate,0,1,1,ablation_arms_2026-09,56a4bc14-9407-45fd-8786-f7f6fc87c9dd,pcr,0.4980559116972975,expr_proj_mode=linear.
leave_one_out,w/o_E-Gate,0,1,1,ablation_arms_2026-09,589fe605-6d49-4abe-bff8-1675511c689a,pcr,0.0040142265235374,expr_proj_mode=linear.
leave_one_out,w/o_E-Gate,0,1,1,ablation_arms_2026-09,58f43044-cd3c-42b8-bc0b-3498eb236359,pcr,0.312091820287761,expr_proj_mode=linear.
leave_one_out,w/o_E-Gate,0,1,1,ablation_arms_2026-09,5a9cfb44-494a-4540-8db8-7143b1bb5a6f,pcr,0.1881695615154719,expr_proj_mode=linear.
leave_one_out,w/o_E-Gate,0,1,1,ablation_arms_2026-09,5c97eeeb-7e52-44b3-b010-b832b1f5424c,pcr,0.0988693201303319,expr_proj_mode=linear.
leave_one_out,w/o_E-Gate,0,1,1,ablation_arms_2026-09,5e57cd50-8e42-42d6-940d-5c1660d06864,pcr,0.0,expr_proj_mode=linear.
leave_one_out,w/o_E-Gate,0,1,1,ablation_arms_2026-09,5ed90bc0-12f3-4354-b314-0ce0dbb96458,pcr,0.0,expr_proj_mode=linear.
leave_one_out,w/o_E-Gate,0,1,1,ablation_arms_2026-09,5fde5c9c-5b1e-4df5-982a-3f8e7635161f,pcr,0.1070393821958296,expr_proj_mode=linear.
leave_one_out,w/o_E-Gate,0,1,1,ablation_arms_2026-09,60a29d0b-1a37-4447-ac32-00d701580b47,pcr,0.4330654384144848,expr_proj_mode=linear.
leave_one_out,w/o_E-Gate,0,1,1,ablation_arms_2026-09,61af564d-e5ea-4d34-a0f3-2668a00db376,pcr,0.0029492473710664,expr_proj_mode=linear.
leave_one_out,w/o_E-Gate,0,1,1,ablation_arms_2026-09,61d327d1-2227-4c5f-9367-e3559dc79b07,pcr,0.3160222403768652,expr_proj_mode=linear.
leave_one_out,w/o_E-Gate,0,1,1,ablation_arms_2026-09,64267fb5-7b70-4705-a13b-cc38966c22a8,pcr,0.6725035860890365,expr_proj_mode=linear.
leave_one_out,w/o_E-Gate,0,1,1,ablation_arms_2026-09,67b6b9ac-b841-42ce-b2d4-ed2ec12327bd,pcr,0.2636739693345536,expr_proj_mode=linear.
leave_one_out,w/o_E-Gate,0,1,1,ablation_arms_2026-09,75011e96-ba37-4977-a539-fbf9f66a5e37,pcr,0.0,expr_proj_mode=linear.
leave_one_out,w/o_E-Gate,0,1,1,ablation_arms_2026-09,781cc817-3fd0-487c-a55a-b47b2786a05d,pcr,0.6013139582870975,expr_proj_mode=linear.
leave_one_out,w/o_E-Gate,0,1,1,ablation_arms_2026-09,8058d760-09e6-4bdd-86a1-36917ffca3ef,pcr,0.3590380728820382,expr_proj_mode=linear.
leave_one_out,w/o_E-Gate,0,1,1,ablation_arms_2026-09,829a3cd1-a466-49f1-b2e9-d3f6b7f392e2,pcr,0.2897387409231189,expr_proj_mode=linear.
leave_one_out,w/o_E-Gate,0,1,1,ablation_arms_2026-09,84cfa5aa-a0d1-415e-ac47-eb66c9cf8170,pcr,0.4302279125878717,expr_proj_mode=linear.
leave_one_out,w/o_E-Gate,0,1,1,ablation_arms_2026-09,8560f809-5794-484e-9152-b63efa91d134,pcr,0.0645548525464306,expr_proj_mode=linear.
leave_one_out,w/o_E-Gate,0,1,1,ablation_arms_2026-09,867757c1-3b1a-49d9-a0cd-17767eb160cc,pcr,0.2885342042800051,expr_proj_mode=linear.
leave_one_out,w/o_E-Gate,0,1,1,ablation_arms_2026-09,881e0e6b-a185-45f1-9b56-81606e91e7ff,pcr,0.0,expr_proj_mode=linear.
leave_one_out,w/o_E-Gate,0,1,1,ablation_arms_2026-09,8ef06ea4-8d0f-4303-a652-7d4604402b1f,pcr,0.1850637982855286,expr_proj_mode=linear.
leave_one_out,w/o_E-Gate,0,1,1,ablation_arms_2026-09,8f3e7fcf-0b16-4a29-a5f1-a7a8b267d689,pcr,0.6273039412605657,expr_proj_mode=linear.
leave_one_out,w/o_E-Gate,0,1,1,ablation_arms_2026-09,95d3b0fb-b8a7-4bec-a2e8-cded3222ff07,pcr,0.7478974747989715,expr_proj_mode=linear.
leave_one_out,w/o_E-Gate,0,1,1,ablation_arms_2026-09,963a08cb-d995-4862-9614-f9d38a7d7540,pcr,0.0,expr_proj_mode=linear.
leave_one_out,w/o_E-Gate,0,1,1,ablation_arms_2026-09,978a566a-dc27-478d-b306-26daba116c1f,pcr,0.1461178570240804,expr_proj_mode=linear.
leave_one_out,w/o_E-Gate,0,1,1,ablation_arms_2026-09,98219f72-0f9a-4de9-a859-c81834f24ab1,pcr,0.4845908932738313,expr_proj_mode=linear.
leave_one_out,w/o_E-Gate,0,1,1,ablation_arms_2026-09,9f1a899f-05a0-44c5-8aa9-39df61ae4324,pcr,0.1345409379474676,expr_proj_mode=linear.
leave_one_out,w/o_E-Gate,0,1,1,ablation_arms_2026-09,a24ce10f-5a87-4e1f-a34a-f4fe5fc84052,pcr,0.0,expr_proj_mode=linear.
leave_one_out,w/o_E-Gate,0,1,1,ablation_arms_2026-09,a2c833f7-b7f1-4f4d-ad31-cae478b601b7,pcr,0.0,expr_proj_mode=linear.
leave_one_out,w/o_E-Gate,0,1,1,ablation_arms_2026-09,aa32098f-f7b0-43f2-a00a-601d190aae94,pcr,0.4697710344842405,expr_proj_mode=linear.
leave_one_out,w/o_E-Gate,0,1,1,ablation_arms_2026-09,aa369999-a034-4ad9-b459-8a93c86ea77b,pcr,0.681210050623364,expr_proj_mode=linear.
leave_one_out,w/o_E-Gate,0,1,1,ablation_arms_2026-09,acd544d0-4d8b-46c7-98b3-fc48f7e6fdb7,pcr,0.0,expr_proj_mode=linear.
leave_one_out,w/o_E-Gate,0,1,1,ablation_arms_2026-09,aecc2743-4ff2-4b55-ac8c-a1ff76fc4bb4,pcr,0.0,expr_proj_mode=linear.
leave_one_out,w/o_E-Gate,0,1,1,ablation_arms_2026-09,afae4675-434d-4e89-b5ce-2854c9dc38a3,pcr,0.5185391243353814,expr_proj_mode=linear.
leave_one_out,w/o_E-Gate,0,1,1,ablation_arms_2026-09,b617ee1b-f8c8-4de9-b82b-e803ab93550d,pcr,0.2425383445399115,expr_proj_mode=linear.
leave_one_out,w/o_E-Gate,0,1,1,ablation_arms_2026-09,c838aec3-03ef-4398-b882-0e3912abfff0,pcr,0.0,expr_proj_mode=linear.
leave_one_out,w/o_E-Gate,0,1,1,ablation_arms_2026-09,d567b692-c374-4628-a508-8008f6778f22,pcr,0.0568996994395804,expr_proj_mode=linear.
leave_one_out,w/o_E-Gate,0,1,1,ablation_arms_2026-09,d68a8b48-abf0-4bd5-8834-155d34ec448a,pcr,0.0,expr_proj_mode=linear.
leave_one_out,w/o_E-Gate,0,1,1,ablation_arms_2026-09,d7cff847-6403-44a6-ad8a-2f5a783639dd,pcr,0.0,expr_proj_mode=linear.
leave_one_out,w/o_E-Gate,0,1,1,ablation_arms_2026-09,de5416ef-bbfa-41f3-99d4-01a3554173f5,pcr,0.3210737842763186,expr_proj_mode=linear.
leave_one_out,w/o_E-Gate,0,1,1,ablation_arms_2026-09,e3ed2ba4-edf5-40ac-8750-8a417ad1eefe,pcr,0.2601682950138592,expr_proj_mode=linear.
leave_one_out,w/o_E-Gate,0,1,1,ablation_arms_2026-09,e51bae9a-c747-4b64-904a-4da7cda218ab,pcr,0.0032896479044298,expr_proj_mode=linear.
leave_one_out,w/o_E-Gate,0,1,1,ablation_arms_2026-09,e522d2cd-7927-4e59-a4ed-064009569279,pcr,0.2392879070804059,expr_proj_mode=linear.
leave_one_out,w/o_E-Gate,0,1,1,ablation_arms_2026-09,e7bd68ab-df49-44df-9b1e-8486114aeeb5,pcr,0.2603653631608075,expr_proj_mode=linear.
leave_one_out,w/o_E-Gate,0,1,1,ablation_arms_2026-09,edbfa04a-f1dd-496a-8237-df11d70621ca,pcr,0.4123148966239208,expr_proj_mode=linear.
leave_one_out,w/o_E-Gate,0,1,1,ablation_arms_2026-09,f14bc322-1322-4184-8d16-409557525ea5,pcr,0.3693502511747813,expr_proj_mode=linear.
leave_one_out,w/o_E-Gate,0,1,1,ablation_arms_2026-09,f3c49918-4707-4d92-bb6d-2b5b4eb9d1b4,pcr,0.0931908570960487,expr_proj_mode=linear.
leave_one_out,w/o_E-Gate,0,1,1,ablation_arms_2026-09,f641d68a-e877-4bb8-afd7-b8fa3921d461,pcr,0.0021564417101828,expr_proj_mode=linear.
leave_one_out,w/o_E-Gate,0,1,1,ablation_arms_2026-09,fe7aae33-6f7c-41a5-8d29-9996a9ddf1ab,pcr,0.2197492672685181,expr_proj_mode=linear.
leave_one_out,w/o_E-Gate,0,1,1,ablation_arms_2026-09,01b84709-139c-4485-98a9-6e14c58fbbf6,mse,2.580308198928833,expr_proj_mode=linear.
leave_one_out,w/o_E-Gate,0,1,1,ablation_arms_2026-09,07dd8c34-4625-480a-8ee4-273a06c3082b,mse,1.6883727312088013,expr_proj_mode=linear.
leave_one_out,w/o_E-Gate,0,1,1,ablation_arms_2026-09,09b518f9-da64-44cc-aec8-70a89d55611f,mse,3.250847578048706,expr_proj_mode=linear.
leave_one_out,w/o_E-Gate,0,1,1,ablation_arms_2026-09,0a8e3443-c3e2-4918-84db-0495657d9175,mse,2.908354043960572,expr_proj_mode=linear.
leave_one_out,w/o_E-Gate,0,1,1,ablation_arms_2026-09,0ae6f031-2f9c-4247-8b26-db320d6efd32,mse,3.1685173511505127,expr_proj_mode=linear.
leave_one_out,w/o_E-Gate,0,1,1,ablation_arms_2026-09,0bf30b02-db97-4560-b9cd-0fe3588892af,mse,3.092179536819458,expr_proj_mode=linear.
leave_one_out,w/o_E-Gate,0,1,1,ablation_arms_2026-09,0c0c49a2-b96b-432f-98a4-1decf9929149,mse,2.932313203811645,expr_proj_mode=linear.
leave_one_out,w/o_E-Gate,0,1,1,ablation_arms_2026-09,145dcf6a-2461-4fa3-a0af-7fc56db0bd33,mse,1.6087775230407717,expr_proj_mode=linear.
leave_one_out,w/o_E-Gate,0,1,1,ablation_arms_2026-09,16023185-de21-4c0d-a9c8-73abdd52d142,mse,2.6167032718658447,expr_proj_mode=linear.
leave_one_out,w/o_E-Gate,0,1,1,ablation_arms_2026-09,19053a82-9c89-4fb8-bd19-d7b1800b0b7b,mse,2.8974597454071045,expr_proj_mode=linear.
leave_one_out,w/o_E-Gate,0,1,1,ablation_arms_2026-09,19f1bec6-eeb7-4133-accc-992d745fef89,mse,3.148765802383423,expr_proj_mode=linear.
leave_one_out,w/o_E-Gate,0,1,1,ablation_arms_2026-09,1a9f3b38-b86d-416d-bbdc-9058ad3ff42d,mse,3.295536756515503,expr_proj_mode=linear.
leave_one_out,w/o_E-Gate,0,1,1,ablation_arms_2026-09,1ab4ebbc-18d6-4838-89c2-cdc5b10accfb,mse,2.0094223022460938,expr_proj_mode=linear.
leave_one_out,w/o_E-Gate,0,1,1,ablation_arms_2026-09,1b350d0a-4535-4879-beb6-1142f3f94947,mse,2.753069877624512,expr_proj_mode=linear.
leave_one_out,w/o_E-Gate,0,1,1,ablation_arms_2026-09,203025fe-fa99-4d57-81da-458ed8f0c334,mse,2.897138357162476,expr_proj_mode=linear.
leave_one_out,w/o_E-Gate,0,1,1,ablation_arms_2026-09,21722308-5091-4b63-9c07-4f116ab9a7b3,mse,1.5313255786895752,expr_proj_mode=linear.
leave_one_out,w/o_E-Gate,0,1,1,ablation_arms_2026-09,27d3952f-fbbc-497d-98d1-f37f3d555235,mse,4.869259357452393,expr_proj_mode=linear.
leave_one_out,w/o_E-Gate,0,1,1,ablation_arms_2026-09,30c2a6fd-d547-460f-a5e7-44c62a2af7ad,mse,4.205318927764893,expr_proj_mode=linear.
leave_one_out,w/o_E-Gate,0,1,1,ablation_arms_2026-09,322c816f-608a-4da1-99c4-36ca4ad45146,mse,2.634671449661255,expr_proj_mode=linear.
leave_one_out,w/o_E-Gate,0,1,1,ablation_arms_2026-09,3a702020-cf66-4ef5-9d11-4a5e835b7efb,mse,2.966442108154297,expr_proj_mode=linear.
leave_one_out,w/o_E-Gate,0,1,1,ablation_arms_2026-09,3bfd5174-5b49-4e58-b233-ed0f4edd0bec,mse,3.453042507171631,expr_proj_mode=linear.
leave_one_out,w/o_E-Gate,0,1,1,ablation_arms_2026-09,3c364ffe-d599-44d5-a77f-6c5fd7038cf6,mse,2.662912368774414,expr_proj_mode=linear.
leave_one_out,w/o_E-Gate,0,1,1,ablation_arms_2026-09,3cb646ab-d411-4e5b-89eb-082a786c953b,mse,2.9590184688568115,expr_proj_mode=linear.
leave_one_out,w/o_E-Gate,0,1,1,ablation_arms_2026-09,3e55180c-780a-4424-9434-5296640ffc0d,mse,1.856544017791748,expr_proj_mode=linear.
leave_one_out,w/o_E-Gate,0,1,1,ablation_arms_2026-09,420d0f5d-b7ba-4b1e-88d0-44e9f733febd,mse,2.917222499847412,expr_proj_mode=linear.
leave_one_out,w/o_E-Gate,0,1,1,ablation_arms_2026-09,4319097a-acae-4124-beed-d1173ffe1464,mse,3.22457218170166,expr_proj_mode=linear.
leave_one_out,w/o_E-Gate,0,1,1,ablation_arms_2026-09,432f3af5-6a79-401f-b315-fb2df789f32c,mse,3.0182878971099854,expr_proj_mode=linear.
leave_one_out,w/o_E-Gate,0,1,1,ablation_arms_2026-09,43a1506b-aa9e-46a3-b288-d210f4595ddf,mse,1.7692114114761353,expr_proj_mode=linear.
leave_one_out,w/o_E-Gate,0,1,1,ablation_arms_2026-09,43aa19d2-c723-4822-979d-d2f0239835e0,mse,1.0126744508743286,expr_proj_mode=linear.
leave_one_out,w/o_E-Gate,0,1,1,ablation_arms_2026-09,46104f0b-9af5-466a-ae0f-56b8dc1969a2,mse,2.9230496883392334,expr_proj_mode=linear.
leave_one_out,w/o_E-Gate,0,1,1,ablation_arms_2026-09,47e00f43-6176-44a5-b4d1-f88a1920fcab,mse,2.935878038406372,expr_proj_mode=linear.
leave_one_out,w/o_E-Gate,0,1,1,ablation_arms_2026-09,4b83f213-b96b-4c87-a884-9b81faddb194,mse,2.371426582336426,expr_proj_mode=linear.
leave_one_out,w/o_E-Gate,0,1,1,ablation_arms_2026-09,527641f0-df64-4c80-957c-a65dccd477bc,mse,1.98351800441742,expr_proj_mode=linear.
leave_one_out,w/o_E-Gate,0,1,1,ablation_arms_2026-09,53ce2631-3646-4172-bbd9-38b0a44d8214,mse,2.9642252922058105,expr_proj_mode=linear.
leave_one_out,w/o_E-Gate,0,1,1,ablation_arms_2026-09,56a4bc14-9407-45fd-8786-f7f6fc87c9dd,mse,2.504685401916504,expr_proj_mode=linear.
leave_one_out,w/o_E-Gate,0,1,1,ablation_arms_2026-09,589fe605-6d49-4abe-bff8-1675511c689a,mse,1.933167815208435,expr_proj_mode=linear.
leave_one_out,w/o_E-Gate,0,1,1,ablation_arms_2026-09,58f43044-cd3c-42b8-bc0b-3498eb236359,mse,1.913222312927246,expr_proj_mode=linear.
leave_one_out,w/o_E-Gate,0,1,1,ablation_arms_2026-09,5a9cfb44-494a-4540-8db8-7143b1bb5a6f,mse,4.3193769454956055,expr_proj_mode=linear.
leave_one_out,w/o_E-Gate,0,1,1,ablation_arms_2026-09,5c97eeeb-7e52-44b3-b010-b832b1f5424c,mse,1.781252145767212,expr_proj_mode=linear.
leave_one_out,w/o_E-Gate,0,1,1,ablation_arms_2026-09,5e57cd50-8e42-42d6-940d-5c1660d06864,mse,1.7767709493637085,expr_proj_mode=linear.
leave_one_out,w/o_E-Gate,0,1,1,ablation_arms_2026-09,5ed90bc0-12f3-4354-b314-0ce0dbb96458,mse,1.923767566680908,expr_proj_mode=linear.
leave_one_out,w/o_E-Gate,0,1,1,ablation_arms_2026-09,5fde5c9c-5b1e-4df5-982a-3f8e7635161f,mse,2.8804519176483154,expr_proj_mode=linear.
leave_one_out,w/o_E-Gate,0,1,1,ablation_arms_2026-09,60a29d0b-1a37-4447-ac32-00d701580b47,mse,2.352741479873657,expr_proj_mode=linear.
leave_one_out,w/o_E-Gate,0,1,1,ablation_arms_2026-09,61af564d-e5ea-4d34-a0f3-2668a00db376,mse,3.222505807876587,expr_proj_mode=linear.
leave_one_out,w/o_E-Gate,0,1,1,ablation_arms_2026-09,61d327d1-2227-4c5f-9367-e3559dc79b07,mse,3.064593315124512,expr_proj_mode=linear.
leave_one_out,w/o_E-Gate,0,1,1,ablation_arms_2026-09,64267fb5-7b70-4705-a13b-cc38966c22a8,mse,2.4975857734680176,expr_proj_mode=linear.
leave_one_out,w/o_E-Gate,0,1,1,ablation_arms_2026-09,67b6b9ac-b841-42ce-b2d4-ed2ec12327bd,mse,2.800161123275757,expr_proj_mode=linear.
leave_one_out,w/o_E-Gate,0,1,1,ablation_arms_2026-09,6fc37633-13f5-4bf0-af95-52808143bffd,mse,2.375561475753784,expr_proj_mode=linear.
leave_one_out,w/o_E-Gate,0,1,1,ablation_arms_2026-09,75011e96-ba37-4977-a539-fbf9f66a5e37,mse,3.319365978240967,expr_proj_mode=linear.
leave_one_out,w/o_E-Gate,0,1,1,ablation_arms_2026-09,781cc817-3fd0-487c-a55a-b47b2786a05d,mse,1.5111653804779053,expr_proj_mode=linear.
leave_one_out,w/o_E-Gate,0,1,1,ablation_arms_2026-09,79884ae5-e026-4d4a-858f-e807960bd4f7,mse,5.441088676452637,expr_proj_mode=linear.
leave_one_out,w/o_E-Gate,0,1,1,ablation_arms_2026-09,8058d760-09e6-4bdd-86a1-36917ffca3ef,mse,3.306257724761963,expr_proj_mode=linear.
leave_one_out,w/o_E-Gate,0,1,1,ablation_arms_2026-09,829a3cd1-a466-49f1-b2e9-d3f6b7f392e2,mse,2.192277193069458,expr_proj_mode=linear.
leave_one_out,w/o_E-Gate,0,1,1,ablation_arms_2026-09,84cfa5aa-a0d1-415e-ac47-eb66c9cf8170,mse,2.213176727294922,expr_proj_mode=linear.
leave_one_out,w/o_E-Gate,0,1,1,ablation_arms_2026-09,8560f809-5794-484e-9152-b63efa91d134,mse,2.386341094970703,expr_proj_mode=linear.
leave_one_out,w/o_E-Gate,0,1,1,ablation_arms_2026-09,867757c1-3b1a-49d9-a0cd-17767eb160cc,mse,3.990286111831665,expr_proj_mode=linear.
leave_one_out,w/o_E-Gate,0,1,1,ablation_arms_2026-09,881e0e6b-a185-45f1-9b56-81606e91e7ff,mse,2.1930716037750244,expr_proj_mode=linear.
leave_one_out,w/o_E-Gate,0,1,1,ablation_arms_2026-09,8ef06ea4-8d0f-4303-a652-7d4604402b1f,mse,2.27976942062378,expr_proj_mode=linear.
leave_one_out,w/o_E-Gate,0,1,1,ablation_arms_2026-09,8f3e7fcf-0b16-4a29-a5f1-a7a8b267d689,mse,1.7953932285308838,expr_proj_mode=linear.
leave_one_out,w/o_E-Gate,0,1,1,ablation_arms_2026-09,8ff0cef9-393e-43de-9722-a1e12c239727,mse,4.198068618774414,expr_proj_mode=linear.
leave_one_out,w/o_E-Gate,0,1,1,ablation_arms_2026-09,95d3b0fb-b8a7-4bec-a2e8-cded3222ff07,mse,1.8799936771392824,expr_proj_mode=linear.
leave_one_out,w/o_E-Gate,0,1,1,ablation_arms_2026-09,963a08cb-d995-4862-9614-f9d38a7d7540,mse,2.488002300262451,expr_proj_mode=linear.
leave_one_out,w/o_E-Gate,0,1,1,ablation_arms_2026-09,978a566a-dc27-478d-b306-26daba116c1f,mse,3.2586045265197754,expr_proj_mode=linear.
leave_one_out,w/o_E-Gate,0,1,1,ablation_arms_2026-09,98219f72-0f9a-4de9-a859-c81834f24ab1,mse,5.433052062988281,expr_proj_mode=linear.
leave_one_out,w/o_E-Gate,0,1,1,ablation_arms_2026-09,9f1a899f-05a0-44c5-8aa9-39df61ae4324,mse,2.771864175796509,expr_proj_mode=linear.
leave_one_out,w/o_E-Gate,0,1,1,ablation_arms_2026-09,a24ce10f-5a87-4e1f-a34a-f4fe5fc84052,mse,1.7221623659133911,expr_proj_mode=linear.
leave_one_out,w/o_E-Gate,0,1,1,ablation_arms_2026-09,a2c833f7-b7f1-4f4d-ad31-cae478b601b7,mse,2.782932996749878,expr_proj_mode=linear.
leave_one_out,w/o_E-Gate,0,1,1,ablation_arms_2026-09,aa32098f-f7b0-43f2-a00a-601d190aae94,mse,2.9152863025665283,expr_proj_mode=linear.
leave_one_out,w/o_E-Gate,0,1,1,ablation_arms_2026-09,aa369999-a034-4ad9-b459-8a93c86ea77b,mse,2.374389171600342,expr_proj_mode=linear.
leave_one_out,w/o_E-Gate,0,1,1,ablation_arms_2026-09,acd544d0-4d8b-46c7-98b3-fc48f7e6fdb7,mse,3.5472934246063232,expr_proj_mode=linear.
leave_one_out,w/o_E-Gate,0,1,1,ablation_arms_2026-09,aecc2743-4ff2-4b55-ac8c-a1ff76fc4bb4,mse,3.314195394515991,expr_proj_mode=linear.
leave_one_out,w/o_E-Gate,0,1,1,ablation_arms_2026-09,afae4675-434d-4e89-b5ce-2854c9dc38a3,mse,2.386336326599121,expr_proj_mode=linear.
leave_one_out,w/o_E-Gate,0,1,1,ablation_arms_2026-09,b617ee1b-f8c8-4de9-b82b-e803ab93550d,mse,2.6341705322265625,expr_proj_mode=linear.
leave_one_out,w/o_E-Gate,0,1,1,ablation_arms_2026-09,c838aec3-03ef-4398-b882-0e3912abfff0,mse,2.6480398178100586,expr_proj_mode=linear.
leave_one_out,w/o_E-Gate,0,1,1,ablation_arms_2026-09,cee9b331-3ba0-4461-8bbd-867819d9fc0a,mse,1.9182815551757808,expr_proj_mode=linear.
leave_one_out,w/o_E-Gate,0,1,1,ablation_arms_2026-09,d567b692-c374-4628-a508-8008f6778f22,mse,2.6559457778930664,expr_proj_mode=linear.
leave_one_out,w/o_E-Gate,0,1,1,ablation_arms_2026-09,d68a8b48-abf0-4bd5-8834-155d34ec448a,mse,3.451582670211792,expr_proj_mode=linear.
leave_one_out,w/o_E-Gate,0,1,1,ablation_arms_2026-09,d7cff847-6403-44a6-ad8a-2f5a783639dd,mse,1.659270405769348,expr_proj_mode=linear.
leave_one_out,w/o_E-Gate,0,1,1,ablation_arms_2026-09,de5416ef-bbfa-41f3-99d4-01a3554173f5,mse,2.29583477973938,expr_proj_mode=linear.
leave_one_out,w/o_E-Gate,0,1,1,ablation_arms_2026-09,e3ed2ba4-edf5-40ac-8750-8a417ad1eefe,mse,2.190715312957764,expr_proj_mode=linear.
leave_one_out,w/o_E-Gate,0,1,1,ablation_arms_2026-09,e51bae9a-c747-4b64-904a-4da7cda218ab,mse,1.5230132341384888,expr_proj_mode=linear.
leave_one_out,w/o_E-Gate,0,1,1,ablation_arms_2026-09,e522d2cd-7927-4e59-a4ed-064009569279,mse,3.2647864818573,expr_proj_mode=linear.
leave_one_out,w/o_E-Gate,0,1,1,ablation_arms_2026-09,e7bd68ab-df49-44df-9b1e-8486114aeeb5,mse,2.8840107917785645,expr_proj_mode=linear.
leave_one_out,w/o_E-Gate,0,1,1,ablation_arms_2026-09,edbfa04a-f1dd-496a-8237-df11d70621ca,mse,2.43792986869812,expr_proj_mode=linear.
leave_one_out,w/o_E-Gate,0,1,1,ablation_arms_2026-09,f14bc322-1322-4184-8d16-409557525ea5,mse,2.2324068546295166,expr_proj_mode=linear.
leave_one_out,w/o_E-Gate,0,1,1,ablation_arms_2026-09,f3c49918-4707-4d92-bb6d-2b5b4eb9d1b4,mse,1.7000021934509275,expr_proj_mode=linear.
leave_one_out,w/o_E-Gate,0,1,1,ablation_arms_2026-09,f641d68a-e877-4bb8-afd7-b8fa3921d461,mse,3.096842765808105,expr_proj_mode=linear.
leave_one_out,w/o_E-Gate,0,1,1,ablation_arms_2026-09,f6cc8a47-2dea-40aa-8608-d771c5ef8a07,mse,4.330349445343018,expr_proj_mode=linear.
leave_one_out,w/o_E-Gate,0,1,1,ablation_arms_2026-09,fe7aae33-6f7c-41a5-8d29-9996a9ddf1ab,mse,3.171549320220948,expr_proj_mode=linear.
leave_one_out,w/o_C-Route,1,0,1,ablation_arms_2026-09,01b84709-139c-4485-98a9-6e14c58fbbf6,bras,0.8130843609571456,decoder_query_mode=off.
leave_one_out,w/o_C-Route,1,0,1,ablation_arms_2026-09,01b84709-139c-4485-98a9-6e14c58fbbf6,asw,0.5233111441135406,decoder_query_mode=off.
leave_one_out,w/o_C-Route,1,0,1,ablation_arms_2026-09,07dd8c34-4625-480a-8ee4-273a06c3082b,bras,0.911282303929329,decoder_query_mode=off.
leave_one_out,w/o_C-Route,1,0,1,ablation_arms_2026-09,07dd8c34-4625-480a-8ee4-273a06c3082b,asw,0.5907219320535659,decoder_query_mode=off.
leave_one_out,w/o_C-Route,1,0,1,ablation_arms_2026-09,09b518f9-da64-44cc-aec8-70a89d55611f,bras,0.842418760061264,decoder_query_mode=off.
leave_one_out,w/o_C-Route,1,0,1,ablation_arms_2026-09,09b518f9-da64-44cc-aec8-70a89d55611f,asw,0.5028274804353714,decoder_query_mode=off.
leave_one_out,w/o_C-Route,1,0,1,ablation_arms_2026-09,0a8e3443-c3e2-4918-84db-0495657d9175,bras,0.9227111756801604,decoder_query_mode=off.
leave_one_out,w/o_C-Route,1,0,1,ablation_arms_2026-09,0a8e3443-c3e2-4918-84db-0495657d9175,asw,0.5209167748689651,decoder_query_mode=off.
leave_one_out,w/o_C-Route,1,0,1,ablation_arms_2026-09,0ae6f031-2f9c-4247-8b26-db320d6efd32,asw,0.5304680168628693,decoder_query_mode=off.
leave_one_out,w/o_C-Route,1,0,1,ablation_arms_2026-09,0bf30b02-db97-4560-b9cd-0fe3588892af,bras,0.788132655620575,decoder_query_mode=off.
leave_one_out,w/o_C-Route,1,0,1,ablation_arms_2026-09,0bf30b02-db97-4560-b9cd-0fe3588892af,asw,0.5206545889377594,decoder_query_mode=off.
leave_one_out,w/o_C-Route,1,0,1,ablation_arms_2026-09,0c0c49a2-b96b-432f-98a4-1decf9929149,bras,0.929728463292122,decoder_query_mode=off.
leave_one_out,w/o_C-Route,1,0,1,ablation_arms_2026-09,0c0c49a2-b96b-432f-98a4-1decf9929149,asw,0.5199745029211045,decoder_query_mode=off.
leave_one_out,w/o_C-Route,1,0,1,ablation_arms_2026-09,145dcf6a-2461-4fa3-a0af-7fc56db0bd33,asw,0.582623302936554,decoder_query_mode=off.
leave_one_out,w/o_C-Route,1,0,1,ablation_arms_2026-09,16023185-de21-4c0d-a9c8-73abdd52d142,bras,0.8324380069971085,decoder_query_mode=off.
leave_one_out,w/o_C-Route,1,0,1,ablation_arms_2026-09,16023185-de21-4c0d-a9c8-73abdd52d142,asw,0.5016440838575363,decoder_query_mode=off.
leave_one_out,w/o_C-Route,1,0,1,ablation_arms_2026-09,19053a82-9c89-4fb8-bd19-d7b1800b0b7b,bras,0.7657036572694779,decoder_query_mode=off.
leave_one_out,w/o_C-Route,1,0,1,ablation_arms_2026-09,19053a82-9c89-4fb8-bd19-d7b1800b0b7b,asw,0.497120001912117,decoder_query_mode=off.
leave_one_out,w/o_C-Route,1,0,1,ablation_arms_2026-09,19f1bec6-eeb7-4133-accc-992d745fef89,bras,0.8718151688575745,decoder_query_mode=off.
leave_one_out,w/o_C-Route,1,0,1,ablation_arms_2026-09,19f1bec6-eeb7-4133-accc-992d745fef89,asw,0.5126232385635376,decoder_query_mode=off.
leave_one_out,w/o_C-Route,1,0,1,ablation_arms_2026-09,1a9f3b38-b86d-416d-bbdc-9058ad3ff42d,bras,0.8633393526077271,decoder_query_mode=off.
leave_one_out,w/o_C-Route,1,0,1,ablation_arms_2026-09,1a9f3b38-b86d-416d-bbdc-9058ad3ff42d,asw,0.522296479344368,decoder_query_mode=off.
leave_one_out,w/o_C-Route,1,0,1,ablation_arms_2026-09,1ab4ebbc-18d6-4838-89c2-cdc5b10accfb,bras,0.8257722645998001,decoder_query_mode=off.
leave_one_out,w/o_C-Route,1,0,1,ablation_arms_2026-09,1ab4ebbc-18d6-4838-89c2-cdc5b10accfb,asw,0.5255057066679001,decoder_query_mode=off.
leave_one_out,w/o_C-Route,1,0,1,ablation_arms_2026-09,1b350d0a-4535-4879-beb6-1142f3f94947,bras,0.8278849184513092,decoder_query_mode=off.
leave_one_out,w/o_C-Route,1,0,1,ablation_arms_2026-09,1b350d0a-4535-4879-beb6-1142f3f94947,asw,0.5080544292926789,decoder_query_mode=off.
leave_one_out,w/o_C-Route,1,0,1,ablation_arms_2026-09,203025fe-fa99-4d57-81da-458ed8f0c334,bras,0.8541084587574005,decoder_query_mode=off.
leave_one_out,w/o_C-Route,1,0,1,ablation_arms_2026-09,203025fe-fa99-4d57-81da-458ed8f0c334,asw,0.526575967669487,decoder_query_mode=off.
leave_one_out,w/o_C-Route,1,0,1,ablation_arms_2026-09,21722308-5091-4b63-9c07-4f116ab9a7b3,asw,0.5891463905572891,decoder_query_mode=off.
leave_one_out,w/o_C-Route,1,0,1,ablation_arms_2026-09,27d3952f-fbbc-497d-98d1-f37f3d555235,asw,0.5202644973993301,decoder_query_mode=off.
leave_one_out,w/o_C-Route,1,0,1,ablation_arms_2026-09,30c2a6fd-d547-460f-a5e7-44c62a2af7ad,bras,0.9282345592975616,decoder_query_mode=off.
leave_one_out,w/o_C-Route,1,0,1,ablation_arms_2026-09,30c2a6fd-d547-460f-a5e7-44c62a2af7ad,asw,0.500694078207016,decoder_query_mode=off.
leave_one_out,w/o_C-Route,1,0,1,ablation_arms_2026-09,322c816f-608a-4da1-99c4-36ca4ad45146,bras,0.8861589461565018,decoder_query_mode=off.
leave_one_out,w/o_C-Route,1,0,1,ablation_arms_2026-09,322c816f-608a-4da1-99c4-36ca4ad45146,asw,0.5530357897281647,decoder_query_mode=off.
leave_one_out,w/o_C-Route,1,0,1,ablation_arms_2026-09,3a702020-cf66-4ef5-9d11-4a5e835b7efb,bras,0.7990592837333679,decoder_query_mode=off.
leave_one_out,w/o_C-Route,1,0,1,ablation_arms_2026-09,3a702020-cf66-4ef5-9d11-4a5e835b7efb,asw,0.5060617327690125,decoder_query_mode=off.
leave_one_out,w/o_C-Route,1,0,1,ablation_arms_2026-09,3bfd5174-5b49-4e58-b233-ed0f4edd0bec,asw,0.5170430421829224,decoder_query_mode=off.
leave_one_out,w/o_C-Route,1,0,1,ablation_arms_2026-09,3c364ffe-d599-44d5-a77f-6c5fd7038cf6,bras,0.8140754580497742,decoder_query_mode=off.
leave_one_out,w/o_C-Route,1,0,1,ablation_arms_2026-09,3c364ffe-d599-44d5-a77f-6c5fd7038cf6,asw,0.5290731221437455,decoder_query_mode=off.
leave_one_out,w/o_C-Route,1,0,1,ablation_arms_2026-09,3cb646ab-d411-4e5b-89eb-082a786c953b,bras,0.9294613778591156,decoder_query_mode=off.
leave_one_out,w/o_C-Route,1,0,1,ablation_arms_2026-09,3cb646ab-d411-4e5b-89eb-082a786c953b,asw,0.5216725558042526,decoder_query_mode=off.
leave_one_out,w/o_C-Route,1,0,1,ablation_arms_2026-09,3e55180c-780a-4424-9434-5296640ffc0d,bras,0.6588002145290375,decoder_query_mode=off.
leave_one_out,w/o_C-Route,1,0,1,ablation_arms_2026-09,3e55180c-780a-4424-9434-5296640ffc0d,asw,0.5097411125898361,decoder_query_mode=off.
leave_one_out,w/o_C-Route,1,0,1,ablation_arms_2026-09,420d0f5d-b7ba-4b1e-88d0-44e9f733febd,bras,0.9166331321001052,decoder_query_mode=off.
leave_one_out,w/o_C-Route,1,0,1,ablation_arms_2026-09,420d0f5d-b7ba-4b1e-88d0-44e9f733febd,asw,0.5209045857191086,decoder_query_mode=off.
leave_one_out,w/o_C-Route,1,0,1,ablation_arms_2026-09,4319097a-acae-4124-beed-d1173ffe1464,asw,0.5233208477497101,decoder_query_mode=off.
leave_one_out,w/o_C-Route,1,0,1,ablation_arms_2026-09,432f3af5-6a79-401f-b315-fb2df789f32c,asw,0.5368173241615295,decoder_query_mode=off.
leave_one_out,w/o_C-Route,1,0,1,ablation_arms_2026-09,43a1506b-aa9e-46a3-b288-d210f4595ddf,bras,0.8739373087882996,decoder_query_mode=off.
leave_one_out,w/o_C-Route,1,0,1,ablation_arms_2026-09,43a1506b-aa9e-46a3-b288-d210f4595ddf,asw,0.5248179376125336,decoder_query_mode=off.
leave_one_out,w/o_C-Route,1,0,1,ablation_arms_2026-09,43aa19d2-c723-4822-979d-d2f0239835e0,bras,0.8325151681900025,decoder_query_mode=off.
leave_one_out,w/o_C-Route,1,0,1,ablation_arms_2026-09,43aa19d2-c723-4822-979d-d2f0239835e0,asw,0.5222991377115249,decoder_query_mode=off.
leave_one_out,w/o_C-Route,1,0,1,ablation_arms_2026-09,46104f0b-9af5-466a-ae0f-56b8dc1969a2,bras,0.9192796349525452,decoder_query_mode=off.
leave_one_out,w/o_C-Route,1,0,1,ablation_arms_2026-09,46104f0b-9af5-466a-ae0f-56b8dc1969a2,asw,0.5196275055408478,decoder_query_mode=off.
leave_one_out,w/o_C-Route,1,0,1,ablation_arms_2026-09,47e00f43-6176-44a5-b4d1-f88a1920fcab,bras,0.9257436722517014,decoder_query_mode=off.
leave_one_out,w/o_C-Route,1,0,1,ablation_arms_2026-09,47e00f43-6176-44a5-b4d1-f88a1920fcab,asw,0.521662050485611,decoder_query_mode=off.
leave_one_out,w/o_C-Route,1,0,1,ablation_arms_2026-09,4b83f213-b96b-4c87-a884-9b81faddb194,asw,0.532764557003975,decoder_query_mode=off.
leave_one_out,w/o_C-Route,1,0,1,ablation_arms_2026-09,527641f0-df64-4c80-957c-a65dccd477bc,asw,0.578985658288002,decoder_query_mode=off.
leave_one_out,w/o_C-Route,1,0,1,ablation_arms_2026-09,53ce2631-3646-4172-bbd9-38b0a44d8214,bras,0.888429981470108,decoder_query_mode=off.
leave_one_out,w/o_C-Route,1,0,1,ablation_arms_2026-09,53ce2631-3646-4172-bbd9-38b0a44d8214,asw,0.5470685720443725,decoder_query_mode=off.
leave_one_out,w/o_C-Route,1,0,1,ablation_arms_2026-09,56a4bc14-9407-45fd-8786-f7f6fc87c9dd,bras,0.8728277117013932,decoder_query_mode=off.
leave_one_out,w/o_C-Route,1,0,1,ablation_arms_2026-09,56a4bc14-9407-45fd-8786-f7f6fc87c9dd,asw,0.5381855607032776,decoder_query_mode=off.
leave_one_out,w/o_C-Route,1,0,1,ablation_arms_2026-09,589fe605-6d49-4abe-bff8-1675511c689a,bras,0.528647843003273,decoder_query_mode=off.
leave_one_out,w/o_C-Route,1,0,1,ablation_arms_2026-09,589fe605-6d49-4abe-bff8-1675511c689a,asw,0.4890142068266868,decoder_query_mode=off.
leave_one_out,w/o_C-Route,1,0,1,ablation_arms_2026-09,58f43044-cd3c-42b8-bc0b-3498eb236359,bras,0.7654219835996627,decoder_query_mode=off.
leave_one_out,w/o_C-Route,1,0,1,ablation_arms_2026-09,58f43044-cd3c-42b8-bc0b-3498eb236359,asw,0.501868051290512,decoder_query_mode=off.
leave_one_out,w/o_C-Route,1,0,1,ablation_arms_2026-09,5a9cfb44-494a-4540-8db8-7143b1bb5a6f,bras,0.8756411492824554,decoder_query_mode=off.
leave_one_out,w/o_C-Route,1,0,1,ablation_arms_2026-09,5a9cfb44-494a-4540-8db8-7143b1bb5a6f,asw,0.5078443467617035,decoder_query_mode=off.
leave_one_out,w/o_C-Route,1,0,1,ablation_arms_2026-09,5c97eeeb-7e52-44b3-b010-b832b1f5424c,bras,0.8361412703990936,decoder_query_mode=off.
leave_one_out,w/o_C-Route,1,0,1,ablation_arms_2026-09,5c97eeeb-7e52-44b3-b010-b832b1f5424c,asw,0.5697432816028595,decoder_query_mode=off.
leave_one_out,w/o_C-Route,1,0,1,ablation_arms_2026-09,5e57cd50-8e42-42d6-940d-5c1660d06864,bras,0.8389527678489686,decoder_query_mode=off.
leave_one_out,w/o_C-Route,1,0,1,ablation_arms_2026-09,5e57cd50-8e42-42d6-940d-5c1660d06864,asw,0.5635594397783279,decoder_query_mode=off.
leave_one_out,w/o_C-Route,1,0,1,ablation_arms_2026-09,5ed90bc0-12f3-4354-b314-0ce0dbb96458,bras,0.6954739362001419,decoder_query_mode=off.
leave_one_out,w/o_C-Route,1,0,1,ablation_arms_2026-09,5ed90bc0-12f3-4354-b314-0ce0dbb96458,asw,0.5297060936689377,decoder_query_mode=off.
leave_one_out,w/o_C-Route,1,0,1,ablation_arms_2026-09,5fde5c9c-5b1e-4df5-982a-3f8e7635161f,bras,0.9200097501277924,decoder_query_mode=off.
leave_one_out,w/o_C-Route,1,0,1,ablation_arms_2026-09,5fde5c9c-5b1e-4df5-982a-3f8e7635161f,asw,0.5196355372667313,decoder_query_mode=off.
leave_one_out,w/o_C-Route,1,0,1,ablation_arms_2026-09,60a29d0b-1a37-4447-ac32-00d701580b47,bras,0.8419641762971878,decoder_query_mode=off.
leave_one_out,w/o_C-Route,1,0,1,ablation_arms_2026-09,60a29d0b-1a37-4447-ac32-00d701580b47,asw,0.5042540490627289,decoder_query_mode=off.
leave_one_out,w/o_C-Route,1,0,1,ablation_arms_2026-09,61af564d-e5ea-4d34-a0f3-2668a00db376,bras,0.9112143307924272,decoder_query_mode=off.
leave_one_out,w/o_C-Route,1,0,1,ablation_arms_2026-09,61af564d-e5ea-4d34-a0f3-2668a00db376,asw,0.5226283699274064,decoder_query_mode=off.
leave_one_out,w/o_C-Route,1,0,1,ablation_arms_2026-09,61d327d1-2227-4c5f-9367-e3559dc79b07,bras,0.8436362743377686,decoder_query_mode=off.
leave_one_out,w/o_C-Route,1,0,1,ablation_arms_2026-09,61d327d1-2227-4c5f-9367-e3559dc79b07,asw,0.5129307508468628,decoder_query_mode=off.
leave_one_out,w/o_C-Route,1,0,1,ablation_arms_2026-09,64267fb5-7b70-4705-a13b-cc38966c22a8,bras,0.9538260221481324,decoder_query_mode=off.
leave_one_out,w/o_C-Route,1,0,1,ablation_arms_2026-09,64267fb5-7b70-4705-a13b-cc38966c22a8,asw,0.5351678013801575,decoder_query_mode=off.
leave_one_out,w/o_C-Route,1,0,1,ablation_arms_2026-09,67b6b9ac-b841-42ce-b2d4-ed2ec12327bd,bras,0.8082248777151108,decoder_query_mode=off.
leave_one_out,w/o_C-Route,1,0,1,ablation_arms_2026-09,67b6b9ac-b841-42ce-b2d4-ed2ec12327bd,asw,0.5224967241287232,decoder_query_mode=off.
leave_one_out,w/o_C-Route,1,0,1,ablation_arms_2026-09,6fc37633-13f5-4bf0-af95-52808143bffd,asw,0.5185496240854264,decoder_query_mode=off.
leave_one_out,w/o_C-Route,1,0,1,ablation_arms_2026-09,75011e96-ba37-4977-a539-fbf9f66a5e37,bras,0.8340627282857895,decoder_query_mode=off.
leave_one_out,w/o_C-Route,1,0,1,ablation_arms_2026-09,75011e96-ba37-4977-a539-fbf9f66a5e37,asw,0.4912101969122887,decoder_query_mode=off.
leave_one_out,w/o_C-Route,1,0,1,ablation_arms_2026-09,781cc817-3fd0-487c-a55a-b47b2786a05d,bras,0.8595936566591262,decoder_query_mode=off.
leave_one_out,w/o_C-Route,1,0,1,ablation_arms_2026-09,781cc817-3fd0-487c-a55a-b47b2786a05d,asw,0.5004363194108009,decoder_query_mode=off.
leave_one_out,w/o_C-Route,1,0,1,ablation_arms_2026-09,79884ae5-e026-4d4a-858f-e807960bd4f7,asw,0.5043724298477172,decoder_query_mode=off.
leave_one_out,w/o_C-Route,1,0,1,ablation_arms_2026-09,8058d760-09e6-4bdd-86a1-36917ffca3ef,bras,0.8378411829471588,decoder_query_mode=off.
leave_one_out,w/o_C-Route,1,0,1,ablation_arms_2026-09,8058d760-09e6-4bdd-86a1-36917ffca3ef,asw,0.5178491801023484,decoder_query_mode=off.
leave_one_out,w/o_C-Route,1,0,1,ablation_arms_2026-09,829a3cd1-a466-49f1-b2e9-d3f6b7f392e2,bras,0.7469168484210968,decoder_query_mode=off.
leave_one_out,w/o_C-Route,1,0,1,ablation_arms_2026-09,829a3cd1-a466-49f1-b2e9-d3f6b7f392e2,asw,0.5146853238344192,decoder_query_mode=off.
leave_one_out,w/o_C-Route,1,0,1,ablation_arms_2026-09,84cfa5aa-a0d1-415e-ac47-eb66c9cf8170,bras,0.7609943807125091,decoder_query_mode=off.
leave_one_out,w/o_C-Route,1,0,1,ablation_arms_2026-09,84cfa5aa-a0d1-415e-ac47-eb66c9cf8170,asw,0.5231612950563431,decoder_query_mode=off.
leave_one_out,w/o_C-Route,1,0,1,ablation_arms_2026-09,8560f809-5794-484e-9152-b63efa91d134,bras,0.7973290979862213,decoder_query_mode=off.
leave_one_out,w/o_C-Route,1,0,1,ablation_arms_2026-09,8560f809-5794-484e-9152-b63efa91d134,asw,0.5160411775112153,decoder_query_mode=off.
leave_one_out,w/o_C-Route,1,0,1,ablation_arms_2026-09,867757c1-3b1a-49d9-a0cd-17767eb160cc,bras,0.9306687891483308,decoder_query_mode=off.
leave_one_out,w/o_C-Route,1,0,1,ablation_arms_2026-09,867757c1-3b1a-49d9-a0cd-17767eb160cc,asw,0.527706179022789,decoder_query_mode=off.
leave_one_out,w/o_C-Route,1,0,1,ablation_arms_2026-09,881e0e6b-a185-45f1-9b56-81606e91e7ff,bras,0.8489145308732986,decoder_query_mode=off.
leave_one_out,w/o_C-Route,1,0,1,ablation_arms_2026-09,881e0e6b-a185-45f1-9b56-81606e91e7ff,asw,0.5121264696121216,decoder_query_mode=off.
leave_one_out,w/o_C-Route,1,0,1,ablation_arms_2026-09,8ef06ea4-8d0f-4303-a652-7d4604402b1f,bras,0.7489035904407502,decoder_query_mode=off.
leave_one_out,w/o_C-Route,1,0,1,ablation_arms_2026-09,8ef06ea4-8d0f-4303-a652-7d4604402b1f,asw,0.5142559945583344,decoder_query_mode=off.
leave_one_out,w/o_C-Route,1,0,1,ablation_arms_2026-09,8f3e7fcf-0b16-4a29-a5f1-a7a8b267d689,bras,0.7886877536773682,decoder_query_mode=off.
leave_one_out,w/o_C-Route,1,0,1,ablation_arms_2026-09,8f3e7fcf-0b16-4a29-a5f1-a7a8b267d689,asw,0.5099974304437638,decoder_query_mode=off.
leave_one_out,w/o_C-Route,1,0,1,ablation_arms_2026-09,8ff0cef9-393e-43de-9722-a1e12c239727,asw,0.509222075343132,decoder_query_mode=off.
leave_one_out,w/o_C-Route,1,0,1,ablation_arms_2026-09,95d3b0fb-b8a7-4bec-a2e8-cded3222ff07,bras,0.8766724646091462,decoder_query_mode=off.
leave_one_out,w/o_C-Route,1,0,1,ablation_arms_2026-09,95d3b0fb-b8a7-4bec-a2e8-cded3222ff07,asw,0.6010510504245759,decoder_query_mode=off.
leave_one_out,w/o_C-Route,1,0,1,ablation_arms_2026-09,963a08cb-d995-4862-9614-f9d38a7d7540,bras,0.8586043924093246,decoder_query_mode=off.
leave_one_out,w/o_C-Route,1,0,1,ablation_arms_2026-09,963a08cb-d995-4862-9614-f9d38a7d7540,asw,0.5279612153768539,decoder_query_mode=off.
leave_one_out,w/o_C-Route,1,0,1,ablation_arms_2026-09,978a566a-dc27-478d-b306-26daba116c1f,bras,0.8791339457035064,decoder_query_mode=off.
leave_one_out,w/o_C-Route,1,0,1,ablation_arms_2026-09,978a566a-dc27-478d-b306-26daba116c1f,asw,0.5298082292079925,decoder_query_mode=off.
leave_one_out,w/o_C-Route,1,0,1,ablation_arms_2026-09,98219f72-0f9a-4de9-a859-c81834f24ab1,bras,0.965474098920822,decoder_query_mode=off.
leave_one_out,w/o_C-Route,1,0,1,ablation_arms_2026-09,98219f72-0f9a-4de9-a859-c81834f24ab1,asw,0.4812558069825172,decoder_query_mode=off.
leave_one_out,w/o_C-Route,1,0,1,ablation_arms_2026-09,9f1a899f-05a0-44c5-8aa9-39df61ae4324,bras,0.8654003202915191,decoder_query_mode=off.
leave_one_out,w/o_C-Route,1,0,1,ablation_arms_2026-09,9f1a899f-05a0-44c5-8aa9-39df61ae4324,asw,0.553585198521614,decoder_query_mode=off.
leave_one_out,w/o_C-Route,1,0,1,ablation_arms_2026-09,a24ce10f-5a87-4e1f-a34a-f4fe5fc84052,bras,0.8702546209096909,decoder_query_mode=off.
leave_one_out,w/o_C-Route,1,0,1,ablation_arms_2026-09,a24ce10f-5a87-4e1f-a34a-f4fe5fc84052,asw,0.5848265796899795,decoder_query_mode=off.
leave_one_out,w/o_C-Route,1,0,1,ablation_arms_2026-09,a2c833f7-b7f1-4f4d-ad31-cae478b601b7,bras,0.8912599384784698,decoder_query_mode=off.
leave_one_out,w/o_C-Route,1,0,1,ablation_arms_2026-09,a2c833f7-b7f1-4f4d-ad31-cae478b601b7,asw,0.5366706222295761,decoder_query_mode=off.
leave_one_out,w/o_C-Route,1,0,1,ablation_arms_2026-09,aa32098f-f7b0-43f2-a00a-601d190aae94,bras,0.9258103519678116,decoder_query_mode=off.
leave_one_out,w/o_C-Route,1,0,1,ablation_arms_2026-09,aa32098f-f7b0-43f2-a00a-601d190aae94,asw,0.5211347281932831,decoder_query_mode=off.
leave_one_out,w/o_C-Route,1,0,1,ablation_arms_2026-09,aa369999-a034-4ad9-b459-8a93c86ea77b,bras,0.7863335520029068,decoder_query_mode=off.
leave_one_out,w/o_C-Route,1,0,1,ablation_arms_2026-09,aa369999-a034-4ad9-b459-8a93c86ea77b,asw,0.505841076374054,decoder_query_mode=off.
leave_one_out,w/o_C-Route,1,0,1,ablation_arms_2026-09,acd544d0-4d8b-46c7-98b3-fc48f7e6fdb7,bras,0.8222313284873962,decoder_query_mode=off.
leave_one_out,w/o_C-Route,1,0,1,ablation_arms_2026-09,acd544d0-4d8b-46c7-98b3-fc48f7e6fdb7,asw,0.5134834200143814,decoder_query_mode=off.
leave_one_out,w/o_C-Route,1,0,1,ablation_arms_2026-09,aecc2743-4ff2-4b55-ac8c-a1ff76fc4bb4,bras,0.7637261688709259,decoder_query_mode=off.
leave_one_out,w/o_C-Route,1,0,1,ablation_arms_2026-09,aecc2743-4ff2-4b55-ac8c-a1ff76fc4bb4,asw,0.5130942046642304,decoder_query_mode=off.
leave_one_out,w/o_C-Route,1,0,1,ablation_arms_2026-09,afae4675-434d-4e89-b5ce-2854c9dc38a3,bras,0.7551183789968491,decoder_query_mode=off.
leave_one_out,w/o_C-Route,1,0,1,ablation_arms_2026-09,afae4675-434d-4e89-b5ce-2854c9dc38a3,asw,0.5385763734579087,decoder_query_mode=off.
leave_one_out,w/o_C-Route,1,0,1,ablation_arms_2026-09,b617ee1b-f8c8-4de9-b82b-e803ab93550d,bras,0.8226630806922912,decoder_query_mode=off.
leave_one_out,w/o_C-Route,1,0,1,ablation_arms_2026-09,b617ee1b-f8c8-4de9-b82b-e803ab93550d,asw,0.4868693456053733,decoder_query_mode=off.
leave_one_out,w/o_C-Route,1,0,1,ablation_arms_2026-09,c838aec3-03ef-4398-b882-0e3912abfff0,bras,0.9069265723228456,decoder_query_mode=off.
leave_one_out,w/o_C-Route,1,0,1,ablation_arms_2026-09,c838aec3-03ef-4398-b882-0e3912abfff0,asw,0.5141018986701965,decoder_query_mode=off.
leave_one_out,w/o_C-Route,1,0,1,ablation_arms_2026-09,cee9b331-3ba0-4461-8bbd-867819d9fc0a,asw,0.5785289674997329,decoder_query_mode=off.
leave_one_out,w/o_C-Route,1,0,1,ablation_arms_2026-09,d567b692-c374-4628-a508-8008f6778f22,bras,0.8201805889606476,decoder_query_mode=off.
leave_one_out,w/o_C-Route,1,0,1,ablation_arms_2026-09,d567b692-c374-4628-a508-8008f6778f22,asw,0.5298545747995377,decoder_query_mode=off.
leave_one_out,w/o_C-Route,1,0,1,ablation_arms_2026-09,d68a8b48-abf0-4bd5-8834-155d34ec448a,bras,0.8608168512582779,decoder_query_mode=off.
leave_one_out,w/o_C-Route,1,0,1,ablation_arms_2026-09,d68a8b48-abf0-4bd5-8834-155d34ec448a,asw,0.5042859822511673,decoder_query_mode=off.
leave_one_out,w/o_C-Route,1,0,1,ablation_arms_2026-09,d7cff847-6403-44a6-ad8a-2f5a783639dd,bras,0.8423220902681351,decoder_query_mode=off.
leave_one_out,w/o_C-Route,1,0,1,ablation_arms_2026-09,d7cff847-6403-44a6-ad8a-2f5a783639dd,asw,0.5595816195011138,decoder_query_mode=off.
leave_one_out,w/o_C-Route,1,0,1,ablation_arms_2026-09,de5416ef-bbfa-41f3-99d4-01a3554173f5,bras,0.707324406504631,decoder_query_mode=off.
leave_one_out,w/o_C-Route,1,0,1,ablation_arms_2026-09,de5416ef-bbfa-41f3-99d4-01a3554173f5,asw,0.5001018524169922,decoder_query_mode=off.
leave_one_out,w/o_C-Route,1,0,1,ablation_arms_2026-09,e3ed2ba4-edf5-40ac-8750-8a417ad1eefe,bras,0.8609645366668701,decoder_query_mode=off.
leave_one_out,w/o_C-Route,1,0,1,ablation_arms_2026-09,e3ed2ba4-edf5-40ac-8750-8a417ad1eefe,asw,0.5413616985082627,decoder_query_mode=off.
leave_one_out,w/o_C-Route,1,0,1,ablation_arms_2026-09,e51bae9a-c747-4b64-904a-4da7cda218ab,bras,0.8018545240163804,decoder_query_mode=off.
leave_one_out,w/o_C-Route,1,0,1,ablation_arms_2026-09,e51bae9a-c747-4b64-904a-4da7cda218ab,asw,0.5467548280954361,decoder_query_mode=off.
leave_one_out,w/o_C-Route,1,0,1,ablation_arms_2026-09,e522d2cd-7927-4e59-a4ed-064009569279,bras,0.8974747687578202,decoder_query_mode=off.
leave_one_out,w/o_C-Route,1,0,1,ablation_arms_2026-09,e522d2cd-7927-4e59-a4ed-064009569279,asw,0.5205585479736328,decoder_query_mode=off.
leave_one_out,w/o_C-Route,1,0,1,ablation_arms_2026-09,e7bd68ab-df49-44df-9b1e-8486114aeeb5,bras,0.8800946027040482,decoder_query_mode=off.
leave_one_out,w/o_C-Route,1,0,1,ablation_arms_2026-09,e7bd68ab-df49-44df-9b1e-8486114aeeb5,asw,0.4976081550121307,decoder_query_mode=off.
leave_one_out,w/o_C-Route,1,0,1,ablation_arms_2026-09,edbfa04a-f1dd-496a-8237-df11d70621ca,bras,0.8904681235551835,decoder_query_mode=off.
leave_one_out,w/o_C-Route,1,0,1,ablation_arms_2026-09,edbfa04a-f1dd-496a-8237-df11d70621ca,asw,0.5187004685401917,decoder_query_mode=off.
leave_one_out,w/o_C-Route,1,0,1,ablation_arms_2026-09,f14bc322-1322-4184-8d16-409557525ea5,bras,0.8010520875453949,decoder_query_mode=off.
leave_one_out,w/o_C-Route,1,0,1,ablation_arms_2026-09,f14bc322-1322-4184-8d16-409557525ea5,asw,0.5273545503616333,decoder_query_mode=off.
leave_one_out,w/o_C-Route,1,0,1,ablation_arms_2026-09,f3c49918-4707-4d92-bb6d-2b5b4eb9d1b4,bras,0.821790200471878,decoder_query_mode=off.
leave_one_out,w/o_C-Route,1,0,1,ablation_arms_2026-09,f3c49918-4707-4d92-bb6d-2b5b4eb9d1b4,asw,0.5781384110450745,decoder_query_mode=off.
leave_one_out,w/o_C-Route,1,0,1,ablation_arms_2026-09,f641d68a-e877-4bb8-afd7-b8fa3921d461,bras,0.9107618898153303,decoder_query_mode=off.
leave_one_out,w/o_C-Route,1,0,1,ablation_arms_2026-09,f641d68a-e877-4bb8-afd7-b8fa3921d461,asw,0.5251987427473068,decoder_query_mode=off.
leave_one_out,w/o_C-Route,1,0,1,ablation_arms_2026-09,f6cc8a47-2dea-40aa-8608-d771c5ef8a07,asw,0.4968636348843575,decoder_query_mode=off.
leave_one_out,w/o_C-Route,1,0,1,ablation_arms_2026-09,fe7aae33-6f7c-41a5-8d29-9996a9ddf1ab,bras,0.8254349738359451,decoder_query_mode=off.
leave_one_out,w/o_C-Route,1,0,1,ablation_arms_2026-09,fe7aae33-6f7c-41a5-8d29-9996a9ddf1ab,asw,0.5493680119514466,decoder_query_mode=off.
leave_one_out,w/o_C-Route,1,0,1,ablation_arms_2026-09,01b84709-139c-4485-98a9-6e14c58fbbf6,ari,0.3051099455418089,decoder_query_mode=off.
leave_one_out,w/o_C-Route,1,0,1,ablation_arms_2026-09,01b84709-139c-4485-98a9-6e14c58fbbf6,nmi,0.5147538099591753,decoder_query_mode=off.
leave_one_out,w/o_C-Route,1,0,1,ablation_arms_2026-09,07dd8c34-4625-480a-8ee4-273a06c3082b,ari,0.7302246571713539,decoder_query_mode=off.
leave_one_out,w/o_C-Route,1,0,1,ablation_arms_2026-09,07dd8c34-4625-480a-8ee4-273a06c3082b,nmi,0.8196820823229254,decoder_query_mode=off.
leave_one_out,w/o_C-Route,1,0,1,ablation_arms_2026-09,09b518f9-da64-44cc-aec8-70a89d55611f,ari,0.3050582339602882,decoder_query_mode=off.
leave_one_out,w/o_C-Route,1,0,1,ablation_arms_2026-09,09b518f9-da64-44cc-aec8-70a89d55611f,nmi,0.5719358337225822,decoder_query_mode=off.
leave_one_out,w/o_C-Route,1,0,1,ablation_arms_2026-09,0a8e3443-c3e2-4918-84db-0495657d9175,ari,0.3909180128077067,decoder_query_mode=off.
leave_one_out,w/o_C-Route,1,0,1,ablation_arms_2026-09,0a8e3443-c3e2-4918-84db-0495657d9175,nmi,0.6410427094875615,decoder_query_mode=off.
leave_one_out,w/o_C-Route,1,0,1,ablation_arms_2026-09,0ae6f031-2f9c-4247-8b26-db320d6efd32,ari,0.5423216407379152,decoder_query_mode=off.
leave_one_out,w/o_C-Route,1,0,1,ablation_arms_2026-09,0ae6f031-2f9c-4247-8b26-db320d6efd32,nmi,0.6543989995961217,decoder_query_mode=off.
leave_one_out,w/o_C-Route,1,0,1,ablation_arms_2026-09,0bf30b02-db97-4560-b9cd-0fe3588892af,ari,0.4171549232426438,decoder_query_mode=off.
leave_one_out,w/o_C-Route,1,0,1,ablation_arms_2026-09,0bf30b02-db97-4560-b9cd-0fe3588892af,nmi,0.5813670655378058,decoder_query_mode=off.
leave_one_out,w/o_C-Route,1,0,1,ablation_arms_2026-09,0c0c49a2-b96b-432f-98a4-1decf9929149,ari,0.3657266210705985,decoder_query_mode=off.
leave_one_out,w/o_C-Route,1,0,1,ablation_arms_2026-09,0c0c49a2-b96b-432f-98a4-1decf9929149,nmi,0.6428448293834245,decoder_query_mode=off.
leave_one_out,w/o_C-Route,1,0,1,ablation_arms_2026-09,145dcf6a-2461-4fa3-a0af-7fc56db0bd33,ari,0.6825145301402975,decoder_query_mode=off.
leave_one_out,w/o_C-Route,1,0,1,ablation_arms_2026-09,145dcf6a-2461-4fa3-a0af-7fc56db0bd33,nmi,0.7977960044817201,decoder_query_mode=off.
leave_one_out,w/o_C-Route,1,0,1,ablation_arms_2026-09,16023185-de21-4c0d-a9c8-73abdd52d142,ari,0.292719609097423,decoder_query_mode=off.
leave_one_out,w/o_C-Route,1,0,1,ablation_arms_2026-09,16023185-de21-4c0d-a9c8-73abdd52d142,nmi,0.6137216482620956,decoder_query_mode=off.
leave_one_out,w/o_C-Route,1,0,1,ablation_arms_2026-09,19053a82-9c89-4fb8-bd19-d7b1800b0b7b,ari,0.2937386839707343,decoder_query_mode=off.
leave_one_out,w/o_C-Route,1,0,1,ablation_arms_2026-09,19053a82-9c89-4fb8-bd19-d7b1800b0b7b,nmi,0.6323334518911385,decoder_query_mode=off.
leave_one_out,w/o_C-Route,1,0,1,ablation_arms_2026-09,19f1bec6-eeb7-4133-accc-992d745fef89,ari,0.3582289022657468,decoder_query_mode=off.
leave_one_out,w/o_C-Route,1,0,1,ablation_arms_2026-09,19f1bec6-eeb7-4133-accc-992d745fef89,nmi,0.5708626238989186,decoder_query_mode=off.
leave_one_out,w/o_C-Route,1,0,1,ablation_arms_2026-09,1a9f3b38-b86d-416d-bbdc-9058ad3ff42d,ari,0.4204908760658596,decoder_query_mode=off.
leave_one_out,w/o_C-Route,1,0,1,ablation_arms_2026-09,1a9f3b38-b86d-416d-bbdc-9058ad3ff42d,nmi,0.6400823534778832,decoder_query_mode=off.
leave_one_out,w/o_C-Route,1,0,1,ablation_arms_2026-09,1ab4ebbc-18d6-4838-89c2-cdc5b10accfb,ari,0.4032447187265971,decoder_query_mode=off.
leave_one_out,w/o_C-Route,1,0,1,ablation_arms_2026-09,1ab4ebbc-18d6-4838-89c2-cdc5b10accfb,nmi,0.6553380838547045,decoder_query_mode=off.
leave_one_out,w/o_C-Route,1,0,1,ablation_arms_2026-09,1b350d0a-4535-4879-beb6-1142f3f94947,ari,0.3207601620987495,decoder_query_mode=off.
leave_one_out,w/o_C-Route,1,0,1,ablation_arms_2026-09,1b350d0a-4535-4879-beb6-1142f3f94947,nmi,0.5784375822461246,decoder_query_mode=off.
leave_one_out,w/o_C-Route,1,0,1,ablation_arms_2026-09,203025fe-fa99-4d57-81da-458ed8f0c334,ari,0.4816426505367261,decoder_query_mode=off.
leave_one_out,w/o_C-Route,1,0,1,ablation_arms_2026-09,203025fe-fa99-4d57-81da-458ed8f0c334,nmi,0.6734032041271737,decoder_query_mode=off.
leave_one_out,w/o_C-Route,1,0,1,ablation_arms_2026-09,21722308-5091-4b63-9c07-4f116ab9a7b3,ari,0.6843575402011681,decoder_query_mode=off.
leave_one_out,w/o_C-Route,1,0,1,ablation_arms_2026-09,21722308-5091-4b63-9c07-4f116ab9a7b3,nmi,0.8155125357150377,decoder_query_mode=off.
leave_one_out,w/o_C-Route,1,0,1,ablation_arms_2026-09,27d3952f-fbbc-497d-98d1-f37f3d555235,ari,0.4353094458220439,decoder_query_mode=off.
leave_one_out,w/o_C-Route,1,0,1,ablation_arms_2026-09,27d3952f-fbbc-497d-98d1-f37f3d555235,nmi,0.570785785542314,decoder_query_mode=off.
leave_one_out,w/o_C-Route,1,0,1,ablation_arms_2026-09,30c2a6fd-d547-460f-a5e7-44c62a2af7ad,ari,0.2735880074213647,decoder_query_mode=off.
leave_one_out,w/o_C-Route,1,0,1,ablation_arms_2026-09,30c2a6fd-d547-460f-a5e7-44c62a2af7ad,nmi,0.4808036883061296,decoder_query_mode=off.
leave_one_out,w/o_C-Route,1,0,1,ablation_arms_2026-09,322c816f-608a-4da1-99c4-36ca4ad45146,ari,0.591240536879232,decoder_query_mode=off.
leave_one_out,w/o_C-Route,1,0,1,ablation_arms_2026-09,322c816f-608a-4da1-99c4-36ca4ad45146,nmi,0.6969973648306655,decoder_query_mode=off.
leave_one_out,w/o_C-Route,1,0,1,ablation_arms_2026-09,3a702020-cf66-4ef5-9d11-4a5e835b7efb,ari,0.1891016641079111,decoder_query_mode=off.
leave_one_out,w/o_C-Route,1,0,1,ablation_arms_2026-09,3a702020-cf66-4ef5-9d11-4a5e835b7efb,nmi,0.3228866091323155,decoder_query_mode=off.
leave_one_out,w/o_C-Route,1,0,1,ablation_arms_2026-09,3bfd5174-5b49-4e58-b233-ed0f4edd0bec,ari,0.5045127996552173,decoder_query_mode=off.
leave_one_out,w/o_C-Route,1,0,1,ablation_arms_2026-09,3bfd5174-5b49-4e58-b233-ed0f4edd0bec,nmi,0.645606931789293,decoder_query_mode=off.
leave_one_out,w/o_C-Route,1,0,1,ablation_arms_2026-09,3c364ffe-d599-44d5-a77f-6c5fd7038cf6,ari,0.5393895597906238,decoder_query_mode=off.
leave_one_out,w/o_C-Route,1,0,1,ablation_arms_2026-09,3c364ffe-d599-44d5-a77f-6c5fd7038cf6,nmi,0.784932016836021,decoder_query_mode=off.
leave_one_out,w/o_C-Route,1,0,1,ablation_arms_2026-09,3cb646ab-d411-4e5b-89eb-082a786c953b,ari,0.3994937354423069,decoder_query_mode=off.
leave_one_out,w/o_C-Route,1,0,1,ablation_arms_2026-09,3cb646ab-d411-4e5b-89eb-082a786c953b,nmi,0.654010270445372,decoder_query_mode=off.
leave_one_out,w/o_C-Route,1,0,1,ablation_arms_2026-09,3e55180c-780a-4424-9434-5296640ffc0d,ari,0.332206934036263,decoder_query_mode=off.
leave_one_out,w/o_C-Route,1,0,1,ablation_arms_2026-09,3e55180c-780a-4424-9434-5296640ffc0d,nmi,0.4624899590311903,decoder_query_mode=off.
leave_one_out,w/o_C-Route,1,0,1,ablation_arms_2026-09,420d0f5d-b7ba-4b1e-88d0-44e9f733febd,ari,0.3900770081016818,decoder_query_mode=off.
leave_one_out,w/o_C-Route,1,0,1,ablation_arms_2026-09,420d0f5d-b7ba-4b1e-88d0-44e9f733febd,nmi,0.6410945310803993,decoder_query_mode=off.
leave_one_out,w/o_C-Route,1,0,1,ablation_arms_2026-09,4319097a-acae-4124-beed-d1173ffe1464,ari,0.4418842415492977,decoder_query_mode=off.
leave_one_out,w/o_C-Route,1,0,1,ablation_arms_2026-09,4319097a-acae-4124-beed-d1173ffe1464,nmi,0.5930276266377377,decoder_query_mode=off.
leave_one_out,w/o_C-Route,1,0,1,ablation_arms_2026-09,432f3af5-6a79-401f-b315-fb2df789f32c,ari,0.5384440006831589,decoder_query_mode=off.
leave_one_out,w/o_C-Route,1,0,1,ablation_arms_2026-09,432f3af5-6a79-401f-b315-fb2df789f32c,nmi,0.6729624341646985,decoder_query_mode=off.
leave_one_out,w/o_C-Route,1,0,1,ablation_arms_2026-09,43a1506b-aa9e-46a3-b288-d210f4595ddf,ari,0.4066396449164349,decoder_query_mode=off.
leave_one_out,w/o_C-Route,1,0,1,ablation_arms_2026-09,43a1506b-aa9e-46a3-b288-d210f4595ddf,nmi,0.5381065360643207,decoder_query_mode=off.
leave_one_out,w/o_C-Route,1,0,1,ablation_arms_2026-09,43aa19d2-c723-4822-979d-d2f0239835e0,ari,0.5049728976772452,decoder_query_mode=off.
leave_one_out,w/o_C-Route,1,0,1,ablation_arms_2026-09,43aa19d2-c723-4822-979d-d2f0239835e0,nmi,0.6460414912833408,decoder_query_mode=off.
leave_one_out,w/o_C-Route,1,0,1,ablation_arms_2026-09,46104f0b-9af5-466a-ae0f-56b8dc1969a2,ari,0.3919746063584146,decoder_query_mode=off.
leave_one_out,w/o_C-Route,1,0,1,ablation_arms_2026-09,46104f0b-9af5-466a-ae0f-56b8dc1969a2,nmi,0.6419334491363455,decoder_query_mode=off.
leave_one_out,w/o_C-Route,1,0,1,ablation_arms_2026-09,47e00f43-6176-44a5-b4d1-f88a1920fcab,ari,0.3815234071073317,decoder_query_mode=off.
leave_one_out,w/o_C-Route,1,0,1,ablation_arms_2026-09,47e00f43-6176-44a5-b4d1-f88a1920fcab,nmi,0.6504348005343911,decoder_query_mode=off.
leave_one_out,w/o_C-Route,1,0,1,ablation_arms_2026-09,4b83f213-b96b-4c87-a884-9b81faddb194,ari,0.4264890918097884,decoder_query_mode=off.
leave_one_out,w/o_C-Route,1,0,1,ablation_arms_2026-09,4b83f213-b96b-4c87-a884-9b81faddb194,nmi,0.5677876158539013,decoder_query_mode=off.
leave_one_out,w/o_C-Route,1,0,1,ablation_arms_2026-09,527641f0-df64-4c80-957c-a65dccd477bc,ari,0.7230560504677122,decoder_query_mode=off.
leave_one_out,w/o_C-Route,1,0,1,ablation_arms_2026-09,527641f0-df64-4c80-957c-a65dccd477bc,nmi,0.7771442035739946,decoder_query_mode=off.
leave_one_out,w/o_C-Route,1,0,1,ablation_arms_2026-09,53ce2631-3646-4172-bbd9-38b0a44d8214,ari,0.5380771357771883,decoder_query_mode=off.
leave_one_out,w/o_C-Route,1,0,1,ablation_arms_2026-09,53ce2631-3646-4172-bbd9-38b0a44d8214,nmi,0.6874813410537033,decoder_query_mode=off.
leave_one_out,w/o_C-Route,1,0,1,ablation_arms_2026-09,56a4bc14-9407-45fd-8786-f7f6fc87c9dd,ari,0.425384163328833,decoder_query_mode=off.
leave_one_out,w/o_C-Route,1,0,1,ablation_arms_2026-09,56a4bc14-9407-45fd-8786-f7f6fc87c9dd,nmi,0.6032833690343277,decoder_query_mode=off.
leave_one_out,w/o_C-Route,1,0,1,ablation_arms_2026-09,589fe605-6d49-4abe-bff8-1675511c689a,ari,0.0808533769121881,decoder_query_mode=off.
leave_one_out,w/o_C-Route,1,0,1,ablation_arms_2026-09,589fe605-6d49-4abe-bff8-1675511c689a,nmi,0.1165139435404218,decoder_query_mode=off.
leave_one_out,w/o_C-Route,1,0,1,ablation_arms_2026-09,58f43044-cd3c-42b8-bc0b-3498eb236359,ari,0.3346669754213817,decoder_query_mode=off.
leave_one_out,w/o_C-Route,1,0,1,ablation_arms_2026-09,58f43044-cd3c-42b8-bc0b-3498eb236359,nmi,0.637311774524773,decoder_query_mode=off.
leave_one_out,w/o_C-Route,1,0,1,ablation_arms_2026-09,5a9cfb44-494a-4540-8db8-7143b1bb5a6f,ari,0.3989357359480804,decoder_query_mode=off.
leave_one_out,w/o_C-Route,1,0,1,ablation_arms_2026-09,5a9cfb44-494a-4540-8db8-7143b1bb5a6f,nmi,0.5919109881980412,decoder_query_mode=off.
leave_one_out,w/o_C-Route,1,0,1,ablation_arms_2026-09,5c97eeeb-7e52-44b3-b010-b832b1f5424c,ari,0.7150741999368614,decoder_query_mode=off.
leave_one_out,w/o_C-Route,1,0,1,ablation_arms_2026-09,5c97eeeb-7e52-44b3-b010-b832b1f5424c,nmi,0.8445374725275329,decoder_query_mode=off.
leave_one_out,w/o_C-Route,1,0,1,ablation_arms_2026-09,5e57cd50-8e42-42d6-940d-5c1660d06864,ari,0.6678244411458573,decoder_query_mode=off.
leave_one_out,w/o_C-Route,1,0,1,ablation_arms_2026-09,5e57cd50-8e42-42d6-940d-5c1660d06864,nmi,0.8326681231933482,decoder_query_mode=off.
leave_one_out,w/o_C-Route,1,0,1,ablation_arms_2026-09,5ed90bc0-12f3-4354-b314-0ce0dbb96458,ari,0.3889971790033237,decoder_query_mode=off.
leave_one_out,w/o_C-Route,1,0,1,ablation_arms_2026-09,5ed90bc0-12f3-4354-b314-0ce0dbb96458,nmi,0.6175619171438995,decoder_query_mode=off.
leave_one_out,w/o_C-Route,1,0,1,ablation_arms_2026-09,5fde5c9c-5b1e-4df5-982a-3f8e7635161f,ari,0.3728768660624402,decoder_query_mode=off.
leave_one_out,w/o_C-Route,1,0,1,ablation_arms_2026-09,5fde5c9c-5b1e-4df5-982a-3f8e7635161f,nmi,0.6325238170685549,decoder_query_mode=off.
leave_one_out,w/o_C-Route,1,0,1,ablation_arms_2026-09,60a29d0b-1a37-4447-ac32-00d701580b47,ari,0.3202144128270528,decoder_query_mode=off.
leave_one_out,w/o_C-Route,1,0,1,ablation_arms_2026-09,60a29d0b-1a37-4447-ac32-00d701580b47,nmi,0.5911585607257385,decoder_query_mode=off.
leave_one_out,w/o_C-Route,1,0,1,ablation_arms_2026-09,61af564d-e5ea-4d34-a0f3-2668a00db376,ari,0.4238972994473897,decoder_query_mode=off.
leave_one_out,w/o_C-Route,1,0,1,ablation_arms_2026-09,61af564d-e5ea-4d34-a0f3-2668a00db376,nmi,0.5645171443779097,decoder_query_mode=off.
leave_one_out,w/o_C-Route,1,0,1,ablation_arms_2026-09,61d327d1-2227-4c5f-9367-e3559dc79b07,ari,0.3333741933805719,decoder_query_mode=off.
leave_one_out,w/o_C-Route,1,0,1,ablation_arms_2026-09,61d327d1-2227-4c5f-9367-e3559dc79b07,nmi,0.4241832225285813,decoder_query_mode=off.
leave_one_out,w/o_C-Route,1,0,1,ablation_arms_2026-09,64267fb5-7b70-4705-a13b-cc38966c22a8,ari,0.1790358816381436,decoder_query_mode=off.
leave_one_out,w/o_C-Route,1,0,1,ablation_arms_2026-09,64267fb5-7b70-4705-a13b-cc38966c22a8,nmi,0.1660398009330932,decoder_query_mode=off.
leave_one_out,w/o_C-Route,1,0,1,ablation_arms_2026-09,67b6b9ac-b841-42ce-b2d4-ed2ec12327bd,ari,0.3350651800656957,decoder_query_mode=off.
leave_one_out,w/o_C-Route,1,0,1,ablation_arms_2026-09,67b6b9ac-b841-42ce-b2d4-ed2ec12327bd,nmi,0.5880387163153369,decoder_query_mode=off.
leave_one_out,w/o_C-Route,1,0,1,ablation_arms_2026-09,6fc37633-13f5-4bf0-af95-52808143bffd,ari,0.2566529281901444,decoder_query_mode=off.
leave_one_out,w/o_C-Route,1,0,1,ablation_arms_2026-09,6fc37633-13f5-4bf0-af95-52808143bffd,nmi,0.3638976480644335,decoder_query_mode=off.
leave_one_out,w/o_C-Route,1,0,1,ablation_arms_2026-09,75011e96-ba37-4977-a539-fbf9f66a5e37,ari,0.3441002085365557,decoder_query_mode=off.
leave_one_out,w/o_C-Route,1,0,1,ablation_arms_2026-09,75011e96-ba37-4977-a539-fbf9f66a5e37,nmi,0.4972738296856123,decoder_query_mode=off.
leave_one_out,w/o_C-Route,1,0,1,ablation_arms_2026-09,781cc817-3fd0-487c-a55a-b47b2786a05d,ari,0.0852888207828435,decoder_query_mode=off.
leave_one_out,w/o_C-Route,1,0,1,ablation_arms_2026-09,781cc817-3fd0-487c-a55a-b47b2786a05d,nmi,0.1090761615419253,decoder_query_mode=off.
leave_one_out,w/o_C-Route,1,0,1,ablation_arms_2026-09,79884ae5-e026-4d4a-858f-e807960bd4f7,ari,0.4637215524450074,decoder_query_mode=off.
leave_one_out,w/o_C-Route,1,0,1,ablation_arms_2026-09,79884ae5-e026-4d4a-858f-e807960bd4f7,nmi,0.5824899293861426,decoder_query_mode=off.
leave_one_out,w/o_C-Route,1,0,1,ablation_arms_2026-09,8058d760-09e6-4bdd-86a1-36917ffca3ef,ari,0.5076692320958186,decoder_query_mode=off.
leave_one_out,w/o_C-Route,1,0,1,ablation_arms_2026-09,8058d760-09e6-4bdd-86a1-36917ffca3ef,nmi,0.6830599562813949,decoder_query_mode=off.
leave_one_out,w/o_C-Route,1,0,1,ablation_arms_2026-09,829a3cd1-a466-49f1-b2e9-d3f6b7f392e2,ari,0.2899134530613989,decoder_query_mode=off.
leave_one_out,w/o_C-Route,1,0,1,ablation_arms_2026-09,829a3cd1-a466-49f1-b2e9-d3f6b7f392e2,nmi,0.4477671164232196,decoder_query_mode=off.
leave_one_out,w/o_C-Route,1,0,1,ablation_arms_2026-09,84cfa5aa-a0d1-415e-ac47-eb66c9cf8170,ari,0.3503493579784613,decoder_query_mode=off.
leave_one_out,w/o_C-Route,1,0,1,ablation_arms_2026-09,84cfa5aa-a0d1-415e-ac47-eb66c9cf8170,nmi,0.5763872633137186,decoder_query_mode=off.
leave_one_out,w/o_C-Route,1,0,1,ablation_arms_2026-09,8560f809-5794-484e-9152-b63efa91d134,ari,0.3615943365835148,decoder_query_mode=off.
leave_one_out,w/o_C-Route,1,0,1,ablation_arms_2026-09,8560f809-5794-484e-9152-b63efa91d134,nmi,0.5281960526179892,decoder_query_mode=off.
leave_one_out,w/o_C-Route,1,0,1,ablation_arms_2026-09,867757c1-3b1a-49d9-a0cd-17767eb160cc,ari,0.6558296334549256,decoder_query_mode=off.
leave_one_out,w/o_C-Route,1,0,1,ablation_arms_2026-09,867757c1-3b1a-49d9-a0cd-17767eb160cc,nmi,0.8020494409788945,decoder_query_mode=off.
leave_one_out,w/o_C-Route,1,0,1,ablation_arms_2026-09,881e0e6b-a185-45f1-9b56-81606e91e7ff,ari,0.4016457047929291,decoder_query_mode=off.
leave_one_out,w/o_C-Route,1,0,1,ablation_arms_2026-09,881e0e6b-a185-45f1-9b56-81606e91e7ff,nmi,0.6419783341339472,decoder_query_mode=off.
leave_one_out,w/o_C-Route,1,0,1,ablation_arms_2026-09,8ef06ea4-8d0f-4303-a652-7d4604402b1f,ari,0.3455712252586579,decoder_query_mode=off.
leave_one_out,w/o_C-Route,1,0,1,ablation_arms_2026-09,8ef06ea4-8d0f-4303-a652-7d4604402b1f,nmi,0.5446460987094646,decoder_query_mode=off.
leave_one_out,w/o_C-Route,1,0,1,ablation_arms_2026-09,8f3e7fcf-0b16-4a29-a5f1-a7a8b267d689,ari,0.3607311901810753,decoder_query_mode=off.
leave_one_out,w/o_C-Route,1,0,1,ablation_arms_2026-09,8f3e7fcf-0b16-4a29-a5f1-a7a8b267d689,nmi,0.5887684342247058,decoder_query_mode=off.
leave_one_out,w/o_C-Route,1,0,1,ablation_arms_2026-09,8ff0cef9-393e-43de-9722-a1e12c239727,ari,0.4065815283653397,decoder_query_mode=off.
leave_one_out,w/o_C-Route,1,0,1,ablation_arms_2026-09,8ff0cef9-393e-43de-9722-a1e12c239727,nmi,0.4823155242601759,decoder_query_mode=off.
leave_one_out,w/o_C-Route,1,0,1,ablation_arms_2026-09,95d3b0fb-b8a7-4bec-a2e8-cded3222ff07,ari,0.7526679330929947,decoder_query_mode=off.
leave_one_out,w/o_C-Route,1,0,1,ablation_arms_2026-09,95d3b0fb-b8a7-4bec-a2e8-cded3222ff07,nmi,0.8181766839192782,decoder_query_mode=off.
leave_one_out,w/o_C-Route,1,0,1,ablation_arms_2026-09,963a08cb-d995-4862-9614-f9d38a7d7540,ari,0.5333003380727591,decoder_query_mode=off.
leave_one_out,w/o_C-Route,1,0,1,ablation_arms_2026-09,963a08cb-d995-4862-9614-f9d38a7d7540,nmi,0.7557005532517015,decoder_query_mode=off.
leave_one_out,w/o_C-Route,1,0,1,ablation_arms_2026-09,978a566a-dc27-478d-b306-26daba116c1f,ari,0.5601224851418234,decoder_query_mode=off.
leave_one_out,w/o_C-Route,1,0,1,ablation_arms_2026-09,978a566a-dc27-478d-b306-26daba116c1f,nmi,0.7060981774588648,decoder_query_mode=off.
leave_one_out,w/o_C-Route,1,0,1,ablation_arms_2026-09,98219f72-0f9a-4de9-a859-c81834f24ab1,ari,0.0643222187783731,decoder_query_mode=off.
leave_one_out,w/o_C-Route,1,0,1,ablation_arms_2026-09,98219f72-0f9a-4de9-a859-c81834f24ab1,nmi,0.1503540031198482,decoder_query_mode=off.
leave_one_out,w/o_C-Route,1,0,1,ablation_arms_2026-09,9f1a899f-05a0-44c5-8aa9-39df61ae4324,ari,0.592782360871384,decoder_query_mode=off.
leave_one_out,w/o_C-Route,1,0,1,ablation_arms_2026-09,9f1a899f-05a0-44c5-8aa9-39df61ae4324,nmi,0.7721872510348092,decoder_query_mode=off.
leave_one_out,w/o_C-Route,1,0,1,ablation_arms_2026-09,a24ce10f-5a87-4e1f-a34a-f4fe5fc84052,ari,0.7011448095877217,decoder_query_mode=off.
leave_one_out,w/o_C-Route,1,0,1,ablation_arms_2026-09,a24ce10f-5a87-4e1f-a34a-f4fe5fc84052,nmi,0.8033421051297193,decoder_query_mode=off.
leave_one_out,w/o_C-Route,1,0,1,ablation_arms_2026-09,a2c833f7-b7f1-4f4d-ad31-cae478b601b7,ari,0.4104339794762947,decoder_query_mode=off.
leave_one_out,w/o_C-Route,1,0,1,ablation_arms_2026-09,a2c833f7-b7f1-4f4d-ad31-cae478b601b7,nmi,0.5314885250087651,decoder_query_mode=off.
leave_one_out,w/o_C-Route,1,0,1,ablation_arms_2026-09,aa32098f-f7b0-43f2-a00a-601d190aae94,ari,0.3861597105236508,decoder_query_mode=off.
leave_one_out,w/o_C-Route,1,0,1,ablation_arms_2026-09,aa32098f-f7b0-43f2-a00a-601d190aae94,nmi,0.651318736277287,decoder_query_mode=off.
leave_one_out,w/o_C-Route,1,0,1,ablation_arms_2026-09,aa369999-a034-4ad9-b459-8a93c86ea77b,ari,0.321061414632152,decoder_query_mode=off.
leave_one_out,w/o_C-Route,1,0,1,ablation_arms_2026-09,aa369999-a034-4ad9-b459-8a93c86ea77b,nmi,0.5608800168941437,decoder_query_mode=off.
leave_one_out,w/o_C-Route,1,0,1,ablation_arms_2026-09,acd544d0-4d8b-46c7-98b3-fc48f7e6fdb7,ari,0.3714468531573863,decoder_query_mode=off.
leave_one_out,w/o_C-Route,1,0,1,ablation_arms_2026-09,acd544d0-4d8b-46c7-98b3-fc48f7e6fdb7,nmi,0.5990794469893658,decoder_query_mode=off.
leave_one_out,w/o_C-Route,1,0,1,ablation_arms_2026-09,aecc2743-4ff2-4b55-ac8c-a1ff76fc4bb4,ari,0.2778927452221342,decoder_query_mode=off.
leave_one_out,w/o_C-Route,1,0,1,ablation_arms_2026-09,aecc2743-4ff2-4b55-ac8c-a1ff76fc4bb4,nmi,0.4221568424246875,decoder_query_mode=off.
leave_one_out,w/o_C-Route,1,0,1,ablation_arms_2026-09,afae4675-434d-4e89-b5ce-2854c9dc38a3,ari,0.3871242888228433,decoder_query_mode=off.
leave_one_out,w/o_C-Route,1,0,1,ablation_arms_2026-09,afae4675-434d-4e89-b5ce-2854c9dc38a3,nmi,0.5346870860963131,decoder_query_mode=off.
leave_one_out,w/o_C-Route,1,0,1,ablation_arms_2026-09,b617ee1b-f8c8-4de9-b82b-e803ab93550d,ari,0.0491906329006801,decoder_query_mode=off.
leave_one_out,w/o_C-Route,1,0,1,ablation_arms_2026-09,b617ee1b-f8c8-4de9-b82b-e803ab93550d,nmi,0.113190085072265,decoder_query_mode=off.
leave_one_out,w/o_C-Route,1,0,1,ablation_arms_2026-09,c838aec3-03ef-4398-b882-0e3912abfff0,ari,0.3294879168757652,decoder_query_mode=off.
leave_one_out,w/o_C-Route,1,0,1,ablation_arms_2026-09,c838aec3-03ef-4398-b882-0e3912abfff0,nmi,0.5985822257440689,decoder_query_mode=off.
leave_one_out,w/o_C-Route,1,0,1,ablation_arms_2026-09,cee9b331-3ba0-4461-8bbd-867819d9fc0a,ari,0.6926979885697183,decoder_query_mode=off.
leave_one_out,w/o_C-Route,1,0,1,ablation_arms_2026-09,cee9b331-3ba0-4461-8bbd-867819d9fc0a,nmi,0.7587974137373154,decoder_query_mode=off.
leave_one_out,w/o_C-Route,1,0,1,ablation_arms_2026-09,d567b692-c374-4628-a508-8008f6778f22,ari,0.5126553326278324,decoder_query_mode=off.
leave_one_out,w/o_C-Route,1,0,1,ablation_arms_2026-09,d567b692-c374-4628-a508-8008f6778f22,nmi,0.6671890099124601,decoder_query_mode=off.
leave_one_out,w/o_C-Route,1,0,1,ablation_arms_2026-09,d68a8b48-abf0-4bd5-8834-155d34ec448a,ari,0.3695558243089362,decoder_query_mode=off.
leave_one_out,w/o_C-Route,1,0,1,ablation_arms_2026-09,d68a8b48-abf0-4bd5-8834-155d34ec448a,nmi,0.6305145142805159,decoder_query_mode=off.
leave_one_out,w/o_C-Route,1,0,1,ablation_arms_2026-09,d7cff847-6403-44a6-ad8a-2f5a783639dd,ari,0.6699236321645394,decoder_query_mode=off.
leave_one_out,w/o_C-Route,1,0,1,ablation_arms_2026-09,d7cff847-6403-44a6-ad8a-2f5a783639dd,nmi,0.7813025458255036,decoder_query_mode=off.
leave_one_out,w/o_C-Route,1,0,1,ablation_arms_2026-09,de5416ef-bbfa-41f3-99d4-01a3554173f5,ari,0.2420194826764193,decoder_query_mode=off.
leave_one_out,w/o_C-Route,1,0,1,ablation_arms_2026-09,de5416ef-bbfa-41f3-99d4-01a3554173f5,nmi,0.5094855847721169,decoder_query_mode=off.
leave_one_out,w/o_C-Route,1,0,1,ablation_arms_2026-09,e3ed2ba4-edf5-40ac-8750-8a417ad1eefe,ari,0.5608941888534751,decoder_query_mode=off.
leave_one_out,w/o_C-Route,1,0,1,ablation_arms_2026-09,e3ed2ba4-edf5-40ac-8750-8a417ad1eefe,nmi,0.7113479862316276,decoder_query_mode=off.
leave_one_out,w/o_C-Route,1,0,1,ablation_arms_2026-09,e51bae9a-c747-4b64-904a-4da7cda218ab,ari,0.4542311978028799,decoder_query_mode=off.
leave_one_out,w/o_C-Route,1,0,1,ablation_arms_2026-09,e51bae9a-c747-4b64-904a-4da7cda218ab,nmi,0.6271423431248522,decoder_query_mode=off.
leave_one_out,w/o_C-Route,1,0,1,ablation_arms_2026-09,e522d2cd-7927-4e59-a4ed-064009569279,ari,0.3850223897555154,decoder_query_mode=off.
leave_one_out,w/o_C-Route,1,0,1,ablation_arms_2026-09,e522d2cd-7927-4e59-a4ed-064009569279,nmi,0.6417680275991553,decoder_query_mode=off.
leave_one_out,w/o_C-Route,1,0,1,ablation_arms_2026-09,e7bd68ab-df49-44df-9b1e-8486114aeeb5,ari,0.2353859076299883,decoder_query_mode=off.
leave_one_out,w/o_C-Route,1,0,1,ablation_arms_2026-09,e7bd68ab-df49-44df-9b1e-8486114aeeb5,nmi,0.3921127705346509,decoder_query_mode=off.
leave_one_out,w/o_C-Route,1,0,1,ablation_arms_2026-09,edbfa04a-f1dd-496a-8237-df11d70621ca,ari,0.3415188617893754,decoder_query_mode=off.
leave_one_out,w/o_C-Route,1,0,1,ablation_arms_2026-09,edbfa04a-f1dd-496a-8237-df11d70621ca,nmi,0.4980311692131451,decoder_query_mode=off.
leave_one_out,w/o_C-Route,1,0,1,ablation_arms_2026-09,f14bc322-1322-4184-8d16-409557525ea5,ari,0.4539563868596912,decoder_query_mode=off.
leave_one_out,w/o_C-Route,1,0,1,ablation_arms_2026-09,f14bc322-1322-4184-8d16-409557525ea5,nmi,0.7008318121284496,decoder_query_mode=off.
leave_one_out,w/o_C-Route,1,0,1,ablation_arms_2026-09,f3c49918-4707-4d92-bb6d-2b5b4eb9d1b4,ari,0.693610730385593,decoder_query_mode=off.
leave_one_out,w/o_C-Route,1,0,1,ablation_arms_2026-09,f3c49918-4707-4d92-bb6d-2b5b4eb9d1b4,nmi,0.7870138198757209,decoder_query_mode=off.
leave_one_out,w/o_C-Route,1,0,1,ablation_arms_2026-09,f641d68a-e877-4bb8-afd7-b8fa3921d461,ari,0.4767532547766824,decoder_query_mode=off.
leave_one_out,w/o_C-Route,1,0,1,ablation_arms_2026-09,f641d68a-e877-4bb8-afd7-b8fa3921d461,nmi,0.6200683887561109,decoder_query_mode=off.
leave_one_out,w/o_C-Route,1,0,1,ablation_arms_2026-09,f6cc8a47-2dea-40aa-8608-d771c5ef8a07,ari,0.3041896056675336,decoder_query_mode=off.
leave_one_out,w/o_C-Route,1,0,1,ablation_arms_2026-09,f6cc8a47-2dea-40aa-8608-d771c5ef8a07,nmi,0.4111574706766201,decoder_query_mode=off.
leave_one_out,w/o_C-Route,1,0,1,ablation_arms_2026-09,fe7aae33-6f7c-41a5-8d29-9996a9ddf1ab,ari,0.6544035675209451,decoder_query_mode=off.
leave_one_out,w/o_C-Route,1,0,1,ablation_arms_2026-09,fe7aae33-6f7c-41a5-8d29-9996a9ddf1ab,nmi,0.7047152395460247,decoder_query_mode=off.
leave_one_out,w/o_C-Route,1,0,1,ablation_arms_2026-09,01b84709-139c-4485-98a9-6e14c58fbbf6,gene_mean_pearson,0.9366096190065536,decoder_query_mode=off.
leave_one_out,w/o_C-Route,1,0,1,ablation_arms_2026-09,01b84709-139c-4485-98a9-6e14c58fbbf6,training_style_hvg,0.8271219421386719,decoder_query_mode=off.
leave_one_out,w/o_C-Route,1,0,1,ablation_arms_2026-09,07dd8c34-4625-480a-8ee4-273a06c3082b,gene_mean_pearson,0.9409089409797138,decoder_query_mode=off.
leave_one_out,w/o_C-Route,1,0,1,ablation_arms_2026-09,07dd8c34-4625-480a-8ee4-273a06c3082b,training_style_hvg,0.9140443888716858,decoder_query_mode=off.
leave_one_out,w/o_C-Route,1,0,1,ablation_arms_2026-09,09b518f9-da64-44cc-aec8-70a89d55611f,gene_mean_pearson,0.8743698357904588,decoder_query_mode=off.
leave_one_out,w/o_C-Route,1,0,1,ablation_arms_2026-09,09b518f9-da64-44cc-aec8-70a89d55611f,training_style_hvg,0.7433679504394531,decoder_query_mode=off.
leave_one_out,w/o_C-Route,1,0,1,ablation_arms_2026-09,0a8e3443-c3e2-4918-84db-0495657d9175,gene_mean_pearson,0.9767005385465812,decoder_query_mode=off.
leave_one_out,w/o_C-Route,1,0,1,ablation_arms_2026-09,0a8e3443-c3e2-4918-84db-0495657d9175,training_style_hvg,0.8990981140136719,decoder_query_mode=off.
leave_one_out,w/o_C-Route,1,0,1,ablation_arms_2026-09,0ae6f031-2f9c-4247-8b26-db320d6efd32,gene_mean_pearson,0.8482299081320832,decoder_query_mode=off.
leave_one_out,w/o_C-Route,1,0,1,ablation_arms_2026-09,0ae6f031-2f9c-4247-8b26-db320d6efd32,training_style_hvg,0.7396116746471774,decoder_query_mode=off.
leave_one_out,w/o_C-Route,1,0,1,ablation_arms_2026-09,0bf30b02-db97-4560-b9cd-0fe3588892af,gene_mean_pearson,0.9474895826165268,decoder_query_mode=off.
leave_one_out,w/o_C-Route,1,0,1,ablation_arms_2026-09,0bf30b02-db97-4560-b9cd-0fe3588892af,training_style_hvg,0.8990660461425781,decoder_query_mode=off.
leave_one_out,w/o_C-Route,1,0,1,ablation_arms_2026-09,0c0c49a2-b96b-432f-98a4-1decf9929149,gene_mean_pearson,0.97744625039699,decoder_query_mode=off.
leave_one_out,w/o_C-Route,1,0,1,ablation_arms_2026-09,0c0c49a2-b96b-432f-98a4-1decf9929149,training_style_hvg,0.9073622375488282,decoder_query_mode=off.
leave_one_out,w/o_C-Route,1,0,1,ablation_arms_2026-09,145dcf6a-2461-4fa3-a0af-7fc56db0bd33,gene_mean_pearson,0.933124884042317,decoder_query_mode=off.
leave_one_out,w/o_C-Route,1,0,1,ablation_arms_2026-09,145dcf6a-2461-4fa3-a0af-7fc56db0bd33,training_style_hvg,0.9257703674316408,decoder_query_mode=off.
leave_one_out,w/o_C-Route,1,0,1,ablation_arms_2026-09,16023185-de21-4c0d-a9c8-73abdd52d142,gene_mean_pearson,0.98009575733986,decoder_query_mode=off.
leave_one_out,w/o_C-Route,1,0,1,ablation_arms_2026-09,16023185-de21-4c0d-a9c8-73abdd52d142,training_style_hvg,0.8773895751953125,decoder_query_mode=off.
leave_one_out,w/o_C-Route,1,0,1,ablation_arms_2026-09,19053a82-9c89-4fb8-bd19-d7b1800b0b7b,gene_mean_pearson,0.9399712998747098,decoder_query_mode=off.
leave_one_out,w/o_C-Route,1,0,1,ablation_arms_2026-09,19053a82-9c89-4fb8-bd19-d7b1800b0b7b,training_style_hvg,0.8372061584472656,decoder_query_mode=off.
leave_one_out,w/o_C-Route,1,0,1,ablation_arms_2026-09,19f1bec6-eeb7-4133-accc-992d745fef89,gene_mean_pearson,0.8779024580268739,decoder_query_mode=off.
leave_one_out,w/o_C-Route,1,0,1,ablation_arms_2026-09,19f1bec6-eeb7-4133-accc-992d745fef89,training_style_hvg,0.7688339294433594,decoder_query_mode=off.
leave_one_out,w/o_C-Route,1,0,1,ablation_arms_2026-09,1a9f3b38-b86d-416d-bbdc-9058ad3ff42d,gene_mean_pearson,0.7873648836231928,decoder_query_mode=off.
leave_one_out,w/o_C-Route,1,0,1,ablation_arms_2026-09,1a9f3b38-b86d-416d-bbdc-9058ad3ff42d,training_style_hvg,0.754363671875,decoder_query_mode=off.
leave_one_out,w/o_C-Route,1,0,1,ablation_arms_2026-09,1ab4ebbc-18d6-4838-89c2-cdc5b10accfb,gene_mean_pearson,0.9475065963226532,decoder_query_mode=off.
leave_one_out,w/o_C-Route,1,0,1,ablation_arms_2026-09,1ab4ebbc-18d6-4838-89c2-cdc5b10accfb,training_style_hvg,0.901859071960738,decoder_query_mode=off.
leave_one_out,w/o_C-Route,1,0,1,ablation_arms_2026-09,1b350d0a-4535-4879-beb6-1142f3f94947,gene_mean_pearson,0.974304312842313,decoder_query_mode=off.
leave_one_out,w/o_C-Route,1,0,1,ablation_arms_2026-09,1b350d0a-4535-4879-beb6-1142f3f94947,training_style_hvg,0.9003061706542969,decoder_query_mode=off.
leave_one_out,w/o_C-Route,1,0,1,ablation_arms_2026-09,203025fe-fa99-4d57-81da-458ed8f0c334,gene_mean_pearson,0.8684580447534973,decoder_query_mode=off.
leave_one_out,w/o_C-Route,1,0,1,ablation_arms_2026-09,203025fe-fa99-4d57-81da-458ed8f0c334,training_style_hvg,0.7221790832519531,decoder_query_mode=off.
leave_one_out,w/o_C-Route,1,0,1,ablation_arms_2026-09,21722308-5091-4b63-9c07-4f116ab9a7b3,gene_mean_pearson,0.925912873157331,decoder_query_mode=off.
leave_one_out,w/o_C-Route,1,0,1,ablation_arms_2026-09,21722308-5091-4b63-9c07-4f116ab9a7b3,training_style_hvg,0.9242846496582032,decoder_query_mode=off.
leave_one_out,w/o_C-Route,1,0,1,ablation_arms_2026-09,27d3952f-fbbc-497d-98d1-f37f3d555235,gene_mean_pearson,0.9281257568319482,decoder_query_mode=off.
leave_one_out,w/o_C-Route,1,0,1,ablation_arms_2026-09,27d3952f-fbbc-497d-98d1-f37f3d555235,training_style_hvg,0.781324824122704,decoder_query_mode=off.
leave_one_out,w/o_C-Route,1,0,1,ablation_arms_2026-09,30c2a6fd-d547-460f-a5e7-44c62a2af7ad,gene_mean_pearson,0.9404523151260588,decoder_query_mode=off.
leave_one_out,w/o_C-Route,1,0,1,ablation_arms_2026-09,30c2a6fd-d547-460f-a5e7-44c62a2af7ad,training_style_hvg,0.8765203186035156,decoder_query_mode=off.
leave_one_out,w/o_C-Route,1,0,1,ablation_arms_2026-09,322c816f-608a-4da1-99c4-36ca4ad45146,gene_mean_pearson,0.8961174678705313,decoder_query_mode=off.
leave_one_out,w/o_C-Route,1,0,1,ablation_arms_2026-09,322c816f-608a-4da1-99c4-36ca4ad45146,training_style_hvg,0.8024124206542969,decoder_query_mode=off.
leave_one_out,w/o_C-Route,1,0,1,ablation_arms_2026-09,3a702020-cf66-4ef5-9d11-4a5e835b7efb,gene_mean_pearson,0.7892239015878992,decoder_query_mode=off.
leave_one_out,w/o_C-Route,1,0,1,ablation_arms_2026-09,3a702020-cf66-4ef5-9d11-4a5e835b7efb,training_style_hvg,0.7094295532226562,decoder_query_mode=off.
leave_one_out,w/o_C-Route,1,0,1,ablation_arms_2026-09,3bfd5174-5b49-4e58-b233-ed0f4edd0bec,gene_mean_pearson,0.8482722316308962,decoder_query_mode=off.
leave_one_out,w/o_C-Route,1,0,1,ablation_arms_2026-09,3bfd5174-5b49-4e58-b233-ed0f4edd0bec,training_style_hvg,0.7493721963205645,decoder_query_mode=off.
leave_one_out,w/o_C-Route,1,0,1,ablation_arms_2026-09,3c364ffe-d599-44d5-a77f-6c5fd7038cf6,gene_mean_pearson,0.8901961605653301,decoder_query_mode=off.
leave_one_out,w/o_C-Route,1,0,1,ablation_arms_2026-09,3c364ffe-d599-44d5-a77f-6c5fd7038cf6,training_style_hvg,0.8007622680664063,decoder_query_mode=off.
leave_one_out,w/o_C-Route,1,0,1,ablation_arms_2026-09,3cb646ab-d411-4e5b-89eb-082a786c953b,gene_mean_pearson,0.9776355854448984,decoder_query_mode=off.
leave_one_out,w/o_C-Route,1,0,1,ablation_arms_2026-09,3cb646ab-d411-4e5b-89eb-082a786c953b,training_style_hvg,0.9035651123046876,decoder_query_mode=off.
leave_one_out,w/o_C-Route,1,0,1,ablation_arms_2026-09,3e55180c-780a-4424-9434-5296640ffc0d,gene_mean_pearson,0.9374072730978328,decoder_query_mode=off.
leave_one_out,w/o_C-Route,1,0,1,ablation_arms_2026-09,3e55180c-780a-4424-9434-5296640ffc0d,training_style_hvg,0.9401847617559332,decoder_query_mode=off.
leave_one_out,w/o_C-Route,1,0,1,ablation_arms_2026-09,420d0f5d-b7ba-4b1e-88d0-44e9f733febd,gene_mean_pearson,0.9776541112690804,decoder_query_mode=off.
leave_one_out,w/o_C-Route,1,0,1,ablation_arms_2026-09,420d0f5d-b7ba-4b1e-88d0-44e9f733febd,training_style_hvg,0.903843212890625,decoder_query_mode=off.
leave_one_out,w/o_C-Route,1,0,1,ablation_arms_2026-09,4319097a-acae-4124-beed-d1173ffe1464,gene_mean_pearson,0.8677439828080796,decoder_query_mode=off.
leave_one_out,w/o_C-Route,1,0,1,ablation_arms_2026-09,4319097a-acae-4124-beed-d1173ffe1464,training_style_hvg,0.7555770224294355,decoder_query_mode=off.
leave_one_out,w/o_C-Route,1,0,1,ablation_arms_2026-09,432f3af5-6a79-401f-b315-fb2df789f32c,gene_mean_pearson,0.8915982480992913,decoder_query_mode=off.
leave_one_out,w/o_C-Route,1,0,1,ablation_arms_2026-09,432f3af5-6a79-401f-b315-fb2df789f32c,training_style_hvg,0.7285106319304435,decoder_query_mode=off.
leave_one_out,w/o_C-Route,1,0,1,ablation_arms_2026-09,43a1506b-aa9e-46a3-b288-d210f4595ddf,gene_mean_pearson,0.961359839583839,decoder_query_mode=off.
leave_one_out,w/o_C-Route,1,0,1,ablation_arms_2026-09,43a1506b-aa9e-46a3-b288-d210f4595ddf,training_style_hvg,0.8320545959472656,decoder_query_mode=off.
leave_one_out,w/o_C-Route,1,0,1,ablation_arms_2026-09,43aa19d2-c723-4822-979d-d2f0239835e0,gene_mean_pearson,0.9333255570437322,decoder_query_mode=off.
leave_one_out,w/o_C-Route,1,0,1,ablation_arms_2026-09,43aa19d2-c723-4822-979d-d2f0239835e0,training_style_hvg,0.9044613342285156,decoder_query_mode=off.
leave_one_out,w/o_C-Route,1,0,1,ablation_arms_2026-09,46104f0b-9af5-466a-ae0f-56b8dc1969a2,gene_mean_pearson,0.977798937767528,decoder_query_mode=off.
leave_one_out,w/o_C-Route,1,0,1,ablation_arms_2026-09,46104f0b-9af5-466a-ae0f-56b8dc1969a2,training_style_hvg,0.8998458740234375,decoder_query_mode=off.
leave_one_out,w/o_C-Route,1,0,1,ablation_arms_2026-09,47e00f43-6176-44a5-b4d1-f88a1920fcab,gene_mean_pearson,0.9776259024358556,decoder_query_mode=off.
leave_one_out,w/o_C-Route,1,0,1,ablation_arms_2026-09,47e00f43-6176-44a5-b4d1-f88a1920fcab,training_style_hvg,0.9077988464355468,decoder_query_mode=off.
leave_one_out,w/o_C-Route,1,0,1,ablation_arms_2026-09,4b83f213-b96b-4c87-a884-9b81faddb194,gene_mean_pearson,0.914934267363178,decoder_query_mode=off.
leave_one_out,w/o_C-Route,1,0,1,ablation_arms_2026-09,4b83f213-b96b-4c87-a884-9b81faddb194,training_style_hvg,0.8422151733398437,decoder_query_mode=off.
leave_one_out,w/o_C-Route,1,0,1,ablation_arms_2026-09,527641f0-df64-4c80-957c-a65dccd477bc,gene_mean_pearson,0.8824588970858942,decoder_query_mode=off.
leave_one_out,w/o_C-Route,1,0,1,ablation_arms_2026-09,527641f0-df64-4c80-957c-a65dccd477bc,training_style_hvg,0.915334488407258,decoder_query_mode=off.
leave_one_out,w/o_C-Route,1,0,1,ablation_arms_2026-09,53ce2631-3646-4172-bbd9-38b0a44d8214,gene_mean_pearson,0.9173285448564288,decoder_query_mode=off.
leave_one_out,w/o_C-Route,1,0,1,ablation_arms_2026-09,53ce2631-3646-4172-bbd9-38b0a44d8214,training_style_hvg,0.8388141052246094,decoder_query_mode=off.
leave_one_out,w/o_C-Route,1,0,1,ablation_arms_2026-09,56a4bc14-9407-45fd-8786-f7f6fc87c9dd,gene_mean_pearson,0.9354627140660948,decoder_query_mode=off.
leave_one_out,w/o_C-Route,1,0,1,ablation_arms_2026-09,56a4bc14-9407-45fd-8786-f7f6fc87c9dd,training_style_hvg,0.8370897644042968,decoder_query_mode=off.
leave_one_out,w/o_C-Route,1,0,1,ablation_arms_2026-09,589fe605-6d49-4abe-bff8-1675511c689a,gene_mean_pearson,0.9743905232769464,decoder_query_mode=off.
leave_one_out,w/o_C-Route,1,0,1,ablation_arms_2026-09,589fe605-6d49-4abe-bff8-1675511c689a,training_style_hvg,0.9094082092285156,decoder_query_mode=off.
leave_one_out,w/o_C-Route,1,0,1,ablation_arms_2026-09,58f43044-cd3c-42b8-bc0b-3498eb236359,gene_mean_pearson,0.9380547829852476,decoder_query_mode=off.
leave_one_out,w/o_C-Route,1,0,1,ablation_arms_2026-09,58f43044-cd3c-42b8-bc0b-3498eb236359,training_style_hvg,0.8306202331542969,decoder_query_mode=off.
leave_one_out,w/o_C-Route,1,0,1,ablation_arms_2026-09,5a9cfb44-494a-4540-8db8-7143b1bb5a6f,gene_mean_pearson,0.9243950534380934,decoder_query_mode=off.
leave_one_out,w/o_C-Route,1,0,1,ablation_arms_2026-09,5a9cfb44-494a-4540-8db8-7143b1bb5a6f,training_style_hvg,0.8012852111816406,decoder_query_mode=off.
leave_one_out,w/o_C-Route,1,0,1,ablation_arms_2026-09,5c97eeeb-7e52-44b3-b010-b832b1f5424c,gene_mean_pearson,0.9256555984148338,decoder_query_mode=off.
leave_one_out,w/o_C-Route,1,0,1,ablation_arms_2026-09,5c97eeeb-7e52-44b3-b010-b832b1f5424c,training_style_hvg,0.9207078186035156,decoder_query_mode=off.
leave_one_out,w/o_C-Route,1,0,1,ablation_arms_2026-09,5e57cd50-8e42-42d6-940d-5c1660d06864,gene_mean_pearson,0.9264519954607622,decoder_query_mode=off.
leave_one_out,w/o_C-Route,1,0,1,ablation_arms_2026-09,5e57cd50-8e42-42d6-940d-5c1660d06864,training_style_hvg,0.9227068481445312,decoder_query_mode=off.
leave_one_out,w/o_C-Route,1,0,1,ablation_arms_2026-09,5ed90bc0-12f3-4354-b314-0ce0dbb96458,gene_mean_pearson,0.9495178710853054,decoder_query_mode=off.
leave_one_out,w/o_C-Route,1,0,1,ablation_arms_2026-09,5ed90bc0-12f3-4354-b314-0ce0dbb96458,training_style_hvg,0.8930585998535157,decoder_query_mode=off.
leave_one_out,w/o_C-Route,1,0,1,ablation_arms_2026-09,5fde5c9c-5b1e-4df5-982a-3f8e7635161f,gene_mean_pearson,0.9770858845281062,decoder_query_mode=off.
leave_one_out,w/o_C-Route,1,0,1,ablation_arms_2026-09,5fde5c9c-5b1e-4df5-982a-3f8e7635161f,training_style_hvg,0.9005440124511719,decoder_query_mode=off.
leave_one_out,w/o_C-Route,1,0,1,ablation_arms_2026-09,60a29d0b-1a37-4447-ac32-00d701580b47,gene_mean_pearson,0.959784848484522,decoder_query_mode=off.
leave_one_out,w/o_C-Route,1,0,1,ablation_arms_2026-09,60a29d0b-1a37-4447-ac32-00d701580b47,training_style_hvg,0.8971617378987745,decoder_query_mode=off.
leave_one_out,w/o_C-Route,1,0,1,ablation_arms_2026-09,61af564d-e5ea-4d34-a0f3-2668a00db376,gene_mean_pearson,0.7828047672392087,decoder_query_mode=off.
leave_one_out,w/o_C-Route,1,0,1,ablation_arms_2026-09,61af564d-e5ea-4d34-a0f3-2668a00db376,training_style_hvg,0.6646156372070312,decoder_query_mode=off.
leave_one_out,w/o_C-Route,1,0,1,ablation_arms_2026-09,61d327d1-2227-4c5f-9367-e3559dc79b07,gene_mean_pearson,0.585541736368828,decoder_query_mode=off.
leave_one_out,w/o_C-Route,1,0,1,ablation_arms_2026-09,61d327d1-2227-4c5f-9367-e3559dc79b07,training_style_hvg,0.5179647321078047,decoder_query_mode=off.
leave_one_out,w/o_C-Route,1,0,1,ablation_arms_2026-09,64267fb5-7b70-4705-a13b-cc38966c22a8,gene_mean_pearson,0.929691386724836,decoder_query_mode=off.
leave_one_out,w/o_C-Route,1,0,1,ablation_arms_2026-09,64267fb5-7b70-4705-a13b-cc38966c22a8,training_style_hvg,0.9600550659179689,decoder_query_mode=off.
leave_one_out,w/o_C-Route,1,0,1,ablation_arms_2026-09,67b6b9ac-b841-42ce-b2d4-ed2ec12327bd,gene_mean_pearson,0.8556161414532543,decoder_query_mode=off.
leave_one_out,w/o_C-Route,1,0,1,ablation_arms_2026-09,67b6b9ac-b841-42ce-b2d4-ed2ec12327bd,training_style_hvg,0.7453163757324218,decoder_query_mode=off.
leave_one_out,w/o_C-Route,1,0,1,ablation_arms_2026-09,6fc37633-13f5-4bf0-af95-52808143bffd,gene_mean_pearson,0.9384289486553242,decoder_query_mode=off.
leave_one_out,w/o_C-Route,1,0,1,ablation_arms_2026-09,6fc37633-13f5-4bf0-af95-52808143bffd,training_style_hvg,0.9416620747312164,decoder_query_mode=off.
leave_one_out,w/o_C-Route,1,0,1,ablation_arms_2026-09,75011e96-ba37-4977-a539-fbf9f66a5e37,gene_mean_pearson,0.9536891305955024,decoder_query_mode=off.
leave_one_out,w/o_C-Route,1,0,1,ablation_arms_2026-09,75011e96-ba37-4977-a539-fbf9f66a5e37,training_style_hvg,0.8104022432445714,decoder_query_mode=off.
leave_one_out,w/o_C-Route,1,0,1,ablation_arms_2026-09,781cc817-3fd0-487c-a55a-b47b2786a05d,gene_mean_pearson,0.9667663314582958,decoder_query_mode=off.
leave_one_out,w/o_C-Route,1,0,1,ablation_arms_2026-09,781cc817-3fd0-487c-a55a-b47b2786a05d,training_style_hvg,0.9237902818071656,decoder_query_mode=off.
leave_one_out,w/o_C-Route,1,0,1,ablation_arms_2026-09,79884ae5-e026-4d4a-858f-e807960bd4f7,gene_mean_pearson,0.9196657025212936,decoder_query_mode=off.
leave_one_out,w/o_C-Route,1,0,1,ablation_arms_2026-09,79884ae5-e026-4d4a-858f-e807960bd4f7,training_style_hvg,0.7581117101981815,decoder_query_mode=off.
leave_one_out,w/o_C-Route,1,0,1,ablation_arms_2026-09,8058d760-09e6-4bdd-86a1-36917ffca3ef,gene_mean_pearson,0.7471805794670074,decoder_query_mode=off.
leave_one_out,w/o_C-Route,1,0,1,ablation_arms_2026-09,8058d760-09e6-4bdd-86a1-36917ffca3ef,training_style_hvg,0.7801339111328125,decoder_query_mode=off.
leave_one_out,w/o_C-Route,1,0,1,ablation_arms_2026-09,829a3cd1-a466-49f1-b2e9-d3f6b7f392e2,gene_mean_pearson,0.964488198515937,decoder_query_mode=off.
leave_one_out,w/o_C-Route,1,0,1,ablation_arms_2026-09,829a3cd1-a466-49f1-b2e9-d3f6b7f392e2,training_style_hvg,0.922753125,decoder_query_mode=off.
leave_one_out,w/o_C-Route,1,0,1,ablation_arms_2026-09,84cfa5aa-a0d1-415e-ac47-eb66c9cf8170,gene_mean_pearson,0.9718961714664304,decoder_query_mode=off.
leave_one_out,w/o_C-Route,1,0,1,ablation_arms_2026-09,84cfa5aa-a0d1-415e-ac47-eb66c9cf8170,training_style_hvg,0.8872478576660157,decoder_query_mode=off.
leave_one_out,w/o_C-Route,1,0,1,ablation_arms_2026-09,8560f809-5794-484e-9152-b63efa91d134,gene_mean_pearson,0.953709902540838,decoder_query_mode=off.
leave_one_out,w/o_C-Route,1,0,1,ablation_arms_2026-09,8560f809-5794-484e-9152-b63efa91d134,training_style_hvg,0.851117626953125,decoder_query_mode=off.
leave_one_out,w/o_C-Route,1,0,1,ablation_arms_2026-09,867757c1-3b1a-49d9-a0cd-17767eb160cc,gene_mean_pearson,0.7240276456145095,decoder_query_mode=off.
leave_one_out,w/o_C-Route,1,0,1,ablation_arms_2026-09,867757c1-3b1a-49d9-a0cd-17767eb160cc,training_style_hvg,0.6245131591796875,decoder_query_mode=off.
leave_one_out,w/o_C-Route,1,0,1,ablation_arms_2026-09,881e0e6b-a185-45f1-9b56-81606e91e7ff,gene_mean_pearson,0.9764360247005592,decoder_query_mode=off.
leave_one_out,w/o_C-Route,1,0,1,ablation_arms_2026-09,881e0e6b-a185-45f1-9b56-81606e91e7ff,training_style_hvg,0.8946786071777344,decoder_query_mode=off.
leave_one_out,w/o_C-Route,1,0,1,ablation_arms_2026-09,8ef06ea4-8d0f-4303-a652-7d4604402b1f,gene_mean_pearson,0.9530386409222004,decoder_query_mode=off.
leave_one_out,w/o_C-Route,1,0,1,ablation_arms_2026-09,8ef06ea4-8d0f-4303-a652-7d4604402b1f,training_style_hvg,0.8673246704101563,decoder_query_mode=off.
leave_one_out,w/o_C-Route,1,0,1,ablation_arms_2026-09,8f3e7fcf-0b16-4a29-a5f1-a7a8b267d689,gene_mean_pearson,0.9762990068347652,decoder_query_mode=off.
leave_one_out,w/o_C-Route,1,0,1,ablation_arms_2026-09,8f3e7fcf-0b16-4a29-a5f1-a7a8b267d689,training_style_hvg,0.9223136657714844,decoder_query_mode=off.
leave_one_out,w/o_C-Route,1,0,1,ablation_arms_2026-09,8ff0cef9-393e-43de-9722-a1e12c239727,gene_mean_pearson,0.9105688465842618,decoder_query_mode=off.
leave_one_out,w/o_C-Route,1,0,1,ablation_arms_2026-09,8ff0cef9-393e-43de-9722-a1e12c239727,training_style_hvg,0.7858897744455645,decoder_query_mode=off.
leave_one_out,w/o_C-Route,1,0,1,ablation_arms_2026-09,95d3b0fb-b8a7-4bec-a2e8-cded3222ff07,gene_mean_pearson,0.9369609784214272,decoder_query_mode=off.
leave_one_out,w/o_C-Route,1,0,1,ablation_arms_2026-09,95d3b0fb-b8a7-4bec-a2e8-cded3222ff07,training_style_hvg,0.8863805557996975,decoder_query_mode=off.
leave_one_out,w/o_C-Route,1,0,1,ablation_arms_2026-09,963a08cb-d995-4862-9614-f9d38a7d7540,gene_mean_pearson,0.8321830116445803,decoder_query_mode=off.
leave_one_out,w/o_C-Route,1,0,1,ablation_arms_2026-09,963a08cb-d995-4862-9614-f9d38a7d7540,training_style_hvg,0.8519109436035156,decoder_query_mode=off.
leave_one_out,w/o_C-Route,1,0,1,ablation_arms_2026-09,978a566a-dc27-478d-b306-26daba116c1f,gene_mean_pearson,0.7909969234429619,decoder_query_mode=off.
leave_one_out,w/o_C-Route,1,0,1,ablation_arms_2026-09,978a566a-dc27-478d-b306-26daba116c1f,training_style_hvg,0.7953289916992188,decoder_query_mode=off.
leave_one_out,w/o_C-Route,1,0,1,ablation_arms_2026-09,98219f72-0f9a-4de9-a859-c81834f24ab1,gene_mean_pearson,0.5287650396216195,decoder_query_mode=off.
leave_one_out,w/o_C-Route,1,0,1,ablation_arms_2026-09,98219f72-0f9a-4de9-a859-c81834f24ab1,training_style_hvg,0.4720273681640625,decoder_query_mode=off.
leave_one_out,w/o_C-Route,1,0,1,ablation_arms_2026-09,9f1a899f-05a0-44c5-8aa9-39df61ae4324,gene_mean_pearson,0.8788585361304998,decoder_query_mode=off.
leave_one_out,w/o_C-Route,1,0,1,ablation_arms_2026-09,9f1a899f-05a0-44c5-8aa9-39df61ae4324,training_style_hvg,0.8460933227539063,decoder_query_mode=off.
leave_one_out,w/o_C-Route,1,0,1,ablation_arms_2026-09,a24ce10f-5a87-4e1f-a34a-f4fe5fc84052,gene_mean_pearson,0.9374069790916156,decoder_query_mode=off.
leave_one_out,w/o_C-Route,1,0,1,ablation_arms_2026-09,a24ce10f-5a87-4e1f-a34a-f4fe5fc84052,training_style_hvg,0.9050495757073084,decoder_query_mode=off.
leave_one_out,w/o_C-Route,1,0,1,ablation_arms_2026-09,a2c833f7-b7f1-4f4d-ad31-cae478b601b7,gene_mean_pearson,0.9305777523491052,decoder_query_mode=off.
leave_one_out,w/o_C-Route,1,0,1,ablation_arms_2026-09,a2c833f7-b7f1-4f4d-ad31-cae478b601b7,training_style_hvg,0.8306610168457031,decoder_query_mode=off.
leave_one_out,w/o_C-Route,1,0,1,ablation_arms_2026-09,aa32098f-f7b0-43f2-a00a-601d190aae94,gene_mean_pearson,0.9774247130209914,decoder_query_mode=off.
leave_one_out,w/o_C-Route,1,0,1,ablation_arms_2026-09,aa32098f-f7b0-43f2-a00a-601d190aae94,training_style_hvg,0.9051212890625,decoder_query_mode=off.
leave_one_out,w/o_C-Route,1,0,1,ablation_arms_2026-09,aa369999-a034-4ad9-b459-8a93c86ea77b,gene_mean_pearson,0.9276970175293408,decoder_query_mode=off.
leave_one_out,w/o_C-Route,1,0,1,ablation_arms_2026-09,aa369999-a034-4ad9-b459-8a93c86ea77b,training_style_hvg,0.8680746643066406,decoder_query_mode=off.
leave_one_out,w/o_C-Route,1,0,1,ablation_arms_2026-09,acd544d0-4d8b-46c7-98b3-fc48f7e6fdb7,gene_mean_pearson,0.7175221495997945,decoder_query_mode=off.
leave_one_out,w/o_C-Route,1,0,1,ablation_arms_2026-09,acd544d0-4d8b-46c7-98b3-fc48f7e6fdb7,training_style_hvg,0.6241985990582668,decoder_query_mode=off.
leave_one_out,w/o_C-Route,1,0,1,ablation_arms_2026-09,aecc2743-4ff2-4b55-ac8c-a1ff76fc4bb4,gene_mean_pearson,0.9543669886211212,decoder_query_mode=off.
leave_one_out,w/o_C-Route,1,0,1,ablation_arms_2026-09,aecc2743-4ff2-4b55-ac8c-a1ff76fc4bb4,training_style_hvg,0.8166528259277344,decoder_query_mode=off.
leave_one_out,w/o_C-Route,1,0,1,ablation_arms_2026-09,afae4675-434d-4e89-b5ce-2854c9dc38a3,gene_mean_pearson,0.7983891261895607,decoder_query_mode=off.
leave_one_out,w/o_C-Route,1,0,1,ablation_arms_2026-09,afae4675-434d-4e89-b5ce-2854c9dc38a3,training_style_hvg,0.7629605529785156,decoder_query_mode=off.
leave_one_out,w/o_C-Route,1,0,1,ablation_arms_2026-09,b617ee1b-f8c8-4de9-b82b-e803ab93550d,gene_mean_pearson,0.9357254181183176,decoder_query_mode=off.
leave_one_out,w/o_C-Route,1,0,1,ablation_arms_2026-09,b617ee1b-f8c8-4de9-b82b-e803ab93550d,training_style_hvg,0.8526888366699219,decoder_query_mode=off.
leave_one_out,w/o_C-Route,1,0,1,ablation_arms_2026-09,c838aec3-03ef-4398-b882-0e3912abfff0,gene_mean_pearson,0.9752632075769,decoder_query_mode=off.
leave_one_out,w/o_C-Route,1,0,1,ablation_arms_2026-09,c838aec3-03ef-4398-b882-0e3912abfff0,training_style_hvg,0.9250734558105468,decoder_query_mode=off.
leave_one_out,w/o_C-Route,1,0,1,ablation_arms_2026-09,cee9b331-3ba0-4461-8bbd-867819d9fc0a,gene_mean_pearson,0.8893299439060531,decoder_query_mode=off.
leave_one_out,w/o_C-Route,1,0,1,ablation_arms_2026-09,cee9b331-3ba0-4461-8bbd-867819d9fc0a,training_style_hvg,0.919245069934476,decoder_query_mode=off.
leave_one_out,w/o_C-Route,1,0,1,ablation_arms_2026-09,d567b692-c374-4628-a508-8008f6778f22,gene_mean_pearson,0.8815187032943325,decoder_query_mode=off.
leave_one_out,w/o_C-Route,1,0,1,ablation_arms_2026-09,d567b692-c374-4628-a508-8008f6778f22,training_style_hvg,0.7974730529785157,decoder_query_mode=off.
leave_one_out,w/o_C-Route,1,0,1,ablation_arms_2026-09,d68a8b48-abf0-4bd5-8834-155d34ec448a,gene_mean_pearson,0.8479361369607957,decoder_query_mode=off.
leave_one_out,w/o_C-Route,1,0,1,ablation_arms_2026-09,d68a8b48-abf0-4bd5-8834-155d34ec448a,training_style_hvg,0.7582030944824218,decoder_query_mode=off.
leave_one_out,w/o_C-Route,1,0,1,ablation_arms_2026-09,d7cff847-6403-44a6-ad8a-2f5a783639dd,gene_mean_pearson,0.9261222743390326,decoder_query_mode=off.
leave_one_out,w/o_C-Route,1,0,1,ablation_arms_2026-09,d7cff847-6403-44a6-ad8a-2f5a783639dd,training_style_hvg,0.926848565673828,decoder_query_mode=off.
leave_one_out,w/o_C-Route,1,0,1,ablation_arms_2026-09,de5416ef-bbfa-41f3-99d4-01a3554173f5,gene_mean_pearson,0.9514589203876884,decoder_query_mode=off.
leave_one_out,w/o_C-Route,1,0,1,ablation_arms_2026-09,de5416ef-bbfa-41f3-99d4-01a3554173f5,training_style_hvg,0.809869091796875,decoder_query_mode=off.
leave_one_out,w/o_C-Route,1,0,1,ablation_arms_2026-09,e3ed2ba4-edf5-40ac-8750-8a417ad1eefe,gene_mean_pearson,0.9000480848366161,decoder_query_mode=off.
leave_one_out,w/o_C-Route,1,0,1,ablation_arms_2026-09,e3ed2ba4-edf5-40ac-8750-8a417ad1eefe,training_style_hvg,0.8445658325195312,decoder_query_mode=off.
leave_one_out,w/o_C-Route,1,0,1,ablation_arms_2026-09,e51bae9a-c747-4b64-904a-4da7cda218ab,gene_mean_pearson,0.9126098966336758,decoder_query_mode=off.
leave_one_out,w/o_C-Route,1,0,1,ablation_arms_2026-09,e51bae9a-c747-4b64-904a-4da7cda218ab,training_style_hvg,0.5423543182373047,decoder_query_mode=off.
leave_one_out,w/o_C-Route,1,0,1,ablation_arms_2026-09,e522d2cd-7927-4e59-a4ed-064009569279,gene_mean_pearson,0.9768718024781716,decoder_query_mode=off.
leave_one_out,w/o_C-Route,1,0,1,ablation_arms_2026-09,e522d2cd-7927-4e59-a4ed-064009569279,training_style_hvg,0.9082099609375,decoder_query_mode=off.
leave_one_out,w/o_C-Route,1,0,1,ablation_arms_2026-09,e7bd68ab-df49-44df-9b1e-8486114aeeb5,gene_mean_pearson,0.9460737338455985,decoder_query_mode=off.
leave_one_out,w/o_C-Route,1,0,1,ablation_arms_2026-09,e7bd68ab-df49-44df-9b1e-8486114aeeb5,training_style_hvg,0.849548095703125,decoder_query_mode=off.
leave_one_out,w/o_C-Route,1,0,1,ablation_arms_2026-09,edbfa04a-f1dd-496a-8237-df11d70621ca,gene_mean_pearson,0.9501028812771616,decoder_query_mode=off.
leave_one_out,w/o_C-Route,1,0,1,ablation_arms_2026-09,edbfa04a-f1dd-496a-8237-df11d70621ca,training_style_hvg,0.8882710083007812,decoder_query_mode=off.
leave_one_out,w/o_C-Route,1,0,1,ablation_arms_2026-09,f14bc322-1322-4184-8d16-409557525ea5,gene_mean_pearson,0.973929795608133,decoder_query_mode=off.
leave_one_out,w/o_C-Route,1,0,1,ablation_arms_2026-09,f14bc322-1322-4184-8d16-409557525ea5,training_style_hvg,0.9020937133789062,decoder_query_mode=off.
leave_one_out,w/o_C-Route,1,0,1,ablation_arms_2026-09,f3c49918-4707-4d92-bb6d-2b5b4eb9d1b4,gene_mean_pearson,0.9328966987592924,decoder_query_mode=off.
leave_one_out,w/o_C-Route,1,0,1,ablation_arms_2026-09,f3c49918-4707-4d92-bb6d-2b5b4eb9d1b4,training_style_hvg,0.8684072379515467,decoder_query_mode=off.
leave_one_out,w/o_C-Route,1,0,1,ablation_arms_2026-09,f641d68a-e877-4bb8-afd7-b8fa3921d461,gene_mean_pearson,0.7686719438340233,decoder_query_mode=off.
leave_one_out,w/o_C-Route,1,0,1,ablation_arms_2026-09,f641d68a-e877-4bb8-afd7-b8fa3921d461,training_style_hvg,0.7238346252441407,decoder_query_mode=off.
leave_one_out,w/o_C-Route,1,0,1,ablation_arms_2026-09,f6cc8a47-2dea-40aa-8608-d771c5ef8a07,gene_mean_pearson,0.9133880443376452,decoder_query_mode=off.
leave_one_out,w/o_C-Route,1,0,1,ablation_arms_2026-09,f6cc8a47-2dea-40aa-8608-d771c5ef8a07,training_style_hvg,0.7815590032762096,decoder_query_mode=off.
leave_one_out,w/o_C-Route,1,0,1,ablation_arms_2026-09,fe7aae33-6f7c-41a5-8d29-9996a9ddf1ab,gene_mean_pearson,0.8826776391287845,decoder_query_mode=off.
leave_one_out,w/o_C-Route,1,0,1,ablation_arms_2026-09,fe7aae33-6f7c-41a5-8d29-9996a9ddf1ab,training_style_hvg,0.8134706726074219,decoder_query_mode=off.
leave_one_out,w/o_C-Route,1,0,1,ablation_arms_2026-09,01b84709-139c-4485-98a9-6e14c58fbbf6,pcr,0.2816434102970804,decoder_query_mode=off.
leave_one_out,w/o_C-Route,1,0,1,ablation_arms_2026-09,07dd8c34-4625-480a-8ee4-273a06c3082b,pcr,0.5090676530270686,decoder_query_mode=off.
leave_one_out,w/o_C-Route,1,0,1,ablation_arms_2026-09,09b518f9-da64-44cc-aec8-70a89d55611f,pcr,0.4360384274964378,decoder_query_mode=off.
leave_one_out,w/o_C-Route,1,0,1,ablation_arms_2026-09,0a8e3443-c3e2-4918-84db-0495657d9175,pcr,0.2723055620661997,decoder_query_mode=off.
leave_one_out,w/o_C-Route,1,0,1,ablation_arms_2026-09,0bf30b02-db97-4560-b9cd-0fe3588892af,pcr,0.5115001437851955,decoder_query_mode=off.
leave_one_out,w/o_C-Route,1,0,1,ablation_arms_2026-09,0c0c49a2-b96b-432f-98a4-1decf9929149,pcr,0.2602742016773272,decoder_query_mode=off.
leave_one_out,w/o_C-Route,1,0,1,ablation_arms_2026-09,16023185-de21-4c0d-a9c8-73abdd52d142,pcr,0.3433088628741066,decoder_query_mode=off.
leave_one_out,w/o_C-Route,1,0,1,ablation_arms_2026-09,19053a82-9c89-4fb8-bd19-d7b1800b0b7b,pcr,0.4605851091082259,decoder_query_mode=off.
leave_one_out,w/o_C-Route,1,0,1,ablation_arms_2026-09,19f1bec6-eeb7-4133-accc-992d745fef89,pcr,0.6029551200045128,decoder_query_mode=off.
leave_one_out,w/o_C-Route,1,0,1,ablation_arms_2026-09,1a9f3b38-b86d-416d-bbdc-9058ad3ff42d,pcr,0.5207001236002404,decoder_query_mode=off.
leave_one_out,w/o_C-Route,1,0,1,ablation_arms_2026-09,1ab4ebbc-18d6-4838-89c2-cdc5b10accfb,pcr,0.5415005241815078,decoder_query_mode=off.
leave_one_out,w/o_C-Route,1,0,1,ablation_arms_2026-09,1b350d0a-4535-4879-beb6-1142f3f94947,pcr,0.3332890946430283,decoder_query_mode=off.
leave_one_out,w/o_C-Route,1,0,1,ablation_arms_2026-09,203025fe-fa99-4d57-81da-458ed8f0c334,pcr,0.4010295233943629,decoder_query_mode=off.
leave_one_out,w/o_C-Route,1,0,1,ablation_arms_2026-09,30c2a6fd-d547-460f-a5e7-44c62a2af7ad,pcr,0.5744846425049907,decoder_query_mode=off.
leave_one_out,w/o_C-Route,1,0,1,ablation_arms_2026-09,322c816f-608a-4da1-99c4-36ca4ad45146,pcr,0.3731136172569831,decoder_query_mode=off.
leave_one_out,w/o_C-Route,1,0,1,ablation_arms_2026-09,3a702020-cf66-4ef5-9d11-4a5e835b7efb,pcr,0.4937985331725555,decoder_query_mode=off.
leave_one_out,w/o_C-Route,1,0,1,ablation_arms_2026-09,3c364ffe-d599-44d5-a77f-6c5fd7038cf6,pcr,0.4440808001537172,decoder_query_mode=off.
leave_one_out,w/o_C-Route,1,0,1,ablation_arms_2026-09,3cb646ab-d411-4e5b-89eb-082a786c953b,pcr,0.3129601323321199,decoder_query_mode=off.
leave_one_out,w/o_C-Route,1,0,1,ablation_arms_2026-09,3e55180c-780a-4424-9434-5296640ffc0d,pcr,0.2833780001075924,decoder_query_mode=off.
leave_one_out,w/o_C-Route,1,0,1,ablation_arms_2026-09,420d0f5d-b7ba-4b1e-88d0-44e9f733febd,pcr,0.2873565861415305,decoder_query_mode=off.
leave_one_out,w/o_C-Route,1,0,1,ablation_arms_2026-09,43a1506b-aa9e-46a3-b288-d210f4595ddf,pcr,0.2720096716596773,decoder_query_mode=off.
leave_one_out,w/o_C-Route,1,0,1,ablation_arms_2026-09,43aa19d2-c723-4822-979d-d2f0239835e0,pcr,0.5433542192497761,decoder_query_mode=off.
leave_one_out,w/o_C-Route,1,0,1,ablation_arms_2026-09,46104f0b-9af5-466a-ae0f-56b8dc1969a2,pcr,0.1629212859502615,decoder_query_mode=off.
leave_one_out,w/o_C-Route,1,0,1,ablation_arms_2026-09,47e00f43-6176-44a5-b4d1-f88a1920fcab,pcr,0.3748697220360882,decoder_query_mode=off.
leave_one_out,w/o_C-Route,1,0,1,ablation_arms_2026-09,53ce2631-3646-4172-bbd9-38b0a44d8214,pcr,0.4471100068154901,decoder_query_mode=off.
leave_one_out,w/o_C-Route,1,0,1,ablation_arms_2026-09,56a4bc14-9407-45fd-8786-f7f6fc87c9dd,pcr,0.5118651596829246,decoder_query_mode=off.
leave_one_out,w/o_C-Route,1,0,1,ablation_arms_2026-09,589fe605-6d49-4abe-bff8-1675511c689a,pcr,0.2183991690955512,decoder_query_mode=off.
leave_one_out,w/o_C-Route,1,0,1,ablation_arms_2026-09,58f43044-cd3c-42b8-bc0b-3498eb236359,pcr,0.2807146451802155,decoder_query_mode=off.
leave_one_out,w/o_C-Route,1,0,1,ablation_arms_2026-09,5a9cfb44-494a-4540-8db8-7143b1bb5a6f,pcr,0.566702415707385,decoder_query_mode=off.
leave_one_out,w/o_C-Route,1,0,1,ablation_arms_2026-09,5c97eeeb-7e52-44b3-b010-b832b1f5424c,pcr,0.2383721994088343,decoder_query_mode=off.
leave_one_out,w/o_C-Route,1,0,1,ablation_arms_2026-09,5e57cd50-8e42-42d6-940d-5c1660d06864,pcr,0.2193084825201331,decoder_query_mode=off.
leave_one_out,w/o_C-Route,1,0,1,ablation_arms_2026-09,5ed90bc0-12f3-4354-b314-0ce0dbb96458,pcr,0.2762944730572682,decoder_query_mode=off.
leave_one_out,w/o_C-Route,1,0,1,ablation_arms_2026-09,5fde5c9c-5b1e-4df5-982a-3f8e7635161f,pcr,0.2848006175960836,decoder_query_mode=off.
leave_one_out,w/o_C-Route,1,0,1,ablation_arms_2026-09,60a29d0b-1a37-4447-ac32-00d701580b47,pcr,0.2295778617092797,decoder_query_mode=off.
leave_one_out,w/o_C-Route,1,0,1,ablation_arms_2026-09,61af564d-e5ea-4d34-a0f3-2668a00db376,pcr,0.5099776238528652,decoder_query_mode=off.
leave_one_out,w/o_C-Route,1,0,1,ablation_arms_2026-09,61d327d1-2227-4c5f-9367-e3559dc79b07,pcr,0.4344461809034481,decoder_query_mode=off.
leave_one_out,w/o_C-Route,1,0,1,ablation_arms_2026-09,64267fb5-7b70-4705-a13b-cc38966c22a8,pcr,0.5723243317010335,decoder_query_mode=off.
leave_one_out,w/o_C-Route,1,0,1,ablation_arms_2026-09,67b6b9ac-b841-42ce-b2d4-ed2ec12327bd,pcr,0.4051952969466127,decoder_query_mode=off.
leave_one_out,w/o_C-Route,1,0,1,ablation_arms_2026-09,75011e96-ba37-4977-a539-fbf9f66a5e37,pcr,0.4912011199390341,decoder_query_mode=off.
leave_one_out,w/o_C-Route,1,0,1,ablation_arms_2026-09,781cc817-3fd0-487c-a55a-b47b2786a05d,pcr,0.1141094436615225,decoder_query_mode=off.
leave_one_out,w/o_C-Route,1,0,1,ablation_arms_2026-09,8058d760-09e6-4bdd-86a1-36917ffca3ef,pcr,0.5406747379005774,decoder_query_mode=off.
leave_one_out,w/o_C-Route,1,0,1,ablation_arms_2026-09,829a3cd1-a466-49f1-b2e9-d3f6b7f392e2,pcr,0.3439516914737517,decoder_query_mode=off.
leave_one_out,w/o_C-Route,1,0,1,ablation_arms_2026-09,84cfa5aa-a0d1-415e-ac47-eb66c9cf8170,pcr,0.4014777368980874,decoder_query_mode=off.
leave_one_out,w/o_C-Route,1,0,1,ablation_arms_2026-09,8560f809-5794-484e-9152-b63efa91d134,pcr,0.4021452806289326,decoder_query_mode=off.
leave_one_out,w/o_C-Route,1,0,1,ablation_arms_2026-09,867757c1-3b1a-49d9-a0cd-17767eb160cc,pcr,0.5259178491647573,decoder_query_mode=off.
leave_one_out,w/o_C-Route,1,0,1,ablation_arms_2026-09,881e0e6b-a185-45f1-9b56-81606e91e7ff,pcr,0.1355642023835233,decoder_query_mode=off.
leave_one_out,w/o_C-Route,1,0,1,ablation_arms_2026-09,8ef06ea4-8d0f-4303-a652-7d4604402b1f,pcr,0.4043384191601786,decoder_query_mode=off.
leave_one_out,w/o_C-Route,1,0,1,ablation_arms_2026-09,8f3e7fcf-0b16-4a29-a5f1-a7a8b267d689,pcr,0.4247635794345683,decoder_query_mode=off.
leave_one_out,w/o_C-Route,1,0,1,ablation_arms_2026-09,95d3b0fb-b8a7-4bec-a2e8-cded3222ff07,pcr,0.296572873031705,decoder_query_mode=off.
leave_one_out,w/o_C-Route,1,0,1,ablation_arms_2026-09,963a08cb-d995-4862-9614-f9d38a7d7540,pcr,0.4526646907097224,decoder_query_mode=off.
leave_one_out,w/o_C-Route,1,0,1,ablation_arms_2026-09,978a566a-dc27-478d-b306-26daba116c1f,pcr,0.4424612373459963,decoder_query_mode=off.
leave_one_out,w/o_C-Route,1,0,1,ablation_arms_2026-09,98219f72-0f9a-4de9-a859-c81834f24ab1,pcr,0.8368191441241315,decoder_query_mode=off.
leave_one_out,w/o_C-Route,1,0,1,ablation_arms_2026-09,9f1a899f-05a0-44c5-8aa9-39df61ae4324,pcr,0.4016202758594918,decoder_query_mode=off.
leave_one_out,w/o_C-Route,1,0,1,ablation_arms_2026-09,a24ce10f-5a87-4e1f-a34a-f4fe5fc84052,pcr,0.3085829905947531,decoder_query_mode=off.
leave_one_out,w/o_C-Route,1,0,1,ablation_arms_2026-09,a2c833f7-b7f1-4f4d-ad31-cae478b601b7,pcr,0.4413732072878479,decoder_query_mode=off.
leave_one_out,w/o_C-Route,1,0,1,ablation_arms_2026-09,aa32098f-f7b0-43f2-a00a-601d190aae94,pcr,0.1732542708648278,decoder_query_mode=off.
leave_one_out,w/o_C-Route,1,0,1,ablation_arms_2026-09,aa369999-a034-4ad9-b459-8a93c86ea77b,pcr,0.4944771090774596,decoder_query_mode=off.
leave_one_out,w/o_C-Route,1,0,1,ablation_arms_2026-09,acd544d0-4d8b-46c7-98b3-fc48f7e6fdb7,pcr,0.5360469752764118,decoder_query_mode=off.
leave_one_out,w/o_C-Route,1,0,1,ablation_arms_2026-09,aecc2743-4ff2-4b55-ac8c-a1ff76fc4bb4,pcr,0.4361390157515467,decoder_query_mode=off.
leave_one_out,w/o_C-Route,1,0,1,ablation_arms_2026-09,afae4675-434d-4e89-b5ce-2854c9dc38a3,pcr,0.4919799040406344,decoder_query_mode=off.
leave_one_out,w/o_C-Route,1,0,1,ablation_arms_2026-09,b617ee1b-f8c8-4de9-b82b-e803ab93550d,pcr,0.4493940449091832,decoder_query_mode=off.
leave_one_out,w/o_C-Route,1,0,1,ablation_arms_2026-09,c838aec3-03ef-4398-b882-0e3912abfff0,pcr,0.1761674970479708,decoder_query_mode=off.
leave_one_out,w/o_C-Route,1,0,1,ablation_arms_2026-09,d567b692-c374-4628-a508-8008f6778f22,pcr,0.4745673793132144,decoder_query_mode=off.
leave_one_out,w/o_C-Route,1,0,1,ablation_arms_2026-09,d68a8b48-abf0-4bd5-8834-155d34ec448a,pcr,0.3966004583312464,decoder_query_mode=off.
leave_one_out,w/o_C-Route,1,0,1,ablation_arms_2026-09,d7cff847-6403-44a6-ad8a-2f5a783639dd,pcr,0.3447170271870506,decoder_query_mode=off.
leave_one_out,w/o_C-Route,1,0,1,ablation_arms_2026-09,de5416ef-bbfa-41f3-99d4-01a3554173f5,pcr,0.5553852540496382,decoder_query_mode=off.
leave_one_out,w/o_C-Route,1,0,1,ablation_arms_2026-09,e3ed2ba4-edf5-40ac-8750-8a417ad1eefe,pcr,0.4510176642449842,decoder_query_mode=off.
leave_one_out,w/o_C-Route,1,0,1,ablation_arms_2026-09,e51bae9a-c747-4b64-904a-4da7cda218ab,pcr,0.1100446498509289,decoder_query_mode=off.
leave_one_out,w/o_C-Route,1,0,1,ablation_arms_2026-09,e522d2cd-7927-4e59-a4ed-064009569279,pcr,0.3221782636925377,decoder_query_mode=off.
leave_one_out,w/o_C-Route,1,0,1,ablation_arms_2026-09,e7bd68ab-df49-44df-9b1e-8486114aeeb5,pcr,0.4075429203714765,decoder_query_mode=off.
leave_one_out,w/o_C-Route,1,0,1,ablation_arms_2026-09,edbfa04a-f1dd-496a-8237-df11d70621ca,pcr,0.3700967260556188,decoder_query_mode=off.
leave_one_out,w/o_C-Route,1,0,1,ablation_arms_2026-09,f14bc322-1322-4184-8d16-409557525ea5,pcr,0.381065853591761,decoder_query_mode=off.
leave_one_out,w/o_C-Route,1,0,1,ablation_arms_2026-09,f3c49918-4707-4d92-bb6d-2b5b4eb9d1b4,pcr,0.4690062768856469,decoder_query_mode=off.
leave_one_out,w/o_C-Route,1,0,1,ablation_arms_2026-09,f641d68a-e877-4bb8-afd7-b8fa3921d461,pcr,0.3808289611823841,decoder_query_mode=off.
leave_one_out,w/o_C-Route,1,0,1,ablation_arms_2026-09,fe7aae33-6f7c-41a5-8d29-9996a9ddf1ab,pcr,0.4756666426461206,decoder_query_mode=off.
leave_one_out,w/o_C-Route,1,0,1,ablation_arms_2026-09,01b84709-139c-4485-98a9-6e14c58fbbf6,mse,2.153553009033203,decoder_query_mode=off.
leave_one_out,w/o_C-Route,1,0,1,ablation_arms_2026-09,07dd8c34-4625-480a-8ee4-273a06c3082b,mse,1.444198489189148,decoder_query_mode=off.
leave_one_out,w/o_C-Route,1,0,1,ablation_arms_2026-09,09b518f9-da64-44cc-aec8-70a89d55611f,mse,2.7625551223754883,decoder_query_mode=off.
leave_one_out,w/o_C-Route,1,0,1,ablation_arms_2026-09,0a8e3443-c3e2-4918-84db-0495657d9175,mse,2.204829454421997,decoder_query_mode=off.
leave_one_out,w/o_C-Route,1,0,1,ablation_arms_2026-09,0ae6f031-2f9c-4247-8b26-db320d6efd32,mse,2.504996061325073,decoder_query_mode=off.
leave_one_out,w/o_C-Route,1,0,1,ablation_arms_2026-09,0bf30b02-db97-4560-b9cd-0fe3588892af,mse,2.2090213298797607,decoder_query_mode=off.
leave_one_out,w/o_C-Route,1,0,1,ablation_arms_2026-09,0c0c49a2-b96b-432f-98a4-1decf9929149,mse,2.194007158279419,decoder_query_mode=off.
leave_one_out,w/o_C-Route,1,0,1,ablation_arms_2026-09,145dcf6a-2461-4fa3-a0af-7fc56db0bd33,mse,1.3422017097473145,decoder_query_mode=off.
leave_one_out,w/o_C-Route,1,0,1,ablation_arms_2026-09,16023185-de21-4c0d-a9c8-73abdd52d142,mse,1.8340648412704468,decoder_query_mode=off.
leave_one_out,w/o_C-Route,1,0,1,ablation_arms_2026-09,19053a82-9c89-4fb8-bd19-d7b1800b0b7b,mse,1.924638032913208,decoder_query_mode=off.
leave_one_out,w/o_C-Route,1,0,1,ablation_arms_2026-09,19f1bec6-eeb7-4133-accc-992d745fef89,mse,2.391871690750122,decoder_query_mode=off.
leave_one_out,w/o_C-Route,1,0,1,ablation_arms_2026-09,1a9f3b38-b86d-416d-bbdc-9058ad3ff42d,mse,2.752262592315674,decoder_query_mode=off.
leave_one_out,w/o_C-Route,1,0,1,ablation_arms_2026-09,1ab4ebbc-18d6-4838-89c2-cdc5b10accfb,mse,1.5977632999420166,decoder_query_mode=off.
leave_one_out,w/o_C-Route,1,0,1,ablation_arms_2026-09,1b350d0a-4535-4879-beb6-1142f3f94947,mse,1.9799445867538448,decoder_query_mode=off.
leave_one_out,w/o_C-Route,1,0,1,ablation_arms_2026-09,203025fe-fa99-4d57-81da-458ed8f0c334,mse,2.4086925983428955,decoder_query_mode=off.
leave_one_out,w/o_C-Route,1,0,1,ablation_arms_2026-09,21722308-5091-4b63-9c07-4f116ab9a7b3,mse,1.2792187929153442,decoder_query_mode=off.
leave_one_out,w/o_C-Route,1,0,1,ablation_arms_2026-09,27d3952f-fbbc-497d-98d1-f37f3d555235,mse,3.3918423652648926,decoder_query_mode=off.
leave_one_out,w/o_C-Route,1,0,1,ablation_arms_2026-09,30c2a6fd-d547-460f-a5e7-44c62a2af7ad,mse,3.129998683929444,decoder_query_mode=off.
leave_one_out,w/o_C-Route,1,0,1,ablation_arms_2026-09,322c816f-608a-4da1-99c4-36ca4ad45146,mse,2.132373332977295,decoder_query_mode=off.
leave_one_out,w/o_C-Route,1,0,1,ablation_arms_2026-09,3a702020-cf66-4ef5-9d11-4a5e835b7efb,mse,2.522728681564331,decoder_query_mode=off.
leave_one_out,w/o_C-Route,1,0,1,ablation_arms_2026-09,3bfd5174-5b49-4e58-b233-ed0f4edd0bec,mse,2.712606191635132,decoder_query_mode=off.
leave_one_out,w/o_C-Route,1,0,1,ablation_arms_2026-09,3c364ffe-d599-44d5-a77f-6c5fd7038cf6,mse,2.219156503677368,decoder_query_mode=off.
leave_one_out,w/o_C-Route,1,0,1,ablation_arms_2026-09,3cb646ab-d411-4e5b-89eb-082a786c953b,mse,2.2253713607788086,decoder_query_mode=off.
leave_one_out,w/o_C-Route,1,0,1,ablation_arms_2026-09,3e55180c-780a-4424-9434-5296640ffc0d,mse,1.6276990175247192,decoder_query_mode=off.
leave_one_out,w/o_C-Route,1,0,1,ablation_arms_2026-09,420d0f5d-b7ba-4b1e-88d0-44e9f733febd,mse,2.2066636085510254,decoder_query_mode=off.
leave_one_out,w/o_C-Route,1,0,1,ablation_arms_2026-09,4319097a-acae-4124-beed-d1173ffe1464,mse,2.692307472229004,decoder_query_mode=off.
leave_one_out,w/o_C-Route,1,0,1,ablation_arms_2026-09,432f3af5-6a79-401f-b315-fb2df789f32c,mse,2.3896689414978027,decoder_query_mode=off.
leave_one_out,w/o_C-Route,1,0,1,ablation_arms_2026-09,43a1506b-aa9e-46a3-b288-d210f4595ddf,mse,1.5722531080245972,decoder_query_mode=off.
leave_one_out,w/o_C-Route,1,0,1,ablation_arms_2026-09,43aa19d2-c723-4822-979d-d2f0239835e0,mse,1.023407816886902,decoder_query_mode=off.
leave_one_out,w/o_C-Route,1,0,1,ablation_arms_2026-09,46104f0b-9af5-466a-ae0f-56b8dc1969a2,mse,2.206715583801269,decoder_query_mode=off.
leave_one_out,w/o_C-Route,1,0,1,ablation_arms_2026-09,47e00f43-6176-44a5-b4d1-f88a1920fcab,mse,2.2056448459625244,decoder_query_mode=off.
leave_one_out,w/o_C-Route,1,0,1,ablation_arms_2026-09,4b83f213-b96b-4c87-a884-9b81faddb194,mse,1.968852996826172,decoder_query_mode=off.
leave_one_out,w/o_C-Route,1,0,1,ablation_arms_2026-09,527641f0-df64-4c80-957c-a65dccd477bc,mse,1.5417356491088867,decoder_query_mode=off.
leave_one_out,w/o_C-Route,1,0,1,ablation_arms_2026-09,53ce2631-3646-4172-bbd9-38b0a44d8214,mse,2.338074922561645,decoder_query_mode=off.
leave_one_out,w/o_C-Route,1,0,1,ablation_arms_2026-09,56a4bc14-9407-45fd-8786-f7f6fc87c9dd,mse,2.072608232498169,decoder_query_mode=off.
leave_one_out,w/o_C-Route,1,0,1,ablation_arms_2026-09,589fe605-6d49-4abe-bff8-1675511c689a,mse,1.6724952459335327,decoder_query_mode=off.
leave_one_out,w/o_C-Route,1,0,1,ablation_arms_2026-09,58f43044-cd3c-42b8-bc0b-3498eb236359,mse,1.5806376934051514,decoder_query_mode=off.
leave_one_out,w/o_C-Route,1,0,1,ablation_arms_2026-09,5a9cfb44-494a-4540-8db8-7143b1bb5a6f,mse,2.952256679534912,decoder_query_mode=off.
leave_one_out,w/o_C-Route,1,0,1,ablation_arms_2026-09,5c97eeeb-7e52-44b3-b010-b832b1f5424c,mse,1.551827073097229,decoder_query_mode=off.
leave_one_out,w/o_C-Route,1,0,1,ablation_arms_2026-09,5e57cd50-8e42-42d6-940d-5c1660d06864,mse,1.5543168783187866,decoder_query_mode=off.
leave_one_out,w/o_C-Route,1,0,1,ablation_arms_2026-09,5ed90bc0-12f3-4354-b314-0ce0dbb96458,mse,1.546883463859558,decoder_query_mode=off.
leave_one_out,w/o_C-Route,1,0,1,ablation_arms_2026-09,5fde5c9c-5b1e-4df5-982a-3f8e7635161f,mse,2.185110330581665,decoder_query_mode=off.
leave_one_out,w/o_C-Route,1,0,1,ablation_arms_2026-09,60a29d0b-1a37-4447-ac32-00d701580b47,mse,1.8328239917755127,decoder_query_mode=off.
leave_one_out,w/o_C-Route,1,0,1,ablation_arms_2026-09,61af564d-e5ea-4d34-a0f3-2668a00db376,mse,2.7412185668945312,decoder_query_mode=off.
leave_one_out,w/o_C-Route,1,0,1,ablation_arms_2026-09,61d327d1-2227-4c5f-9367-e3559dc79b07,mse,2.335246324539185,decoder_query_mode=off.
leave_one_out,w/o_C-Route,1,0,1,ablation_arms_2026-09,64267fb5-7b70-4705-a13b-cc38966c22a8,mse,2.243971586227417,decoder_query_mode=off.
leave_one_out,w/o_C-Route,1,0,1,ablation_arms_2026-09,67b6b9ac-b841-42ce-b2d4-ed2ec12327bd,mse,2.421877145767212,decoder_query_mode=off.
leave_one_out,w/o_C-Route,1,0,1,ablation_arms_2026-09,6fc37633-13f5-4bf0-af95-52808143bffd,mse,2.0560836791992188,decoder_query_mode=off.
leave_one_out,w/o_C-Route,1,0,1,ablation_arms_2026-09,75011e96-ba37-4977-a539-fbf9f66a5e37,mse,2.339087724685669,decoder_query_mode=off.
leave_one_out,w/o_C-Route,1,0,1,ablation_arms_2026-09,781cc817-3fd0-487c-a55a-b47b2786a05d,mse,1.3834470510482788,decoder_query_mode=off.
leave_one_out,w/o_C-Route,1,0,1,ablation_arms_2026-09,79884ae5-e026-4d4a-858f-e807960bd4f7,mse,3.717849016189575,decoder_query_mode=off.
leave_one_out,w/o_C-Route,1,0,1,ablation_arms_2026-09,8058d760-09e6-4bdd-86a1-36917ffca3ef,mse,2.849382400512696,decoder_query_mode=off.
leave_one_out,w/o_C-Route,1,0,1,ablation_arms_2026-09,829a3cd1-a466-49f1-b2e9-d3f6b7f392e2,mse,1.8114522695541384,decoder_query_mode=off.
leave_one_out,w/o_C-Route,1,0,1,ablation_arms_2026-09,84cfa5aa-a0d1-415e-ac47-eb66c9cf8170,mse,1.6465766429901123,decoder_query_mode=off.
leave_one_out,w/o_C-Route,1,0,1,ablation_arms_2026-09,8560f809-5794-484e-9152-b63efa91d134,mse,1.8147165775299072,decoder_query_mode=off.
leave_one_out,w/o_C-Route,1,0,1,ablation_arms_2026-09,867757c1-3b1a-49d9-a0cd-17767eb160cc,mse,3.268188714981079,decoder_query_mode=off.
leave_one_out,w/o_C-Route,1,0,1,ablation_arms_2026-09,881e0e6b-a185-45f1-9b56-81606e91e7ff,mse,1.6309893131256104,decoder_query_mode=off.
leave_one_out,w/o_C-Route,1,0,1,ablation_arms_2026-09,8ef06ea4-8d0f-4303-a652-7d4604402b1f,mse,1.7831403017044067,decoder_query_mode=off.
leave_one_out,w/o_C-Route,1,0,1,ablation_arms_2026-09,8f3e7fcf-0b16-4a29-a5f1-a7a8b267d689,mse,1.4233121871948242,decoder_query_mode=off.
leave_one_out,w/o_C-Route,1,0,1,ablation_arms_2026-09,8ff0cef9-393e-43de-9722-a1e12c239727,mse,3.114426851272583,decoder_query_mode=off.
leave_one_out,w/o_C-Route,1,0,1,ablation_arms_2026-09,95d3b0fb-b8a7-4bec-a2e8-cded3222ff07,mse,1.5817145109176636,decoder_query_mode=off.
leave_one_out,w/o_C-Route,1,0,1,ablation_arms_2026-09,963a08cb-d995-4862-9614-f9d38a7d7540,mse,2.0872159004211426,decoder_query_mode=off.
leave_one_out,w/o_C-Route,1,0,1,ablation_arms_2026-09,978a566a-dc27-478d-b306-26daba116c1f,mse,2.77022647857666,decoder_query_mode=off.
leave_one_out,w/o_C-Route,1,0,1,ablation_arms_2026-09,98219f72-0f9a-4de9-a859-c81834f24ab1,mse,4.708065509796143,decoder_query_mode=off.
leave_one_out,w/o_C-Route,1,0,1,ablation_arms_2026-09,9f1a899f-05a0-44c5-8aa9-39df61ae4324,mse,2.346133232116699,decoder_query_mode=off.
leave_one_out,w/o_C-Route,1,0,1,ablation_arms_2026-09,a24ce10f-5a87-4e1f-a34a-f4fe5fc84052,mse,1.4897398948669434,decoder_query_mode=off.
leave_one_out,w/o_C-Route,1,0,1,ablation_arms_2026-09,a2c833f7-b7f1-4f4d-ad31-cae478b601b7,mse,2.295825719833374,decoder_query_mode=off.
leave_one_out,w/o_C-Route,1,0,1,ablation_arms_2026-09,aa32098f-f7b0-43f2-a00a-601d190aae94,mse,2.186753511428833,decoder_query_mode=off.
leave_one_out,w/o_C-Route,1,0,1,ablation_arms_2026-09,aa369999-a034-4ad9-b459-8a93c86ea77b,mse,1.9136992692947388,decoder_query_mode=off.
leave_one_out,w/o_C-Route,1,0,1,ablation_arms_2026-09,acd544d0-4d8b-46c7-98b3-fc48f7e6fdb7,mse,3.0245702266693115,decoder_query_mode=off.
leave_one_out,w/o_C-Route,1,0,1,ablation_arms_2026-09,aecc2743-4ff2-4b55-ac8c-a1ff76fc4bb4,mse,2.580338954925537,decoder_query_mode=off.
leave_one_out,w/o_C-Route,1,0,1,ablation_arms_2026-09,afae4675-434d-4e89-b5ce-2854c9dc38a3,mse,2.104938507080078,decoder_query_mode=off.
leave_one_out,w/o_C-Route,1,0,1,ablation_arms_2026-09,b617ee1b-f8c8-4de9-b82b-e803ab93550d,mse,1.868095755577088,decoder_query_mode=off.
leave_one_out,w/o_C-Route,1,0,1,ablation_arms_2026-09,c838aec3-03ef-4398-b882-0e3912abfff0,mse,1.937711238861084,decoder_query_mode=off.
leave_one_out,w/o_C-Route,1,0,1,ablation_arms_2026-09,cee9b331-3ba0-4461-8bbd-867819d9fc0a,mse,1.4818487167358398,decoder_query_mode=off.
leave_one_out,w/o_C-Route,1,0,1,ablation_arms_2026-09,d567b692-c374-4628-a508-8008f6778f22,mse,2.184897422790528,decoder_query_mode=off.
leave_one_out,w/o_C-Route,1,0,1,ablation_arms_2026-09,d68a8b48-abf0-4bd5-8834-155d34ec448a,mse,2.8387773036956787,decoder_query_mode=off.
leave_one_out,w/o_C-Route,1,0,1,ablation_arms_2026-09,d7cff847-6403-44a6-ad8a-2f5a783639dd,mse,1.434251070022583,decoder_query_mode=off.
leave_one_out,w/o_C-Route,1,0,1,ablation_arms_2026-09,de5416ef-bbfa-41f3-99d4-01a3554173f5,mse,1.6213465929031372,decoder_query_mode=off.
leave_one_out,w/o_C-Route,1,0,1,ablation_arms_2026-09,e3ed2ba4-edf5-40ac-8750-8a417ad1eefe,mse,1.6422386169433594,decoder_query_mode=off.
leave_one_out,w/o_C-Route,1,0,1,ablation_arms_2026-09,e51bae9a-c747-4b64-904a-4da7cda218ab,mse,1.31488835811615,decoder_query_mode=off.
leave_one_out,w/o_C-Route,1,0,1,ablation_arms_2026-09,e522d2cd-7927-4e59-a4ed-064009569279,mse,2.346997022628784,decoder_query_mode=off.
leave_one_out,w/o_C-Route,1,0,1,ablation_arms_2026-09,e7bd68ab-df49-44df-9b1e-8486114aeeb5,mse,2.3045663833618164,decoder_query_mode=off.
leave_one_out,w/o_C-Route,1,0,1,ablation_arms_2026-09,edbfa04a-f1dd-496a-8237-df11d70621ca,mse,1.9326164722442627,decoder_query_mode=off.
leave_one_out,w/o_C-Route,1,0,1,ablation_arms_2026-09,f14bc322-1322-4184-8d16-409557525ea5,mse,1.494331955909729,decoder_query_mode=off.
leave_one_out,w/o_C-Route,1,0,1,ablation_arms_2026-09,f3c49918-4707-4d92-bb6d-2b5b4eb9d1b4,mse,1.4712692499160769,decoder_query_mode=off.
leave_one_out,w/o_C-Route,1,0,1,ablation_arms_2026-09,f641d68a-e877-4bb8-afd7-b8fa3921d461,mse,2.682747840881348,decoder_query_mode=off.
leave_one_out,w/o_C-Route,1,0,1,ablation_arms_2026-09,f6cc8a47-2dea-40aa-8608-d771c5ef8a07,mse,3.187343120574951,decoder_query_mode=off.
leave_one_out,w/o_C-Route,1,0,1,ablation_arms_2026-09,fe7aae33-6f7c-41a5-8d29-9996a9ddf1ab,mse,2.700068950653076,decoder_query_mode=off.
leave_one_out,w/o_PB-Cond,1,1,0,ablation_arms_2026-09,01b84709-139c-4485-98a9-6e14c58fbbf6,bras,0.8042505770921707,tissue_prior_mode=''.
leave_one_out,w/o_PB-Cond,1,1,0,ablation_arms_2026-09,01b84709-139c-4485-98a9-6e14c58fbbf6,asw,0.5394784808158875,tissue_prior_mode=''.
leave_one_out,w/o_PB-Cond,1,1,0,ablation_arms_2026-09,07dd8c34-4625-480a-8ee4-273a06c3082b,bras,0.8937523484230041,tissue_prior_mode=''.
leave_one_out,w/o_PB-Cond,1,1,0,ablation_arms_2026-09,07dd8c34-4625-480a-8ee4-273a06c3082b,asw,0.6313201457262039,tissue_prior_mode=''.
leave_one_out,w/o_PB-Cond,1,1,0,ablation_arms_2026-09,09b518f9-da64-44cc-aec8-70a89d55611f,bras,0.8310959726572037,tissue_prior_mode=''.
leave_one_out,w/o_PB-Cond,1,1,0,ablation_arms_2026-09,09b518f9-da64-44cc-aec8-70a89d55611f,asw,0.5061691522598266,tissue_prior_mode=''.
leave_one_out,w/o_PB-Cond,1,1,0,ablation_arms_2026-09,0a8e3443-c3e2-4918-84db-0495657d9175,bras,0.9315402567386628,tissue_prior_mode=''.
leave_one_out,w/o_PB-Cond,1,1,0,ablation_arms_2026-09,0a8e3443-c3e2-4918-84db-0495657d9175,asw,0.5308621674776077,tissue_prior_mode=''.
leave_one_out,w/o_PB-Cond,1,1,0,ablation_arms_2026-09,0ae6f031-2f9c-4247-8b26-db320d6efd32,asw,0.5502510607242584,tissue_prior_mode=''.
leave_one_out,w/o_PB-Cond,1,1,0,ablation_arms_2026-09,0bf30b02-db97-4560-b9cd-0fe3588892af,bras,0.7821677178144455,tissue_prior_mode=''.
leave_one_out,w/o_PB-Cond,1,1,0,ablation_arms_2026-09,0bf30b02-db97-4560-b9cd-0fe3588892af,asw,0.5391956865787506,tissue_prior_mode=''.
leave_one_out,w/o_PB-Cond,1,1,0,ablation_arms_2026-09,0c0c49a2-b96b-432f-98a4-1decf9929149,bras,0.9342761337757112,tissue_prior_mode=''.
leave_one_out,w/o_PB-Cond,1,1,0,ablation_arms_2026-09,0c0c49a2-b96b-432f-98a4-1decf9929149,asw,0.5284616470336914,tissue_prior_mode=''.
leave_one_out,w/o_PB-Cond,1,1,0,ablation_arms_2026-09,145dcf6a-2461-4fa3-a0af-7fc56db0bd33,asw,0.5987880736589432,tissue_prior_mode=''.
leave_one_out,w/o_PB-Cond,1,1,0,ablation_arms_2026-09,16023185-de21-4c0d-a9c8-73abdd52d142,bras,0.8353048145771027,tissue_prior_mode=''.
leave_one_out,w/o_PB-Cond,1,1,0,ablation_arms_2026-09,16023185-de21-4c0d-a9c8-73abdd52d142,asw,0.5102673709392548,tissue_prior_mode=''.
leave_one_out,w/o_PB-Cond,1,1,0,ablation_arms_2026-09,19053a82-9c89-4fb8-bd19-d7b1800b0b7b,bras,0.7567386388778686,tissue_prior_mode=''.
leave_one_out,w/o_PB-Cond,1,1,0,ablation_arms_2026-09,19053a82-9c89-4fb8-bd19-d7b1800b0b7b,asw,0.5054801821708679,tissue_prior_mode=''.
leave_one_out,w/o_PB-Cond,1,1,0,ablation_arms_2026-09,19f1bec6-eeb7-4133-accc-992d745fef89,bras,0.859677666425705,tissue_prior_mode=''.
leave_one_out,w/o_PB-Cond,1,1,0,ablation_arms_2026-09,19f1bec6-eeb7-4133-accc-992d745fef89,asw,0.5136184900999069,tissue_prior_mode=''.
leave_one_out,w/o_PB-Cond,1,1,0,ablation_arms_2026-09,1a9f3b38-b86d-416d-bbdc-9058ad3ff42d,bras,0.8486358612775803,tissue_prior_mode=''.
leave_one_out,w/o_PB-Cond,1,1,0,ablation_arms_2026-09,1a9f3b38-b86d-416d-bbdc-9058ad3ff42d,asw,0.5257173895835876,tissue_prior_mode=''.
leave_one_out,w/o_PB-Cond,1,1,0,ablation_arms_2026-09,1ab4ebbc-18d6-4838-89c2-cdc5b10accfb,bras,0.8300674200057984,tissue_prior_mode=''.
leave_one_out,w/o_PB-Cond,1,1,0,ablation_arms_2026-09,1ab4ebbc-18d6-4838-89c2-cdc5b10accfb,asw,0.5409642994403839,tissue_prior_mode=''.
leave_one_out,w/o_PB-Cond,1,1,0,ablation_arms_2026-09,1b350d0a-4535-4879-beb6-1142f3f94947,bras,0.8270205616950989,tissue_prior_mode=''.
leave_one_out,w/o_PB-Cond,1,1,0,ablation_arms_2026-09,1b350d0a-4535-4879-beb6-1142f3f94947,asw,0.5171322703361512,tissue_prior_mode=''.
leave_one_out,w/o_PB-Cond,1,1,0,ablation_arms_2026-09,203025fe-fa99-4d57-81da-458ed8f0c334,bras,0.8558297455310822,tissue_prior_mode=''.
leave_one_out,w/o_PB-Cond,1,1,0,ablation_arms_2026-09,203025fe-fa99-4d57-81da-458ed8f0c334,asw,0.5470779329538346,tissue_prior_mode=''.
leave_one_out,w/o_PB-Cond,1,1,0,ablation_arms_2026-09,21722308-5091-4b63-9c07-4f116ab9a7b3,asw,0.613842847943306,tissue_prior_mode=''.
leave_one_out,w/o_PB-Cond,1,1,0,ablation_arms_2026-09,27d3952f-fbbc-497d-98d1-f37f3d555235,asw,0.533956378698349,tissue_prior_mode=''.
leave_one_out,w/o_PB-Cond,1,1,0,ablation_arms_2026-09,30c2a6fd-d547-460f-a5e7-44c62a2af7ad,bras,0.9189764469861984,tissue_prior_mode=''.
leave_one_out,w/o_PB-Cond,1,1,0,ablation_arms_2026-09,30c2a6fd-d547-460f-a5e7-44c62a2af7ad,asw,0.5065932482481003,tissue_prior_mode=''.
leave_one_out,w/o_PB-Cond,1,1,0,ablation_arms_2026-09,322c816f-608a-4da1-99c4-36ca4ad45146,bras,0.8707676321268082,tissue_prior_mode=''.
leave_one_out,w/o_PB-Cond,1,1,0,ablation_arms_2026-09,322c816f-608a-4da1-99c4-36ca4ad45146,asw,0.5714184552431106,tissue_prior_mode=''.
leave_one_out,w/o_PB-Cond,1,1,0,ablation_arms_2026-09,3a702020-cf66-4ef5-9d11-4a5e835b7efb,bras,0.7831517696380615,tissue_prior_mode=''.
leave_one_out,w/o_PB-Cond,1,1,0,ablation_arms_2026-09,3a702020-cf66-4ef5-9d11-4a5e835b7efb,asw,0.5078386992216111,tissue_prior_mode=''.
leave_one_out,w/o_PB-Cond,1,1,0,ablation_arms_2026-09,3bfd5174-5b49-4e58-b233-ed0f4edd0bec,asw,0.5358966767787934,tissue_prior_mode=''.
leave_one_out,w/o_PB-Cond,1,1,0,ablation_arms_2026-09,3c364ffe-d599-44d5-a77f-6c5fd7038cf6,bras,0.8039477229118347,tissue_prior_mode=''.
leave_one_out,w/o_PB-Cond,1,1,0,ablation_arms_2026-09,3c364ffe-d599-44d5-a77f-6c5fd7038cf6,asw,0.5366125285625458,tissue_prior_mode=''.
leave_one_out,w/o_PB-Cond,1,1,0,ablation_arms_2026-09,3cb646ab-d411-4e5b-89eb-082a786c953b,bras,0.9361020773649216,tissue_prior_mode=''.
leave_one_out,w/o_PB-Cond,1,1,0,ablation_arms_2026-09,3cb646ab-d411-4e5b-89eb-082a786c953b,asw,0.5310476243495941,tissue_prior_mode=''.
leave_one_out,w/o_PB-Cond,1,1,0,ablation_arms_2026-09,3e55180c-780a-4424-9434-5296640ffc0d,bras,0.6591871529817581,tissue_prior_mode=''.
leave_one_out,w/o_PB-Cond,1,1,0,ablation_arms_2026-09,3e55180c-780a-4424-9434-5296640ffc0d,asw,0.5142792254686356,tissue_prior_mode=''.
leave_one_out,w/o_PB-Cond,1,1,0,ablation_arms_2026-09,420d0f5d-b7ba-4b1e-88d0-44e9f733febd,bras,0.9253536969423294,tissue_prior_mode=''.
leave_one_out,w/o_PB-Cond,1,1,0,ablation_arms_2026-09,420d0f5d-b7ba-4b1e-88d0-44e9f733febd,asw,0.5297881454229355,tissue_prior_mode=''.
leave_one_out,w/o_PB-Cond,1,1,0,ablation_arms_2026-09,4319097a-acae-4124-beed-d1173ffe1464,asw,0.5328277975320816,tissue_prior_mode=''.
leave_one_out,w/o_PB-Cond,1,1,0,ablation_arms_2026-09,432f3af5-6a79-401f-b315-fb2df789f32c,asw,0.5562699526548386,tissue_prior_mode=''.
leave_one_out,w/o_PB-Cond,1,1,0,ablation_arms_2026-09,43a1506b-aa9e-46a3-b288-d210f4595ddf,bras,0.8891096740961075,tissue_prior_mode=''.
leave_one_out,w/o_PB-Cond,1,1,0,ablation_arms_2026-09,43a1506b-aa9e-46a3-b288-d210f4595ddf,asw,0.5296507209539414,tissue_prior_mode=''.
leave_one_out,w/o_PB-Cond,1,1,0,ablation_arms_2026-09,43aa19d2-c723-4822-979d-d2f0239835e0,bras,0.8174022495746612,tissue_prior_mode=''.
leave_one_out,w/o_PB-Cond,1,1,0,ablation_arms_2026-09,43aa19d2-c723-4822-979d-d2f0239835e0,asw,0.5330843031406403,tissue_prior_mode=''.
leave_one_out,w/o_PB-Cond,1,1,0,ablation_arms_2026-09,46104f0b-9af5-466a-ae0f-56b8dc1969a2,bras,0.928258016705513,tissue_prior_mode=''.
leave_one_out,w/o_PB-Cond,1,1,0,ablation_arms_2026-09,46104f0b-9af5-466a-ae0f-56b8dc1969a2,asw,0.529162335395813,tissue_prior_mode=''.
leave_one_out,w/o_PB-Cond,1,1,0,ablation_arms_2026-09,47e00f43-6176-44a5-b4d1-f88a1920fcab,bras,0.932147666811943,tissue_prior_mode=''.
leave_one_out,w/o_PB-Cond,1,1,0,ablation_arms_2026-09,47e00f43-6176-44a5-b4d1-f88a1920fcab,asw,0.530705776810646,tissue_prior_mode=''.
leave_one_out,w/o_PB-Cond,1,1,0,ablation_arms_2026-09,4b83f213-b96b-4c87-a884-9b81faddb194,asw,0.5390629559755326,tissue_prior_mode=''.
leave_one_out,w/o_PB-Cond,1,1,0,ablation_arms_2026-09,527641f0-df64-4c80-957c-a65dccd477bc,asw,0.6045590013265609,tissue_prior_mode=''.
leave_one_out,w/o_PB-Cond,1,1,0,ablation_arms_2026-09,53ce2631-3646-4172-bbd9-38b0a44d8214,bras,0.8725279569625854,tissue_prior_mode=''.
leave_one_out,w/o_PB-Cond,1,1,0,ablation_arms_2026-09,53ce2631-3646-4172-bbd9-38b0a44d8214,asw,0.5638027906417846,tissue_prior_mode=''.
leave_one_out,w/o_PB-Cond,1,1,0,ablation_arms_2026-09,56a4bc14-9407-45fd-8786-f7f6fc87c9dd,bras,0.8715108603239059,tissue_prior_mode=''.
leave_one_out,w/o_PB-Cond,1,1,0,ablation_arms_2026-09,56a4bc14-9407-45fd-8786-f7f6fc87c9dd,asw,0.5598348349332809,tissue_prior_mode=''.
leave_one_out,w/o_PB-Cond,1,1,0,ablation_arms_2026-09,589fe605-6d49-4abe-bff8-1675511c689a,bras,0.5318657189607621,tissue_prior_mode=''.
leave_one_out,w/o_PB-Cond,1,1,0,ablation_arms_2026-09,589fe605-6d49-4abe-bff8-1675511c689a,asw,0.4902541697025299,tissue_prior_mode=''.
leave_one_out,w/o_PB-Cond,1,1,0,ablation_arms_2026-09,58f43044-cd3c-42b8-bc0b-3498eb236359,bras,0.763393297791481,tissue_prior_mode=''.
leave_one_out,w/o_PB-Cond,1,1,0,ablation_arms_2026-09,58f43044-cd3c-42b8-bc0b-3498eb236359,asw,0.5051605820655822,tissue_prior_mode=''.
leave_one_out,w/o_PB-Cond,1,1,0,ablation_arms_2026-09,5a9cfb44-494a-4540-8db8-7143b1bb5a6f,bras,0.8750705361366272,tissue_prior_mode=''.
leave_one_out,w/o_PB-Cond,1,1,0,ablation_arms_2026-09,5a9cfb44-494a-4540-8db8-7143b1bb5a6f,asw,0.5168828547000885,tissue_prior_mode=''.
leave_one_out,w/o_PB-Cond,1,1,0,ablation_arms_2026-09,5c97eeeb-7e52-44b3-b010-b832b1f5424c,bras,0.8209675222635269,tissue_prior_mode=''.
leave_one_out,w/o_PB-Cond,1,1,0,ablation_arms_2026-09,5c97eeeb-7e52-44b3-b010-b832b1f5424c,asw,0.5894549012184143,tissue_prior_mode=''.
leave_one_out,w/o_PB-Cond,1,1,0,ablation_arms_2026-09,5e57cd50-8e42-42d6-940d-5c1660d06864,bras,0.824550461769104,tissue_prior_mode=''.
leave_one_out,w/o_PB-Cond,1,1,0,ablation_arms_2026-09,5e57cd50-8e42-42d6-940d-5c1660d06864,asw,0.5854271680116654,tissue_prior_mode=''.
leave_one_out,w/o_PB-Cond,1,1,0,ablation_arms_2026-09,5ed90bc0-12f3-4354-b314-0ce0dbb96458,bras,0.6956675201654434,tissue_prior_mode=''.
leave_one_out,w/o_PB-Cond,1,1,0,ablation_arms_2026-09,5ed90bc0-12f3-4354-b314-0ce0dbb96458,asw,0.5432717055082321,tissue_prior_mode=''.
leave_one_out,w/o_PB-Cond,1,1,0,ablation_arms_2026-09,5fde5c9c-5b1e-4df5-982a-3f8e7635161f,bras,0.9305179834365844,tissue_prior_mode=''.
leave_one_out,w/o_PB-Cond,1,1,0,ablation_arms_2026-09,5fde5c9c-5b1e-4df5-982a-3f8e7635161f,asw,0.5286119878292084,tissue_prior_mode=''.
leave_one_out,w/o_PB-Cond,1,1,0,ablation_arms_2026-09,60a29d0b-1a37-4447-ac32-00d701580b47,bras,0.8547388076782226,tissue_prior_mode=''.
leave_one_out,w/o_PB-Cond,1,1,0,ablation_arms_2026-09,60a29d0b-1a37-4447-ac32-00d701580b47,asw,0.5149547189474106,tissue_prior_mode=''.
leave_one_out,w/o_PB-Cond,1,1,0,ablation_arms_2026-09,61af564d-e5ea-4d34-a0f3-2668a00db376,bras,0.8990955233573914,tissue_prior_mode=''.
leave_one_out,w/o_PB-Cond,1,1,0,ablation_arms_2026-09,61af564d-e5ea-4d34-a0f3-2668a00db376,asw,0.5426833391189575,tissue_prior_mode=''.
leave_one_out,w/o_PB-Cond,1,1,0,ablation_arms_2026-09,61d327d1-2227-4c5f-9367-e3559dc79b07,bras,0.8293676376342773,tissue_prior_mode=''.
leave_one_out,w/o_PB-Cond,1,1,0,ablation_arms_2026-09,61d327d1-2227-4c5f-9367-e3559dc79b07,asw,0.5174177169799805,tissue_prior_mode=''.
leave_one_out,w/o_PB-Cond,1,1,0,ablation_arms_2026-09,64267fb5-7b70-4705-a13b-cc38966c22a8,bras,0.957383343577385,tissue_prior_mode=''.
leave_one_out,w/o_PB-Cond,1,1,0,ablation_arms_2026-09,64267fb5-7b70-4705-a13b-cc38966c22a8,asw,0.5497975647449493,tissue_prior_mode=''.
leave_one_out,w/o_PB-Cond,1,1,0,ablation_arms_2026-09,67b6b9ac-b841-42ce-b2d4-ed2ec12327bd,bras,0.7961774885654449,tissue_prior_mode=''.
leave_one_out,w/o_PB-Cond,1,1,0,ablation_arms_2026-09,67b6b9ac-b841-42ce-b2d4-ed2ec12327bd,asw,0.5245093554258347,tissue_prior_mode=''.
leave_one_out,w/o_PB-Cond,1,1,0,ablation_arms_2026-09,6fc37633-13f5-4bf0-af95-52808143bffd,asw,0.5251997917890548,tissue_prior_mode=''.
leave_one_out,w/o_PB-Cond,1,1,0,ablation_arms_2026-09,75011e96-ba37-4977-a539-fbf9f66a5e37,bras,0.8219229608774186,tissue_prior_mode=''.
leave_one_out,w/o_PB-Cond,1,1,0,ablation_arms_2026-09,75011e96-ba37-4977-a539-fbf9f66a5e37,asw,0.4977913901209831,tissue_prior_mode=''.
leave_one_out,w/o_PB-Cond,1,1,0,ablation_arms_2026-09,781cc817-3fd0-487c-a55a-b47b2786a05d,bras,0.8724415600299835,tissue_prior_mode=''.
leave_one_out,w/o_PB-Cond,1,1,0,ablation_arms_2026-09,781cc817-3fd0-487c-a55a-b47b2786a05d,asw,0.5062816649675369,tissue_prior_mode=''.
leave_one_out,w/o_PB-Cond,1,1,0,ablation_arms_2026-09,79884ae5-e026-4d4a-858f-e807960bd4f7,asw,0.5215704798698425,tissue_prior_mode=''.
leave_one_out,w/o_PB-Cond,1,1,0,ablation_arms_2026-09,8058d760-09e6-4bdd-86a1-36917ffca3ef,bras,0.8267769992351532,tissue_prior_mode=''.
leave_one_out,w/o_PB-Cond,1,1,0,ablation_arms_2026-09,8058d760-09e6-4bdd-86a1-36917ffca3ef,asw,0.5242548495531082,tissue_prior_mode=''.
leave_one_out,w/o_PB-Cond,1,1,0,ablation_arms_2026-09,829a3cd1-a466-49f1-b2e9-d3f6b7f392e2,bras,0.750244352221489,tissue_prior_mode=''.
leave_one_out,w/o_PB-Cond,1,1,0,ablation_arms_2026-09,829a3cd1-a466-49f1-b2e9-d3f6b7f392e2,asw,0.5305478900671006,tissue_prior_mode=''.
leave_one_out,w/o_PB-Cond,1,1,0,ablation_arms_2026-09,84cfa5aa-a0d1-415e-ac47-eb66c9cf8170,bras,0.75609310567379,tissue_prior_mode=''.
leave_one_out,w/o_PB-Cond,1,1,0,ablation_arms_2026-09,84cfa5aa-a0d1-415e-ac47-eb66c9cf8170,asw,0.5400773406028747,tissue_prior_mode=''.
leave_one_out,w/o_PB-Cond,1,1,0,ablation_arms_2026-09,8560f809-5794-484e-9152-b63efa91d134,bras,0.787496131658554,tissue_prior_mode=''.
leave_one_out,w/o_PB-Cond,1,1,0,ablation_arms_2026-09,8560f809-5794-484e-9152-b63efa91d134,asw,0.5268730014562607,tissue_prior_mode=''.
leave_one_out,w/o_PB-Cond,1,1,0,ablation_arms_2026-09,867757c1-3b1a-49d9-a0cd-17767eb160cc,bras,0.924607327580452,tissue_prior_mode=''.
leave_one_out,w/o_PB-Cond,1,1,0,ablation_arms_2026-09,867757c1-3b1a-49d9-a0cd-17767eb160cc,asw,0.5446521013975143,tissue_prior_mode=''.
leave_one_out,w/o_PB-Cond,1,1,0,ablation_arms_2026-09,881e0e6b-a185-45f1-9b56-81606e91e7ff,bras,0.8585073441267014,tissue_prior_mode=''.
leave_one_out,w/o_PB-Cond,1,1,0,ablation_arms_2026-09,881e0e6b-a185-45f1-9b56-81606e91e7ff,asw,0.5246184647083283,tissue_prior_mode=''.
leave_one_out,w/o_PB-Cond,1,1,0,ablation_arms_2026-09,8ef06ea4-8d0f-4303-a652-7d4604402b1f,bras,0.7342979073524475,tissue_prior_mode=''.
leave_one_out,w/o_PB-Cond,1,1,0,ablation_arms_2026-09,8ef06ea4-8d0f-4303-a652-7d4604402b1f,asw,0.5252142786979676,tissue_prior_mode=''.
leave_one_out,w/o_PB-Cond,1,1,0,ablation_arms_2026-09,8f3e7fcf-0b16-4a29-a5f1-a7a8b267d689,bras,0.7829521656036377,tissue_prior_mode=''.
leave_one_out,w/o_PB-Cond,1,1,0,ablation_arms_2026-09,8f3e7fcf-0b16-4a29-a5f1-a7a8b267d689,asw,0.5233310699462891,tissue_prior_mode=''.
leave_one_out,w/o_PB-Cond,1,1,0,ablation_arms_2026-09,8ff0cef9-393e-43de-9722-a1e12c239727,asw,0.5211277484893799,tissue_prior_mode=''.
leave_one_out,w/o_PB-Cond,1,1,0,ablation_arms_2026-09,95d3b0fb-b8a7-4bec-a2e8-cded3222ff07,bras,0.8756771475076676,tissue_prior_mode=''.
leave_one_out,w/o_PB-Cond,1,1,0,ablation_arms_2026-09,95d3b0fb-b8a7-4bec-a2e8-cded3222ff07,asw,0.6425343573093414,tissue_prior_mode=''.
leave_one_out,w/o_PB-Cond,1,1,0,ablation_arms_2026-09,963a08cb-d995-4862-9614-f9d38a7d7540,bras,0.8565291255712509,tissue_prior_mode=''.
leave_one_out,w/o_PB-Cond,1,1,0,ablation_arms_2026-09,963a08cb-d995-4862-9614-f9d38a7d7540,asw,0.5318758577108383,tissue_prior_mode=''.
leave_one_out,w/o_PB-Cond,1,1,0,ablation_arms_2026-09,978a566a-dc27-478d-b306-26daba116c1f,bras,0.8706321984529495,tissue_prior_mode=''.
leave_one_out,w/o_PB-Cond,1,1,0,ablation_arms_2026-09,978a566a-dc27-478d-b306-26daba116c1f,asw,0.535542345046997,tissue_prior_mode=''.
leave_one_out,w/o_PB-Cond,1,1,0,ablation_arms_2026-09,98219f72-0f9a-4de9-a859-c81834f24ab1,bras,0.962036234140396,tissue_prior_mode=''.
leave_one_out,w/o_PB-Cond,1,1,0,ablation_arms_2026-09,98219f72-0f9a-4de9-a859-c81834f24ab1,asw,0.4817735001444816,tissue_prior_mode=''.
leave_one_out,w/o_PB-Cond,1,1,0,ablation_arms_2026-09,9f1a899f-05a0-44c5-8aa9-39df61ae4324,bras,0.853400918841362,tissue_prior_mode=''.
leave_one_out,w/o_PB-Cond,1,1,0,ablation_arms_2026-09,9f1a899f-05a0-44c5-8aa9-39df61ae4324,asw,0.5660458505153656,tissue_prior_mode=''.
leave_one_out,w/o_PB-Cond,1,1,0,ablation_arms_2026-09,a24ce10f-5a87-4e1f-a34a-f4fe5fc84052,bras,0.8699644088745118,tissue_prior_mode=''.
leave_one_out,w/o_PB-Cond,1,1,0,ablation_arms_2026-09,a24ce10f-5a87-4e1f-a34a-f4fe5fc84052,asw,0.6268564879894256,tissue_prior_mode=''.
leave_one_out,w/o_PB-Cond,1,1,0,ablation_arms_2026-09,a2c833f7-b7f1-4f4d-ad31-cae478b601b7,bras,0.88850839138031,tissue_prior_mode=''.
leave_one_out,w/o_PB-Cond,1,1,0,ablation_arms_2026-09,a2c833f7-b7f1-4f4d-ad31-cae478b601b7,asw,0.5586165755987167,tissue_prior_mode=''.
leave_one_out,w/o_PB-Cond,1,1,0,ablation_arms_2026-09,aa32098f-f7b0-43f2-a00a-601d190aae94,bras,0.9318234413862228,tissue_prior_mode=''.
leave_one_out,w/o_PB-Cond,1,1,0,ablation_arms_2026-09,aa32098f-f7b0-43f2-a00a-601d190aae94,asw,0.5309341758489609,tissue_prior_mode=''.
leave_one_out,w/o_PB-Cond,1,1,0,ablation_arms_2026-09,aa369999-a034-4ad9-b459-8a93c86ea77b,bras,0.7554805815219879,tissue_prior_mode=''.
leave_one_out,w/o_PB-Cond,1,1,0,ablation_arms_2026-09,aa369999-a034-4ad9-b459-8a93c86ea77b,asw,0.5143135577440262,tissue_prior_mode=''.
leave_one_out,w/o_PB-Cond,1,1,0,ablation_arms_2026-09,acd544d0-4d8b-46c7-98b3-fc48f7e6fdb7,bras,0.8084875047206879,tissue_prior_mode=''.
leave_one_out,w/o_PB-Cond,1,1,0,ablation_arms_2026-09,acd544d0-4d8b-46c7-98b3-fc48f7e6fdb7,asw,0.5191632151603699,tissue_prior_mode=''.
leave_one_out,w/o_PB-Cond,1,1,0,ablation_arms_2026-09,aecc2743-4ff2-4b55-ac8c-a1ff76fc4bb4,bras,0.755884724855423,tissue_prior_mode=''.
leave_one_out,w/o_PB-Cond,1,1,0,ablation_arms_2026-09,aecc2743-4ff2-4b55-ac8c-a1ff76fc4bb4,asw,0.5163514018058777,tissue_prior_mode=''.
leave_one_out,w/o_PB-Cond,1,1,0,ablation_arms_2026-09,afae4675-434d-4e89-b5ce-2854c9dc38a3,bras,0.746735230088234,tissue_prior_mode=''.
leave_one_out,w/o_PB-Cond,1,1,0,ablation_arms_2026-09,afae4675-434d-4e89-b5ce-2854c9dc38a3,asw,0.5488972902297974,tissue_prior_mode=''.
leave_one_out,w/o_PB-Cond,1,1,0,ablation_arms_2026-09,b617ee1b-f8c8-4de9-b82b-e803ab93550d,bras,0.8180245786905289,tissue_prior_mode=''.
leave_one_out,w/o_PB-Cond,1,1,0,ablation_arms_2026-09,b617ee1b-f8c8-4de9-b82b-e803ab93550d,asw,0.4894751623272896,tissue_prior_mode=''.
leave_one_out,w/o_PB-Cond,1,1,0,ablation_arms_2026-09,c838aec3-03ef-4398-b882-0e3912abfff0,bras,0.9056275367736816,tissue_prior_mode=''.
leave_one_out,w/o_PB-Cond,1,1,0,ablation_arms_2026-09,c838aec3-03ef-4398-b882-0e3912abfff0,asw,0.5202512711286544,tissue_prior_mode=''.
leave_one_out,w/o_PB-Cond,1,1,0,ablation_arms_2026-09,cee9b331-3ba0-4461-8bbd-867819d9fc0a,asw,0.6037810504436493,tissue_prior_mode=''.
leave_one_out,w/o_PB-Cond,1,1,0,ablation_arms_2026-09,d567b692-c374-4628-a508-8008f6778f22,bras,0.8050200909376144,tissue_prior_mode=''.
leave_one_out,w/o_PB-Cond,1,1,0,ablation_arms_2026-09,d567b692-c374-4628-a508-8008f6778f22,asw,0.5459146797657013,tissue_prior_mode=''.
leave_one_out,w/o_PB-Cond,1,1,0,ablation_arms_2026-09,d68a8b48-abf0-4bd5-8834-155d34ec448a,bras,0.8472741991281509,tissue_prior_mode=''.
leave_one_out,w/o_PB-Cond,1,1,0,ablation_arms_2026-09,d68a8b48-abf0-4bd5-8834-155d34ec448a,asw,0.5069392710924149,tissue_prior_mode=''.
leave_one_out,w/o_PB-Cond,1,1,0,ablation_arms_2026-09,d7cff847-6403-44a6-ad8a-2f5a783639dd,bras,0.8313265442848206,tissue_prior_mode=''.
leave_one_out,w/o_PB-Cond,1,1,0,ablation_arms_2026-09,d7cff847-6403-44a6-ad8a-2f5a783639dd,asw,0.5814251154661179,tissue_prior_mode=''.
leave_one_out,w/o_PB-Cond,1,1,0,ablation_arms_2026-09,de5416ef-bbfa-41f3-99d4-01a3554173f5,bras,0.6992568135261535,tissue_prior_mode=''.
leave_one_out,w/o_PB-Cond,1,1,0,ablation_arms_2026-09,de5416ef-bbfa-41f3-99d4-01a3554173f5,asw,0.508215120434761,tissue_prior_mode=''.
leave_one_out,w/o_PB-Cond,1,1,0,ablation_arms_2026-09,e3ed2ba4-edf5-40ac-8750-8a417ad1eefe,bras,0.8605921864509583,tissue_prior_mode=''.
leave_one_out,w/o_PB-Cond,1,1,0,ablation_arms_2026-09,e3ed2ba4-edf5-40ac-8750-8a417ad1eefe,asw,0.5609829097986221,tissue_prior_mode=''.
leave_one_out,w/o_PB-Cond,1,1,0,ablation_arms_2026-09,e51bae9a-c747-4b64-904a-4da7cda218ab,bras,0.8116785645484924,tissue_prior_mode=''.
leave_one_out,w/o_PB-Cond,1,1,0,ablation_arms_2026-09,e51bae9a-c747-4b64-904a-4da7cda218ab,asw,0.5579616516828537,tissue_prior_mode=''.
leave_one_out,w/o_PB-Cond,1,1,0,ablation_arms_2026-09,e522d2cd-7927-4e59-a4ed-064009569279,bras,0.90391685962677,tissue_prior_mode=''.
leave_one_out,w/o_PB-Cond,1,1,0,ablation_arms_2026-09,e522d2cd-7927-4e59-a4ed-064009569279,asw,0.5281795561313629,tissue_prior_mode=''.
leave_one_out,w/o_PB-Cond,1,1,0,ablation_arms_2026-09,e7bd68ab-df49-44df-9b1e-8486114aeeb5,bras,0.8854089349508285,tissue_prior_mode=''.
leave_one_out,w/o_PB-Cond,1,1,0,ablation_arms_2026-09,e7bd68ab-df49-44df-9b1e-8486114aeeb5,asw,0.5097132563591004,tissue_prior_mode=''.
leave_one_out,w/o_PB-Cond,1,1,0,ablation_arms_2026-09,edbfa04a-f1dd-496a-8237-df11d70621ca,bras,0.8896722227334977,tissue_prior_mode=''.
leave_one_out,w/o_PB-Cond,1,1,0,ablation_arms_2026-09,edbfa04a-f1dd-496a-8237-df11d70621ca,asw,0.5333844661712647,tissue_prior_mode=''.
leave_one_out,w/o_PB-Cond,1,1,0,ablation_arms_2026-09,f14bc322-1322-4184-8d16-409557525ea5,bras,0.795555466413498,tissue_prior_mode=''.
leave_one_out,w/o_PB-Cond,1,1,0,ablation_arms_2026-09,f14bc322-1322-4184-8d16-409557525ea5,asw,0.537443020939827,tissue_prior_mode=''.
leave_one_out,w/o_PB-Cond,1,1,0,ablation_arms_2026-09,f3c49918-4707-4d92-bb6d-2b5b4eb9d1b4,bras,0.8068094551563263,tissue_prior_mode=''.
leave_one_out,w/o_PB-Cond,1,1,0,ablation_arms_2026-09,f3c49918-4707-4d92-bb6d-2b5b4eb9d1b4,asw,0.6082967638969421,tissue_prior_mode=''.
leave_one_out,w/o_PB-Cond,1,1,0,ablation_arms_2026-09,f641d68a-e877-4bb8-afd7-b8fa3921d461,bras,0.8980462342500687,tissue_prior_mode=''.
leave_one_out,w/o_PB-Cond,1,1,0,ablation_arms_2026-09,f641d68a-e877-4bb8-afd7-b8fa3921d461,asw,0.5316499412059784,tissue_prior_mode=''.
leave_one_out,w/o_PB-Cond,1,1,0,ablation_arms_2026-09,f6cc8a47-2dea-40aa-8608-d771c5ef8a07,asw,0.5125184267759323,tissue_prior_mode=''.
leave_one_out,w/o_PB-Cond,1,1,0,ablation_arms_2026-09,fe7aae33-6f7c-41a5-8d29-9996a9ddf1ab,bras,0.7967546284198761,tissue_prior_mode=''.
leave_one_out,w/o_PB-Cond,1,1,0,ablation_arms_2026-09,fe7aae33-6f7c-41a5-8d29-9996a9ddf1ab,asw,0.568401449918747,tissue_prior_mode=''.
leave_one_out,w/o_PB-Cond,1,1,0,ablation_arms_2026-09,01b84709-139c-4485-98a9-6e14c58fbbf6,ari,0.3768110000088275,tissue_prior_mode=''.
leave_one_out,w/o_PB-Cond,1,1,0,ablation_arms_2026-09,01b84709-139c-4485-98a9-6e14c58fbbf6,nmi,0.5857721516670437,tissue_prior_mode=''.
leave_one_out,w/o_PB-Cond,1,1,0,ablation_arms_2026-09,07dd8c34-4625-480a-8ee4-273a06c3082b,ari,0.7506373417229164,tissue_prior_mode=''.
leave_one_out,w/o_PB-Cond,1,1,0,ablation_arms_2026-09,07dd8c34-4625-480a-8ee4-273a06c3082b,nmi,0.8423724360216465,tissue_prior_mode=''.
leave_one_out,w/o_PB-Cond,1,1,0,ablation_arms_2026-09,09b518f9-da64-44cc-aec8-70a89d55611f,ari,0.3247096306193838,tissue_prior_mode=''.
leave_one_out,w/o_PB-Cond,1,1,0,ablation_arms_2026-09,09b518f9-da64-44cc-aec8-70a89d55611f,nmi,0.5975785872374366,tissue_prior_mode=''.
leave_one_out,w/o_PB-Cond,1,1,0,ablation_arms_2026-09,0a8e3443-c3e2-4918-84db-0495657d9175,ari,0.4486215681795573,tissue_prior_mode=''.
leave_one_out,w/o_PB-Cond,1,1,0,ablation_arms_2026-09,0a8e3443-c3e2-4918-84db-0495657d9175,nmi,0.6819881765668018,tissue_prior_mode=''.
leave_one_out,w/o_PB-Cond,1,1,0,ablation_arms_2026-09,0ae6f031-2f9c-4247-8b26-db320d6efd32,ari,0.6106410440620775,tissue_prior_mode=''.
leave_one_out,w/o_PB-Cond,1,1,0,ablation_arms_2026-09,0ae6f031-2f9c-4247-8b26-db320d6efd32,nmi,0.717102171307124,tissue_prior_mode=''.
leave_one_out,w/o_PB-Cond,1,1,0,ablation_arms_2026-09,0bf30b02-db97-4560-b9cd-0fe3588892af,ari,0.5159176200238536,tissue_prior_mode=''.
leave_one_out,w/o_PB-Cond,1,1,0,ablation_arms_2026-09,0bf30b02-db97-4560-b9cd-0fe3588892af,nmi,0.6670381395081011,tissue_prior_mode=''.
leave_one_out,w/o_PB-Cond,1,1,0,ablation_arms_2026-09,0c0c49a2-b96b-432f-98a4-1decf9929149,ari,0.4286018954416729,tissue_prior_mode=''.
leave_one_out,w/o_PB-Cond,1,1,0,ablation_arms_2026-09,0c0c49a2-b96b-432f-98a4-1decf9929149,nmi,0.6848662349179552,tissue_prior_mode=''.
leave_one_out,w/o_PB-Cond,1,1,0,ablation_arms_2026-09,145dcf6a-2461-4fa3-a0af-7fc56db0bd33,ari,0.7072564234647011,tissue_prior_mode=''.
leave_one_out,w/o_PB-Cond,1,1,0,ablation_arms_2026-09,145dcf6a-2461-4fa3-a0af-7fc56db0bd33,nmi,0.8332480975327552,tissue_prior_mode=''.
leave_one_out,w/o_PB-Cond,1,1,0,ablation_arms_2026-09,16023185-de21-4c0d-a9c8-73abdd52d142,ari,0.3401383448107049,tissue_prior_mode=''.
leave_one_out,w/o_PB-Cond,1,1,0,ablation_arms_2026-09,16023185-de21-4c0d-a9c8-73abdd52d142,nmi,0.6578064874350151,tissue_prior_mode=''.
leave_one_out,w/o_PB-Cond,1,1,0,ablation_arms_2026-09,19053a82-9c89-4fb8-bd19-d7b1800b0b7b,ari,0.32771427704756,tissue_prior_mode=''.
leave_one_out,w/o_PB-Cond,1,1,0,ablation_arms_2026-09,19053a82-9c89-4fb8-bd19-d7b1800b0b7b,nmi,0.6673667436730415,tissue_prior_mode=''.
leave_one_out,w/o_PB-Cond,1,1,0,ablation_arms_2026-09,19f1bec6-eeb7-4133-accc-992d745fef89,ari,0.3558824683447018,tissue_prior_mode=''.
leave_one_out,w/o_PB-Cond,1,1,0,ablation_arms_2026-09,19f1bec6-eeb7-4133-accc-992d745fef89,nmi,0.5713393408931053,tissue_prior_mode=''.
leave_one_out,w/o_PB-Cond,1,1,0,ablation_arms_2026-09,1a9f3b38-b86d-416d-bbdc-9058ad3ff42d,ari,0.4205711026636316,tissue_prior_mode=''.
leave_one_out,w/o_PB-Cond,1,1,0,ablation_arms_2026-09,1a9f3b38-b86d-416d-bbdc-9058ad3ff42d,nmi,0.6544210848385731,tissue_prior_mode=''.
leave_one_out,w/o_PB-Cond,1,1,0,ablation_arms_2026-09,1ab4ebbc-18d6-4838-89c2-cdc5b10accfb,ari,0.464402914112305,tissue_prior_mode=''.
leave_one_out,w/o_PB-Cond,1,1,0,ablation_arms_2026-09,1ab4ebbc-18d6-4838-89c2-cdc5b10accfb,nmi,0.7105055030713088,tissue_prior_mode=''.
leave_one_out,w/o_PB-Cond,1,1,0,ablation_arms_2026-09,1b350d0a-4535-4879-beb6-1142f3f94947,ari,0.387631780001464,tissue_prior_mode=''.
leave_one_out,w/o_PB-Cond,1,1,0,ablation_arms_2026-09,1b350d0a-4535-4879-beb6-1142f3f94947,nmi,0.6366536853146542,tissue_prior_mode=''.
leave_one_out,w/o_PB-Cond,1,1,0,ablation_arms_2026-09,203025fe-fa99-4d57-81da-458ed8f0c334,ari,0.5393466423242419,tissue_prior_mode=''.
leave_one_out,w/o_PB-Cond,1,1,0,ablation_arms_2026-09,203025fe-fa99-4d57-81da-458ed8f0c334,nmi,0.7200893210706262,tissue_prior_mode=''.
leave_one_out,w/o_PB-Cond,1,1,0,ablation_arms_2026-09,21722308-5091-4b63-9c07-4f116ab9a7b3,ari,0.7287061332904518,tissue_prior_mode=''.
leave_one_out,w/o_PB-Cond,1,1,0,ablation_arms_2026-09,21722308-5091-4b63-9c07-4f116ab9a7b3,nmi,0.8539932857695236,tissue_prior_mode=''.
leave_one_out,w/o_PB-Cond,1,1,0,ablation_arms_2026-09,27d3952f-fbbc-497d-98d1-f37f3d555235,ari,0.4696930714221349,tissue_prior_mode=''.
leave_one_out,w/o_PB-Cond,1,1,0,ablation_arms_2026-09,27d3952f-fbbc-497d-98d1-f37f3d555235,nmi,0.6233641702338723,tissue_prior_mode=''.
leave_one_out,w/o_PB-Cond,1,1,0,ablation_arms_2026-09,30c2a6fd-d547-460f-a5e7-44c62a2af7ad,ari,0.3135257602183399,tissue_prior_mode=''.
leave_one_out,w/o_PB-Cond,1,1,0,ablation_arms_2026-09,30c2a6fd-d547-460f-a5e7-44c62a2af7ad,nmi,0.5399270021248901,tissue_prior_mode=''.
leave_one_out,w/o_PB-Cond,1,1,0,ablation_arms_2026-09,322c816f-608a-4da1-99c4-36ca4ad45146,ari,0.5879044994485245,tissue_prior_mode=''.
leave_one_out,w/o_PB-Cond,1,1,0,ablation_arms_2026-09,322c816f-608a-4da1-99c4-36ca4ad45146,nmi,0.7050034519490118,tissue_prior_mode=''.
leave_one_out,w/o_PB-Cond,1,1,0,ablation_arms_2026-09,3a702020-cf66-4ef5-9d11-4a5e835b7efb,ari,0.2223526633196527,tissue_prior_mode=''.
leave_one_out,w/o_PB-Cond,1,1,0,ablation_arms_2026-09,3a702020-cf66-4ef5-9d11-4a5e835b7efb,nmi,0.3717130544870798,tissue_prior_mode=''.
leave_one_out,w/o_PB-Cond,1,1,0,ablation_arms_2026-09,3bfd5174-5b49-4e58-b233-ed0f4edd0bec,ari,0.5941431220132667,tissue_prior_mode=''.
leave_one_out,w/o_PB-Cond,1,1,0,ablation_arms_2026-09,3bfd5174-5b49-4e58-b233-ed0f4edd0bec,nmi,0.714937566448259,tissue_prior_mode=''.
leave_one_out,w/o_PB-Cond,1,1,0,ablation_arms_2026-09,3c364ffe-d599-44d5-a77f-6c5fd7038cf6,ari,0.5414345768176728,tissue_prior_mode=''.
leave_one_out,w/o_PB-Cond,1,1,0,ablation_arms_2026-09,3c364ffe-d599-44d5-a77f-6c5fd7038cf6,nmi,0.7975538376058193,tissue_prior_mode=''.
leave_one_out,w/o_PB-Cond,1,1,0,ablation_arms_2026-09,3cb646ab-d411-4e5b-89eb-082a786c953b,ari,0.4571560312350115,tissue_prior_mode=''.
leave_one_out,w/o_PB-Cond,1,1,0,ablation_arms_2026-09,3cb646ab-d411-4e5b-89eb-082a786c953b,nmi,0.6942507564475864,tissue_prior_mode=''.
leave_one_out,w/o_PB-Cond,1,1,0,ablation_arms_2026-09,3e55180c-780a-4424-9434-5296640ffc0d,ari,0.328102952571474,tissue_prior_mode=''.
leave_one_out,w/o_PB-Cond,1,1,0,ablation_arms_2026-09,3e55180c-780a-4424-9434-5296640ffc0d,nmi,0.465440442927743,tissue_prior_mode=''.
leave_one_out,w/o_PB-Cond,1,1,0,ablation_arms_2026-09,420d0f5d-b7ba-4b1e-88d0-44e9f733febd,ari,0.4459980824756141,tissue_prior_mode=''.
leave_one_out,w/o_PB-Cond,1,1,0,ablation_arms_2026-09,420d0f5d-b7ba-4b1e-88d0-44e9f733febd,nmi,0.6817075520227395,tissue_prior_mode=''.
leave_one_out,w/o_PB-Cond,1,1,0,ablation_arms_2026-09,4319097a-acae-4124-beed-d1173ffe1464,ari,0.4634660572303364,tissue_prior_mode=''.
leave_one_out,w/o_PB-Cond,1,1,0,ablation_arms_2026-09,4319097a-acae-4124-beed-d1173ffe1464,nmi,0.6115199001603804,tissue_prior_mode=''.
leave_one_out,w/o_PB-Cond,1,1,0,ablation_arms_2026-09,432f3af5-6a79-401f-b315-fb2df789f32c,ari,0.6786386209752071,tissue_prior_mode=''.
leave_one_out,w/o_PB-Cond,1,1,0,ablation_arms_2026-09,432f3af5-6a79-401f-b315-fb2df789f32c,nmi,0.7653688731124826,tissue_prior_mode=''.
leave_one_out,w/o_PB-Cond,1,1,0,ablation_arms_2026-09,43a1506b-aa9e-46a3-b288-d210f4595ddf,ari,0.4495810444331606,tissue_prior_mode=''.
leave_one_out,w/o_PB-Cond,1,1,0,ablation_arms_2026-09,43a1506b-aa9e-46a3-b288-d210f4595ddf,nmi,0.571859365983817,tissue_prior_mode=''.
leave_one_out,w/o_PB-Cond,1,1,0,ablation_arms_2026-09,43aa19d2-c723-4822-979d-d2f0239835e0,ari,0.512772459740137,tissue_prior_mode=''.
leave_one_out,w/o_PB-Cond,1,1,0,ablation_arms_2026-09,43aa19d2-c723-4822-979d-d2f0239835e0,nmi,0.6547453623068524,tissue_prior_mode=''.
leave_one_out,w/o_PB-Cond,1,1,0,ablation_arms_2026-09,46104f0b-9af5-466a-ae0f-56b8dc1969a2,ari,0.4616074728259055,tissue_prior_mode=''.
leave_one_out,w/o_PB-Cond,1,1,0,ablation_arms_2026-09,46104f0b-9af5-466a-ae0f-56b8dc1969a2,nmi,0.6920929808468077,tissue_prior_mode=''.
leave_one_out,w/o_PB-Cond,1,1,0,ablation_arms_2026-09,47e00f43-6176-44a5-b4d1-f88a1920fcab,ari,0.4397269483768194,tissue_prior_mode=''.
leave_one_out,w/o_PB-Cond,1,1,0,ablation_arms_2026-09,47e00f43-6176-44a5-b4d1-f88a1920fcab,nmi,0.6881167364755647,tissue_prior_mode=''.
leave_one_out,w/o_PB-Cond,1,1,0,ablation_arms_2026-09,4b83f213-b96b-4c87-a884-9b81faddb194,ari,0.4202514294979974,tissue_prior_mode=''.
leave_one_out,w/o_PB-Cond,1,1,0,ablation_arms_2026-09,4b83f213-b96b-4c87-a884-9b81faddb194,nmi,0.5702634063372962,tissue_prior_mode=''.
leave_one_out,w/o_PB-Cond,1,1,0,ablation_arms_2026-09,527641f0-df64-4c80-957c-a65dccd477bc,ari,0.7574208877158932,tissue_prior_mode=''.
leave_one_out,w/o_PB-Cond,1,1,0,ablation_arms_2026-09,527641f0-df64-4c80-957c-a65dccd477bc,nmi,0.8037564288533166,tissue_prior_mode=''.
leave_one_out,w/o_PB-Cond,1,1,0,ablation_arms_2026-09,53ce2631-3646-4172-bbd9-38b0a44d8214,ari,0.5799449361603984,tissue_prior_mode=''.
leave_one_out,w/o_PB-Cond,1,1,0,ablation_arms_2026-09,53ce2631-3646-4172-bbd9-38b0a44d8214,nmi,0.7185735397557002,tissue_prior_mode=''.
leave_one_out,w/o_PB-Cond,1,1,0,ablation_arms_2026-09,56a4bc14-9407-45fd-8786-f7f6fc87c9dd,ari,0.5078006518597782,tissue_prior_mode=''.
leave_one_out,w/o_PB-Cond,1,1,0,ablation_arms_2026-09,56a4bc14-9407-45fd-8786-f7f6fc87c9dd,nmi,0.6744151393199227,tissue_prior_mode=''.
leave_one_out,w/o_PB-Cond,1,1,0,ablation_arms_2026-09,589fe605-6d49-4abe-bff8-1675511c689a,ari,0.082696010716042,tissue_prior_mode=''.
leave_one_out,w/o_PB-Cond,1,1,0,ablation_arms_2026-09,589fe605-6d49-4abe-bff8-1675511c689a,nmi,0.1301947683580734,tissue_prior_mode=''.
leave_one_out,w/o_PB-Cond,1,1,0,ablation_arms_2026-09,58f43044-cd3c-42b8-bc0b-3498eb236359,ari,0.3591562432353455,tissue_prior_mode=''.
leave_one_out,w/o_PB-Cond,1,1,0,ablation_arms_2026-09,58f43044-cd3c-42b8-bc0b-3498eb236359,nmi,0.6567555988073509,tissue_prior_mode=''.
leave_one_out,w/o_PB-Cond,1,1,0,ablation_arms_2026-09,5a9cfb44-494a-4540-8db8-7143b1bb5a6f,ari,0.4570120221786549,tissue_prior_mode=''.
leave_one_out,w/o_PB-Cond,1,1,0,ablation_arms_2026-09,5a9cfb44-494a-4540-8db8-7143b1bb5a6f,nmi,0.6395749409422863,tissue_prior_mode=''.
leave_one_out,w/o_PB-Cond,1,1,0,ablation_arms_2026-09,5c97eeeb-7e52-44b3-b010-b832b1f5424c,ari,0.7027640949520743,tissue_prior_mode=''.
leave_one_out,w/o_PB-Cond,1,1,0,ablation_arms_2026-09,5c97eeeb-7e52-44b3-b010-b832b1f5424c,nmi,0.8494531262119317,tissue_prior_mode=''.
leave_one_out,w/o_PB-Cond,1,1,0,ablation_arms_2026-09,5e57cd50-8e42-42d6-940d-5c1660d06864,ari,0.7046773951278607,tissue_prior_mode=''.
leave_one_out,w/o_PB-Cond,1,1,0,ablation_arms_2026-09,5e57cd50-8e42-42d6-940d-5c1660d06864,nmi,0.8519232620207033,tissue_prior_mode=''.
leave_one_out,w/o_PB-Cond,1,1,0,ablation_arms_2026-09,5ed90bc0-12f3-4354-b314-0ce0dbb96458,ari,0.4801121237683639,tissue_prior_mode=''.
leave_one_out,w/o_PB-Cond,1,1,0,ablation_arms_2026-09,5ed90bc0-12f3-4354-b314-0ce0dbb96458,nmi,0.7017188712418772,tissue_prior_mode=''.
leave_one_out,w/o_PB-Cond,1,1,0,ablation_arms_2026-09,5fde5c9c-5b1e-4df5-982a-3f8e7635161f,ari,0.4250820780948098,tissue_prior_mode=''.
leave_one_out,w/o_PB-Cond,1,1,0,ablation_arms_2026-09,5fde5c9c-5b1e-4df5-982a-3f8e7635161f,nmi,0.6746201350607628,tissue_prior_mode=''.
leave_one_out,w/o_PB-Cond,1,1,0,ablation_arms_2026-09,60a29d0b-1a37-4447-ac32-00d701580b47,ari,0.3717935583041876,tissue_prior_mode=''.
leave_one_out,w/o_PB-Cond,1,1,0,ablation_arms_2026-09,60a29d0b-1a37-4447-ac32-00d701580b47,nmi,0.6467578064425455,tissue_prior_mode=''.
leave_one_out,w/o_PB-Cond,1,1,0,ablation_arms_2026-09,61af564d-e5ea-4d34-a0f3-2668a00db376,ari,0.4908988727083223,tissue_prior_mode=''.
leave_one_out,w/o_PB-Cond,1,1,0,ablation_arms_2026-09,61af564d-e5ea-4d34-a0f3-2668a00db376,nmi,0.6185519625478355,tissue_prior_mode=''.
leave_one_out,w/o_PB-Cond,1,1,0,ablation_arms_2026-09,61d327d1-2227-4c5f-9367-e3559dc79b07,ari,0.3320078121657815,tissue_prior_mode=''.
leave_one_out,w/o_PB-Cond,1,1,0,ablation_arms_2026-09,61d327d1-2227-4c5f-9367-e3559dc79b07,nmi,0.4422505321428552,tissue_prior_mode=''.
leave_one_out,w/o_PB-Cond,1,1,0,ablation_arms_2026-09,64267fb5-7b70-4705-a13b-cc38966c22a8,ari,0.3377728342685173,tissue_prior_mode=''.
leave_one_out,w/o_PB-Cond,1,1,0,ablation_arms_2026-09,64267fb5-7b70-4705-a13b-cc38966c22a8,nmi,0.3097255911366684,tissue_prior_mode=''.
leave_one_out,w/o_PB-Cond,1,1,0,ablation_arms_2026-09,67b6b9ac-b841-42ce-b2d4-ed2ec12327bd,ari,0.3583105745768301,tissue_prior_mode=''.
leave_one_out,w/o_PB-Cond,1,1,0,ablation_arms_2026-09,67b6b9ac-b841-42ce-b2d4-ed2ec12327bd,nmi,0.6070910349642911,tissue_prior_mode=''.
leave_one_out,w/o_PB-Cond,1,1,0,ablation_arms_2026-09,6fc37633-13f5-4bf0-af95-52808143bffd,ari,0.2868247511176977,tissue_prior_mode=''.
leave_one_out,w/o_PB-Cond,1,1,0,ablation_arms_2026-09,6fc37633-13f5-4bf0-af95-52808143bffd,nmi,0.3966911581270415,tissue_prior_mode=''.
leave_one_out,w/o_PB-Cond,1,1,0,ablation_arms_2026-09,75011e96-ba37-4977-a539-fbf9f66a5e37,ari,0.3648228107817094,tissue_prior_mode=''.
leave_one_out,w/o_PB-Cond,1,1,0,ablation_arms_2026-09,75011e96-ba37-4977-a539-fbf9f66a5e37,nmi,0.5273244983030269,tissue_prior_mode=''.
leave_one_out,w/o_PB-Cond,1,1,0,ablation_arms_2026-09,781cc817-3fd0-487c-a55a-b47b2786a05d,ari,0.125835581257577,tissue_prior_mode=''.
leave_one_out,w/o_PB-Cond,1,1,0,ablation_arms_2026-09,781cc817-3fd0-487c-a55a-b47b2786a05d,nmi,0.1557529046455933,tissue_prior_mode=''.
leave_one_out,w/o_PB-Cond,1,1,0,ablation_arms_2026-09,79884ae5-e026-4d4a-858f-e807960bd4f7,ari,0.5188071978025582,tissue_prior_mode=''.
leave_one_out,w/o_PB-Cond,1,1,0,ablation_arms_2026-09,79884ae5-e026-4d4a-858f-e807960bd4f7,nmi,0.6210353281641428,tissue_prior_mode=''.
leave_one_out,w/o_PB-Cond,1,1,0,ablation_arms_2026-09,8058d760-09e6-4bdd-86a1-36917ffca3ef,ari,0.5203124237654442,tissue_prior_mode=''.
leave_one_out,w/o_PB-Cond,1,1,0,ablation_arms_2026-09,8058d760-09e6-4bdd-86a1-36917ffca3ef,nmi,0.7032280896215785,tissue_prior_mode=''.
leave_one_out,w/o_PB-Cond,1,1,0,ablation_arms_2026-09,829a3cd1-a466-49f1-b2e9-d3f6b7f392e2,ari,0.4051281635561908,tissue_prior_mode=''.
leave_one_out,w/o_PB-Cond,1,1,0,ablation_arms_2026-09,829a3cd1-a466-49f1-b2e9-d3f6b7f392e2,nmi,0.5594410969717221,tissue_prior_mode=''.
leave_one_out,w/o_PB-Cond,1,1,0,ablation_arms_2026-09,84cfa5aa-a0d1-415e-ac47-eb66c9cf8170,ari,0.4580042269955055,tissue_prior_mode=''.
leave_one_out,w/o_PB-Cond,1,1,0,ablation_arms_2026-09,84cfa5aa-a0d1-415e-ac47-eb66c9cf8170,nmi,0.6567220528477679,tissue_prior_mode=''.
leave_one_out,w/o_PB-Cond,1,1,0,ablation_arms_2026-09,8560f809-5794-484e-9152-b63efa91d134,ari,0.4776191489357607,tissue_prior_mode=''.
leave_one_out,w/o_PB-Cond,1,1,0,ablation_arms_2026-09,8560f809-5794-484e-9152-b63efa91d134,nmi,0.6384066605121719,tissue_prior_mode=''.
leave_one_out,w/o_PB-Cond,1,1,0,ablation_arms_2026-09,867757c1-3b1a-49d9-a0cd-17767eb160cc,ari,0.6799376475961688,tissue_prior_mode=''.
leave_one_out,w/o_PB-Cond,1,1,0,ablation_arms_2026-09,867757c1-3b1a-49d9-a0cd-17767eb160cc,nmi,0.8350266096824288,tissue_prior_mode=''.
leave_one_out,w/o_PB-Cond,1,1,0,ablation_arms_2026-09,881e0e6b-a185-45f1-9b56-81606e91e7ff,ari,0.471910749325887,tissue_prior_mode=''.
leave_one_out,w/o_PB-Cond,1,1,0,ablation_arms_2026-09,881e0e6b-a185-45f1-9b56-81606e91e7ff,nmi,0.7094510983824929,tissue_prior_mode=''.
leave_one_out,w/o_PB-Cond,1,1,0,ablation_arms_2026-09,8ef06ea4-8d0f-4303-a652-7d4604402b1f,ari,0.4366747115153875,tissue_prior_mode=''.
leave_one_out,w/o_PB-Cond,1,1,0,ablation_arms_2026-09,8ef06ea4-8d0f-4303-a652-7d4604402b1f,nmi,0.6488128302141707,tissue_prior_mode=''.
leave_one_out,w/o_PB-Cond,1,1,0,ablation_arms_2026-09,8f3e7fcf-0b16-4a29-a5f1-a7a8b267d689,ari,0.4089247733846995,tissue_prior_mode=''.
leave_one_out,w/o_PB-Cond,1,1,0,ablation_arms_2026-09,8f3e7fcf-0b16-4a29-a5f1-a7a8b267d689,nmi,0.6405141353069432,tissue_prior_mode=''.
leave_one_out,w/o_PB-Cond,1,1,0,ablation_arms_2026-09,8ff0cef9-393e-43de-9722-a1e12c239727,ari,0.489982797306958,tissue_prior_mode=''.
leave_one_out,w/o_PB-Cond,1,1,0,ablation_arms_2026-09,8ff0cef9-393e-43de-9722-a1e12c239727,nmi,0.5705864070552364,tissue_prior_mode=''.
leave_one_out,w/o_PB-Cond,1,1,0,ablation_arms_2026-09,95d3b0fb-b8a7-4bec-a2e8-cded3222ff07,ari,0.788375561887672,tissue_prior_mode=''.
leave_one_out,w/o_PB-Cond,1,1,0,ablation_arms_2026-09,95d3b0fb-b8a7-4bec-a2e8-cded3222ff07,nmi,0.8380834013505224,tissue_prior_mode=''.
leave_one_out,w/o_PB-Cond,1,1,0,ablation_arms_2026-09,963a08cb-d995-4862-9614-f9d38a7d7540,ari,0.5455149726333707,tissue_prior_mode=''.
leave_one_out,w/o_PB-Cond,1,1,0,ablation_arms_2026-09,963a08cb-d995-4862-9614-f9d38a7d7540,nmi,0.76371481094887,tissue_prior_mode=''.
leave_one_out,w/o_PB-Cond,1,1,0,ablation_arms_2026-09,978a566a-dc27-478d-b306-26daba116c1f,ari,0.5620014695226743,tissue_prior_mode=''.
leave_one_out,w/o_PB-Cond,1,1,0,ablation_arms_2026-09,978a566a-dc27-478d-b306-26daba116c1f,nmi,0.7109770693703786,tissue_prior_mode=''.
leave_one_out,w/o_PB-Cond,1,1,0,ablation_arms_2026-09,98219f72-0f9a-4de9-a859-c81834f24ab1,ari,0.0940277086214792,tissue_prior_mode=''.
leave_one_out,w/o_PB-Cond,1,1,0,ablation_arms_2026-09,98219f72-0f9a-4de9-a859-c81834f24ab1,nmi,0.2183048901352858,tissue_prior_mode=''.
leave_one_out,w/o_PB-Cond,1,1,0,ablation_arms_2026-09,9f1a899f-05a0-44c5-8aa9-39df61ae4324,ari,0.6116832425456908,tissue_prior_mode=''.
leave_one_out,w/o_PB-Cond,1,1,0,ablation_arms_2026-09,9f1a899f-05a0-44c5-8aa9-39df61ae4324,nmi,0.7864230920784745,tissue_prior_mode=''.
leave_one_out,w/o_PB-Cond,1,1,0,ablation_arms_2026-09,a24ce10f-5a87-4e1f-a34a-f4fe5fc84052,ari,0.7138587951257213,tissue_prior_mode=''.
leave_one_out,w/o_PB-Cond,1,1,0,ablation_arms_2026-09,a24ce10f-5a87-4e1f-a34a-f4fe5fc84052,nmi,0.8239469707809104,tissue_prior_mode=''.
leave_one_out,w/o_PB-Cond,1,1,0,ablation_arms_2026-09,a2c833f7-b7f1-4f4d-ad31-cae478b601b7,ari,0.4623266961955257,tissue_prior_mode=''.
leave_one_out,w/o_PB-Cond,1,1,0,ablation_arms_2026-09,a2c833f7-b7f1-4f4d-ad31-cae478b601b7,nmi,0.5732101257231359,tissue_prior_mode=''.
leave_one_out,w/o_PB-Cond,1,1,0,ablation_arms_2026-09,aa32098f-f7b0-43f2-a00a-601d190aae94,ari,0.4459451711771964,tissue_prior_mode=''.
leave_one_out,w/o_PB-Cond,1,1,0,ablation_arms_2026-09,aa32098f-f7b0-43f2-a00a-601d190aae94,nmi,0.6883578233633464,tissue_prior_mode=''.
leave_one_out,w/o_PB-Cond,1,1,0,ablation_arms_2026-09,aa369999-a034-4ad9-b459-8a93c86ea77b,ari,0.3441512266647227,tissue_prior_mode=''.
leave_one_out,w/o_PB-Cond,1,1,0,ablation_arms_2026-09,aa369999-a034-4ad9-b459-8a93c86ea77b,nmi,0.5824333013525126,tissue_prior_mode=''.
leave_one_out,w/o_PB-Cond,1,1,0,ablation_arms_2026-09,acd544d0-4d8b-46c7-98b3-fc48f7e6fdb7,ari,0.397220295449568,tissue_prior_mode=''.
leave_one_out,w/o_PB-Cond,1,1,0,ablation_arms_2026-09,acd544d0-4d8b-46c7-98b3-fc48f7e6fdb7,nmi,0.6301095350157608,tissue_prior_mode=''.
leave_one_out,w/o_PB-Cond,1,1,0,ablation_arms_2026-09,aecc2743-4ff2-4b55-ac8c-a1ff76fc4bb4,ari,0.2994707540075459,tissue_prior_mode=''.
leave_one_out,w/o_PB-Cond,1,1,0,ablation_arms_2026-09,aecc2743-4ff2-4b55-ac8c-a1ff76fc4bb4,nmi,0.4653103614412842,tissue_prior_mode=''.
leave_one_out,w/o_PB-Cond,1,1,0,ablation_arms_2026-09,afae4675-434d-4e89-b5ce-2854c9dc38a3,ari,0.4703517342312295,tissue_prior_mode=''.
leave_one_out,w/o_PB-Cond,1,1,0,ablation_arms_2026-09,afae4675-434d-4e89-b5ce-2854c9dc38a3,nmi,0.6183344481253737,tissue_prior_mode=''.
leave_one_out,w/o_PB-Cond,1,1,0,ablation_arms_2026-09,b617ee1b-f8c8-4de9-b82b-e803ab93550d,ari,0.0622479657812748,tissue_prior_mode=''.
leave_one_out,w/o_PB-Cond,1,1,0,ablation_arms_2026-09,b617ee1b-f8c8-4de9-b82b-e803ab93550d,nmi,0.1308533323122281,tissue_prior_mode=''.
leave_one_out,w/o_PB-Cond,1,1,0,ablation_arms_2026-09,c838aec3-03ef-4398-b882-0e3912abfff0,ari,0.3594951618647066,tissue_prior_mode=''.
leave_one_out,w/o_PB-Cond,1,1,0,ablation_arms_2026-09,c838aec3-03ef-4398-b882-0e3912abfff0,nmi,0.6239275684934456,tissue_prior_mode=''.
leave_one_out,w/o_PB-Cond,1,1,0,ablation_arms_2026-09,cee9b331-3ba0-4461-8bbd-867819d9fc0a,ari,0.7393728086841369,tissue_prior_mode=''.
leave_one_out,w/o_PB-Cond,1,1,0,ablation_arms_2026-09,cee9b331-3ba0-4461-8bbd-867819d9fc0a,nmi,0.7946531305414668,tissue_prior_mode=''.
leave_one_out,w/o_PB-Cond,1,1,0,ablation_arms_2026-09,d567b692-c374-4628-a508-8008f6778f22,ari,0.5266770178054877,tissue_prior_mode=''.
leave_one_out,w/o_PB-Cond,1,1,0,ablation_arms_2026-09,d567b692-c374-4628-a508-8008f6778f22,nmi,0.6816894742635404,tissue_prior_mode=''.
leave_one_out,w/o_PB-Cond,1,1,0,ablation_arms_2026-09,d68a8b48-abf0-4bd5-8834-155d34ec448a,ari,0.3690869613740906,tissue_prior_mode=''.
leave_one_out,w/o_PB-Cond,1,1,0,ablation_arms_2026-09,d68a8b48-abf0-4bd5-8834-155d34ec448a,nmi,0.6352398884839829,tissue_prior_mode=''.
leave_one_out,w/o_PB-Cond,1,1,0,ablation_arms_2026-09,d7cff847-6403-44a6-ad8a-2f5a783639dd,ari,0.666687982820403,tissue_prior_mode=''.
leave_one_out,w/o_PB-Cond,1,1,0,ablation_arms_2026-09,d7cff847-6403-44a6-ad8a-2f5a783639dd,nmi,0.7849863739624171,tissue_prior_mode=''.
leave_one_out,w/o_PB-Cond,1,1,0,ablation_arms_2026-09,de5416ef-bbfa-41f3-99d4-01a3554173f5,ari,0.321170863675035,tissue_prior_mode=''.
leave_one_out,w/o_PB-Cond,1,1,0,ablation_arms_2026-09,de5416ef-bbfa-41f3-99d4-01a3554173f5,nmi,0.5990685537608125,tissue_prior_mode=''.
leave_one_out,w/o_PB-Cond,1,1,0,ablation_arms_2026-09,e3ed2ba4-edf5-40ac-8750-8a417ad1eefe,ari,0.6492195443625144,tissue_prior_mode=''.
leave_one_out,w/o_PB-Cond,1,1,0,ablation_arms_2026-09,e3ed2ba4-edf5-40ac-8750-8a417ad1eefe,nmi,0.7800877033541996,tissue_prior_mode=''.
leave_one_out,w/o_PB-Cond,1,1,0,ablation_arms_2026-09,e51bae9a-c747-4b64-904a-4da7cda218ab,ari,0.5556928963333052,tissue_prior_mode=''.
leave_one_out,w/o_PB-Cond,1,1,0,ablation_arms_2026-09,e51bae9a-c747-4b64-904a-4da7cda218ab,nmi,0.6987779951542509,tissue_prior_mode=''.
leave_one_out,w/o_PB-Cond,1,1,0,ablation_arms_2026-09,e522d2cd-7927-4e59-a4ed-064009569279,ari,0.434351054330103,tissue_prior_mode=''.
leave_one_out,w/o_PB-Cond,1,1,0,ablation_arms_2026-09,e522d2cd-7927-4e59-a4ed-064009569279,nmi,0.6766637917303183,tissue_prior_mode=''.
leave_one_out,w/o_PB-Cond,1,1,0,ablation_arms_2026-09,e7bd68ab-df49-44df-9b1e-8486114aeeb5,ari,0.3233758363918154,tissue_prior_mode=''.
leave_one_out,w/o_PB-Cond,1,1,0,ablation_arms_2026-09,e7bd68ab-df49-44df-9b1e-8486114aeeb5,nmi,0.4975914988564278,tissue_prior_mode=''.
leave_one_out,w/o_PB-Cond,1,1,0,ablation_arms_2026-09,edbfa04a-f1dd-496a-8237-df11d70621ca,ari,0.4559176091775669,tissue_prior_mode=''.
leave_one_out,w/o_PB-Cond,1,1,0,ablation_arms_2026-09,edbfa04a-f1dd-496a-8237-df11d70621ca,nmi,0.5997786760389022,tissue_prior_mode=''.
leave_one_out,w/o_PB-Cond,1,1,0,ablation_arms_2026-09,f14bc322-1322-4184-8d16-409557525ea5,ari,0.4940941002696791,tissue_prior_mode=''.
leave_one_out,w/o_PB-Cond,1,1,0,ablation_arms_2026-09,f14bc322-1322-4184-8d16-409557525ea5,nmi,0.740536678168705,tissue_prior_mode=''.
leave_one_out,w/o_PB-Cond,1,1,0,ablation_arms_2026-09,f3c49918-4707-4d92-bb6d-2b5b4eb9d1b4,ari,0.7000083224632085,tissue_prior_mode=''.
leave_one_out,w/o_PB-Cond,1,1,0,ablation_arms_2026-09,f3c49918-4707-4d92-bb6d-2b5b4eb9d1b4,nmi,0.7933348583915787,tissue_prior_mode=''.
leave_one_out,w/o_PB-Cond,1,1,0,ablation_arms_2026-09,f641d68a-e877-4bb8-afd7-b8fa3921d461,ari,0.4476556279488967,tissue_prior_mode=''.
leave_one_out,w/o_PB-Cond,1,1,0,ablation_arms_2026-09,f641d68a-e877-4bb8-afd7-b8fa3921d461,nmi,0.6122814334793936,tissue_prior_mode=''.
leave_one_out,w/o_PB-Cond,1,1,0,ablation_arms_2026-09,f6cc8a47-2dea-40aa-8608-d771c5ef8a07,ari,0.3786908040197682,tissue_prior_mode=''.
leave_one_out,w/o_PB-Cond,1,1,0,ablation_arms_2026-09,f6cc8a47-2dea-40aa-8608-d771c5ef8a07,nmi,0.4932811290129544,tissue_prior_mode=''.
leave_one_out,w/o_PB-Cond,1,1,0,ablation_arms_2026-09,fe7aae33-6f7c-41a5-8d29-9996a9ddf1ab,ari,0.7084253015180352,tissue_prior_mode=''.
leave_one_out,w/o_PB-Cond,1,1,0,ablation_arms_2026-09,fe7aae33-6f7c-41a5-8d29-9996a9ddf1ab,nmi,0.7429930050326118,tissue_prior_mode=''.
leave_one_out,w/o_PB-Cond,1,1,0,ablation_arms_2026-09,01b84709-139c-4485-98a9-6e14c58fbbf6,gene_mean_pearson,0.9420104428311608,tissue_prior_mode=''.
leave_one_out,w/o_PB-Cond,1,1,0,ablation_arms_2026-09,01b84709-139c-4485-98a9-6e14c58fbbf6,training_style_hvg,0.8764972045898437,tissue_prior_mode=''.
leave_one_out,w/o_PB-Cond,1,1,0,ablation_arms_2026-09,07dd8c34-4625-480a-8ee4-273a06c3082b,gene_mean_pearson,0.9386324215456698,tissue_prior_mode=''.
leave_one_out,w/o_PB-Cond,1,1,0,ablation_arms_2026-09,07dd8c34-4625-480a-8ee4-273a06c3082b,training_style_hvg,0.9456136329240872,tissue_prior_mode=''.
leave_one_out,w/o_PB-Cond,1,1,0,ablation_arms_2026-09,09b518f9-da64-44cc-aec8-70a89d55611f,gene_mean_pearson,0.8908093566261128,tissue_prior_mode=''.
leave_one_out,w/o_PB-Cond,1,1,0,ablation_arms_2026-09,09b518f9-da64-44cc-aec8-70a89d55611f,training_style_hvg,0.8868415222167969,tissue_prior_mode=''.
leave_one_out,w/o_PB-Cond,1,1,0,ablation_arms_2026-09,0a8e3443-c3e2-4918-84db-0495657d9175,gene_mean_pearson,0.9760074869346904,tissue_prior_mode=''.
leave_one_out,w/o_PB-Cond,1,1,0,ablation_arms_2026-09,0a8e3443-c3e2-4918-84db-0495657d9175,training_style_hvg,0.9609787353515624,tissue_prior_mode=''.
leave_one_out,w/o_PB-Cond,1,1,0,ablation_arms_2026-09,0ae6f031-2f9c-4247-8b26-db320d6efd32,gene_mean_pearson,0.8468792651294523,tissue_prior_mode=''.
leave_one_out,w/o_PB-Cond,1,1,0,ablation_arms_2026-09,0ae6f031-2f9c-4247-8b26-db320d6efd32,training_style_hvg,0.7538643838205645,tissue_prior_mode=''.
leave_one_out,w/o_PB-Cond,1,1,0,ablation_arms_2026-09,0bf30b02-db97-4560-b9cd-0fe3588892af,gene_mean_pearson,0.9551199011933856,tissue_prior_mode=''.
leave_one_out,w/o_PB-Cond,1,1,0,ablation_arms_2026-09,0bf30b02-db97-4560-b9cd-0fe3588892af,training_style_hvg,0.9198227172851564,tissue_prior_mode=''.
leave_one_out,w/o_PB-Cond,1,1,0,ablation_arms_2026-09,0c0c49a2-b96b-432f-98a4-1decf9929149,gene_mean_pearson,0.9764842780960736,tissue_prior_mode=''.
leave_one_out,w/o_PB-Cond,1,1,0,ablation_arms_2026-09,0c0c49a2-b96b-432f-98a4-1decf9929149,training_style_hvg,0.96134208984375,tissue_prior_mode=''.
leave_one_out,w/o_PB-Cond,1,1,0,ablation_arms_2026-09,145dcf6a-2461-4fa3-a0af-7fc56db0bd33,gene_mean_pearson,0.9335238300776492,tissue_prior_mode=''.
leave_one_out,w/o_PB-Cond,1,1,0,ablation_arms_2026-09,145dcf6a-2461-4fa3-a0af-7fc56db0bd33,training_style_hvg,0.9136120544433594,tissue_prior_mode=''.
leave_one_out,w/o_PB-Cond,1,1,0,ablation_arms_2026-09,16023185-de21-4c0d-a9c8-73abdd52d142,gene_mean_pearson,0.9827541509256184,tissue_prior_mode=''.
leave_one_out,w/o_PB-Cond,1,1,0,ablation_arms_2026-09,16023185-de21-4c0d-a9c8-73abdd52d142,training_style_hvg,0.8970566833496094,tissue_prior_mode=''.
leave_one_out,w/o_PB-Cond,1,1,0,ablation_arms_2026-09,19053a82-9c89-4fb8-bd19-d7b1800b0b7b,gene_mean_pearson,0.9438821278964504,tissue_prior_mode=''.
leave_one_out,w/o_PB-Cond,1,1,0,ablation_arms_2026-09,19053a82-9c89-4fb8-bd19-d7b1800b0b7b,training_style_hvg,0.9099954833984376,tissue_prior_mode=''.
leave_one_out,w/o_PB-Cond,1,1,0,ablation_arms_2026-09,19f1bec6-eeb7-4133-accc-992d745fef89,gene_mean_pearson,0.8736669085797966,tissue_prior_mode=''.
leave_one_out,w/o_PB-Cond,1,1,0,ablation_arms_2026-09,19f1bec6-eeb7-4133-accc-992d745fef89,training_style_hvg,0.8855278198242188,tissue_prior_mode=''.
leave_one_out,w/o_PB-Cond,1,1,0,ablation_arms_2026-09,1a9f3b38-b86d-416d-bbdc-9058ad3ff42d,gene_mean_pearson,0.7811339348652003,tissue_prior_mode=''.
leave_one_out,w/o_PB-Cond,1,1,0,ablation_arms_2026-09,1a9f3b38-b86d-416d-bbdc-9058ad3ff42d,training_style_hvg,0.8876847351074219,tissue_prior_mode=''.
leave_one_out,w/o_PB-Cond,1,1,0,ablation_arms_2026-09,1ab4ebbc-18d6-4838-89c2-cdc5b10accfb,gene_mean_pearson,0.9553134990620846,tissue_prior_mode=''.
leave_one_out,w/o_PB-Cond,1,1,0,ablation_arms_2026-09,1ab4ebbc-18d6-4838-89c2-cdc5b10accfb,training_style_hvg,0.9212925964182236,tissue_prior_mode=''.
leave_one_out,w/o_PB-Cond,1,1,0,ablation_arms_2026-09,1b350d0a-4535-4879-beb6-1142f3f94947,gene_mean_pearson,0.9755356902997268,tissue_prior_mode=''.
leave_one_out,w/o_PB-Cond,1,1,0,ablation_arms_2026-09,1b350d0a-4535-4879-beb6-1142f3f94947,training_style_hvg,0.9245405090332032,tissue_prior_mode=''.
leave_one_out,w/o_PB-Cond,1,1,0,ablation_arms_2026-09,203025fe-fa99-4d57-81da-458ed8f0c334,gene_mean_pearson,0.8856510002115123,tissue_prior_mode=''.
leave_one_out,w/o_PB-Cond,1,1,0,ablation_arms_2026-09,203025fe-fa99-4d57-81da-458ed8f0c334,training_style_hvg,0.8663397583007812,tissue_prior_mode=''.
leave_one_out,w/o_PB-Cond,1,1,0,ablation_arms_2026-09,21722308-5091-4b63-9c07-4f116ab9a7b3,gene_mean_pearson,0.9262522106291222,tissue_prior_mode=''.
leave_one_out,w/o_PB-Cond,1,1,0,ablation_arms_2026-09,21722308-5091-4b63-9c07-4f116ab9a7b3,training_style_hvg,0.91339033203125,tissue_prior_mode=''.
leave_one_out,w/o_PB-Cond,1,1,0,ablation_arms_2026-09,27d3952f-fbbc-497d-98d1-f37f3d555235,gene_mean_pearson,0.9310471670068337,tissue_prior_mode=''.
leave_one_out,w/o_PB-Cond,1,1,0,ablation_arms_2026-09,27d3952f-fbbc-497d-98d1-f37f3d555235,training_style_hvg,0.9150726786230836,tissue_prior_mode=''.
leave_one_out,w/o_PB-Cond,1,1,0,ablation_arms_2026-09,30c2a6fd-d547-460f-a5e7-44c62a2af7ad,gene_mean_pearson,0.9425038199854164,tissue_prior_mode=''.
leave_one_out,w/o_PB-Cond,1,1,0,ablation_arms_2026-09,30c2a6fd-d547-460f-a5e7-44c62a2af7ad,training_style_hvg,0.892120654296875,tissue_prior_mode=''.
leave_one_out,w/o_PB-Cond,1,1,0,ablation_arms_2026-09,322c816f-608a-4da1-99c4-36ca4ad45146,gene_mean_pearson,0.9026677400182284,tissue_prior_mode=''.
leave_one_out,w/o_PB-Cond,1,1,0,ablation_arms_2026-09,322c816f-608a-4da1-99c4-36ca4ad45146,training_style_hvg,0.9088213745117188,tissue_prior_mode=''.
leave_one_out,w/o_PB-Cond,1,1,0,ablation_arms_2026-09,3a702020-cf66-4ef5-9d11-4a5e835b7efb,gene_mean_pearson,0.7822751342487724,tissue_prior_mode=''.
leave_one_out,w/o_PB-Cond,1,1,0,ablation_arms_2026-09,3a702020-cf66-4ef5-9d11-4a5e835b7efb,training_style_hvg,0.8282565795898438,tissue_prior_mode=''.
leave_one_out,w/o_PB-Cond,1,1,0,ablation_arms_2026-09,3bfd5174-5b49-4e58-b233-ed0f4edd0bec,gene_mean_pearson,0.8514749711077053,tissue_prior_mode=''.
leave_one_out,w/o_PB-Cond,1,1,0,ablation_arms_2026-09,3bfd5174-5b49-4e58-b233-ed0f4edd0bec,training_style_hvg,0.7743518775201613,tissue_prior_mode=''.
leave_one_out,w/o_PB-Cond,1,1,0,ablation_arms_2026-09,3c364ffe-d599-44d5-a77f-6c5fd7038cf6,gene_mean_pearson,0.900954978961995,tissue_prior_mode=''.
leave_one_out,w/o_PB-Cond,1,1,0,ablation_arms_2026-09,3c364ffe-d599-44d5-a77f-6c5fd7038cf6,training_style_hvg,0.8986205871582031,tissue_prior_mode=''.
leave_one_out,w/o_PB-Cond,1,1,0,ablation_arms_2026-09,3cb646ab-d411-4e5b-89eb-082a786c953b,gene_mean_pearson,0.9770412592676132,tissue_prior_mode=''.
leave_one_out,w/o_PB-Cond,1,1,0,ablation_arms_2026-09,3cb646ab-d411-4e5b-89eb-082a786c953b,training_style_hvg,0.96080908203125,tissue_prior_mode=''.
leave_one_out,w/o_PB-Cond,1,1,0,ablation_arms_2026-09,3e55180c-780a-4424-9434-5296640ffc0d,gene_mean_pearson,0.9371337595117696,tissue_prior_mode=''.
leave_one_out,w/o_PB-Cond,1,1,0,ablation_arms_2026-09,3e55180c-780a-4424-9434-5296640ffc0d,training_style_hvg,0.944807213071014,tissue_prior_mode=''.
leave_one_out,w/o_PB-Cond,1,1,0,ablation_arms_2026-09,420d0f5d-b7ba-4b1e-88d0-44e9f733febd,gene_mean_pearson,0.9770477694240806,tissue_prior_mode=''.
leave_one_out,w/o_PB-Cond,1,1,0,ablation_arms_2026-09,420d0f5d-b7ba-4b1e-88d0-44e9f733febd,training_style_hvg,0.9621153747558594,tissue_prior_mode=''.
leave_one_out,w/o_PB-Cond,1,1,0,ablation_arms_2026-09,4319097a-acae-4124-beed-d1173ffe1464,gene_mean_pearson,0.8726124657096656,tissue_prior_mode=''.
leave_one_out,w/o_PB-Cond,1,1,0,ablation_arms_2026-09,4319097a-acae-4124-beed-d1173ffe1464,training_style_hvg,0.8884039030997984,tissue_prior_mode=''.
leave_one_out,w/o_PB-Cond,1,1,0,ablation_arms_2026-09,432f3af5-6a79-401f-b315-fb2df789f32c,gene_mean_pearson,0.8874909037432157,tissue_prior_mode=''.
leave_one_out,w/o_PB-Cond,1,1,0,ablation_arms_2026-09,432f3af5-6a79-401f-b315-fb2df789f32c,training_style_hvg,0.7479601499495968,tissue_prior_mode=''.
leave_one_out,w/o_PB-Cond,1,1,0,ablation_arms_2026-09,43a1506b-aa9e-46a3-b288-d210f4595ddf,gene_mean_pearson,0.9581042749369774,tissue_prior_mode=''.
leave_one_out,w/o_PB-Cond,1,1,0,ablation_arms_2026-09,43a1506b-aa9e-46a3-b288-d210f4595ddf,training_style_hvg,0.7661302001953125,tissue_prior_mode=''.
leave_one_out,w/o_PB-Cond,1,1,0,ablation_arms_2026-09,43aa19d2-c723-4822-979d-d2f0239835e0,gene_mean_pearson,0.922527710138324,tissue_prior_mode=''.
leave_one_out,w/o_PB-Cond,1,1,0,ablation_arms_2026-09,43aa19d2-c723-4822-979d-d2f0239835e0,training_style_hvg,0.8907702026367188,tissue_prior_mode=''.
leave_one_out,w/o_PB-Cond,1,1,0,ablation_arms_2026-09,46104f0b-9af5-466a-ae0f-56b8dc1969a2,gene_mean_pearson,0.9769522001545422,tissue_prior_mode=''.
leave_one_out,w/o_PB-Cond,1,1,0,ablation_arms_2026-09,46104f0b-9af5-466a-ae0f-56b8dc1969a2,training_style_hvg,0.9618228088378906,tissue_prior_mode=''.
leave_one_out,w/o_PB-Cond,1,1,0,ablation_arms_2026-09,47e00f43-6176-44a5-b4d1-f88a1920fcab,gene_mean_pearson,0.9772110274762712,tissue_prior_mode=''.
leave_one_out,w/o_PB-Cond,1,1,0,ablation_arms_2026-09,47e00f43-6176-44a5-b4d1-f88a1920fcab,training_style_hvg,0.9611295104980468,tissue_prior_mode=''.
leave_one_out,w/o_PB-Cond,1,1,0,ablation_arms_2026-09,4b83f213-b96b-4c87-a884-9b81faddb194,gene_mean_pearson,0.918371677593158,tissue_prior_mode=''.
leave_one_out,w/o_PB-Cond,1,1,0,ablation_arms_2026-09,4b83f213-b96b-4c87-a884-9b81faddb194,training_style_hvg,0.8628777160644531,tissue_prior_mode=''.
leave_one_out,w/o_PB-Cond,1,1,0,ablation_arms_2026-09,527641f0-df64-4c80-957c-a65dccd477bc,gene_mean_pearson,0.8740735663517715,tissue_prior_mode=''.
leave_one_out,w/o_PB-Cond,1,1,0,ablation_arms_2026-09,527641f0-df64-4c80-957c-a65dccd477bc,training_style_hvg,0.9050721396169354,tissue_prior_mode=''.
leave_one_out,w/o_PB-Cond,1,1,0,ablation_arms_2026-09,53ce2631-3646-4172-bbd9-38b0a44d8214,gene_mean_pearson,0.9259106907136788,tissue_prior_mode=''.
leave_one_out,w/o_PB-Cond,1,1,0,ablation_arms_2026-09,53ce2631-3646-4172-bbd9-38b0a44d8214,training_style_hvg,0.8861806030273438,tissue_prior_mode=''.
leave_one_out,w/o_PB-Cond,1,1,0,ablation_arms_2026-09,56a4bc14-9407-45fd-8786-f7f6fc87c9dd,gene_mean_pearson,0.9398882777636036,tissue_prior_mode=''.
leave_one_out,w/o_PB-Cond,1,1,0,ablation_arms_2026-09,56a4bc14-9407-45fd-8786-f7f6fc87c9dd,training_style_hvg,0.8789503051757812,tissue_prior_mode=''.
leave_one_out,w/o_PB-Cond,1,1,0,ablation_arms_2026-09,589fe605-6d49-4abe-bff8-1675511c689a,gene_mean_pearson,0.9758013247286396,tissue_prior_mode=''.
leave_one_out,w/o_PB-Cond,1,1,0,ablation_arms_2026-09,589fe605-6d49-4abe-bff8-1675511c689a,training_style_hvg,0.9249886901855467,tissue_prior_mode=''.
leave_one_out,w/o_PB-Cond,1,1,0,ablation_arms_2026-09,58f43044-cd3c-42b8-bc0b-3498eb236359,gene_mean_pearson,0.9384519985016077,tissue_prior_mode=''.
leave_one_out,w/o_PB-Cond,1,1,0,ablation_arms_2026-09,58f43044-cd3c-42b8-bc0b-3498eb236359,training_style_hvg,0.8371486511230469,tissue_prior_mode=''.
leave_one_out,w/o_PB-Cond,1,1,0,ablation_arms_2026-09,5a9cfb44-494a-4540-8db8-7143b1bb5a6f,gene_mean_pearson,0.9493334917556868,tissue_prior_mode=''.
leave_one_out,w/o_PB-Cond,1,1,0,ablation_arms_2026-09,5a9cfb44-494a-4540-8db8-7143b1bb5a6f,training_style_hvg,0.8718886962890625,tissue_prior_mode=''.
leave_one_out,w/o_PB-Cond,1,1,0,ablation_arms_2026-09,5c97eeeb-7e52-44b3-b010-b832b1f5424c,gene_mean_pearson,0.9218733185286658,tissue_prior_mode=''.
leave_one_out,w/o_PB-Cond,1,1,0,ablation_arms_2026-09,5c97eeeb-7e52-44b3-b010-b832b1f5424c,training_style_hvg,0.93482763671875,tissue_prior_mode=''.
leave_one_out,w/o_PB-Cond,1,1,0,ablation_arms_2026-09,5e57cd50-8e42-42d6-940d-5c1660d06864,gene_mean_pearson,0.9244490854716644,tissue_prior_mode=''.
leave_one_out,w/o_PB-Cond,1,1,0,ablation_arms_2026-09,5e57cd50-8e42-42d6-940d-5c1660d06864,training_style_hvg,0.9312539245605468,tissue_prior_mode=''.
leave_one_out,w/o_PB-Cond,1,1,0,ablation_arms_2026-09,5ed90bc0-12f3-4354-b314-0ce0dbb96458,gene_mean_pearson,0.9466661907225576,tissue_prior_mode=''.
leave_one_out,w/o_PB-Cond,1,1,0,ablation_arms_2026-09,5ed90bc0-12f3-4354-b314-0ce0dbb96458,training_style_hvg,0.9281492004394531,tissue_prior_mode=''.
leave_one_out,w/o_PB-Cond,1,1,0,ablation_arms_2026-09,5fde5c9c-5b1e-4df5-982a-3f8e7635161f,gene_mean_pearson,0.9759750789622298,tissue_prior_mode=''.
leave_one_out,w/o_PB-Cond,1,1,0,ablation_arms_2026-09,5fde5c9c-5b1e-4df5-982a-3f8e7635161f,training_style_hvg,0.9630929321289062,tissue_prior_mode=''.
leave_one_out,w/o_PB-Cond,1,1,0,ablation_arms_2026-09,60a29d0b-1a37-4447-ac32-00d701580b47,gene_mean_pearson,0.9682486900732244,tissue_prior_mode=''.
leave_one_out,w/o_PB-Cond,1,1,0,ablation_arms_2026-09,60a29d0b-1a37-4447-ac32-00d701580b47,training_style_hvg,0.9245911542911254,tissue_prior_mode=''.
leave_one_out,w/o_PB-Cond,1,1,0,ablation_arms_2026-09,61af564d-e5ea-4d34-a0f3-2668a00db376,gene_mean_pearson,0.8220031474874907,tissue_prior_mode=''.
leave_one_out,w/o_PB-Cond,1,1,0,ablation_arms_2026-09,61af564d-e5ea-4d34-a0f3-2668a00db376,training_style_hvg,0.8380025756835937,tissue_prior_mode=''.
leave_one_out,w/o_PB-Cond,1,1,0,ablation_arms_2026-09,61d327d1-2227-4c5f-9367-e3559dc79b07,gene_mean_pearson,0.5761121203747953,tissue_prior_mode=''.
leave_one_out,w/o_PB-Cond,1,1,0,ablation_arms_2026-09,61d327d1-2227-4c5f-9367-e3559dc79b07,training_style_hvg,0.4987600508646749,tissue_prior_mode=''.
leave_one_out,w/o_PB-Cond,1,1,0,ablation_arms_2026-09,64267fb5-7b70-4705-a13b-cc38966c22a8,gene_mean_pearson,0.9164128596354624,tissue_prior_mode=''.
leave_one_out,w/o_PB-Cond,1,1,0,ablation_arms_2026-09,64267fb5-7b70-4705-a13b-cc38966c22a8,training_style_hvg,0.9806491027832032,tissue_prior_mode=''.
leave_one_out,w/o_PB-Cond,1,1,0,ablation_arms_2026-09,67b6b9ac-b841-42ce-b2d4-ed2ec12327bd,gene_mean_pearson,0.8619181322843238,tissue_prior_mode=''.
leave_one_out,w/o_PB-Cond,1,1,0,ablation_arms_2026-09,67b6b9ac-b841-42ce-b2d4-ed2ec12327bd,training_style_hvg,0.8406434326171875,tissue_prior_mode=''.
leave_one_out,w/o_PB-Cond,1,1,0,ablation_arms_2026-09,6fc37633-13f5-4bf0-af95-52808143bffd,gene_mean_pearson,0.9372028825772548,tissue_prior_mode=''.
leave_one_out,w/o_PB-Cond,1,1,0,ablation_arms_2026-09,6fc37633-13f5-4bf0-af95-52808143bffd,training_style_hvg,0.9664454121825844,tissue_prior_mode=''.
leave_one_out,w/o_PB-Cond,1,1,0,ablation_arms_2026-09,75011e96-ba37-4977-a539-fbf9f66a5e37,gene_mean_pearson,0.9617703743728788,tissue_prior_mode=''.
leave_one_out,w/o_PB-Cond,1,1,0,ablation_arms_2026-09,75011e96-ba37-4977-a539-fbf9f66a5e37,training_style_hvg,0.9042794815052584,tissue_prior_mode=''.
leave_one_out,w/o_PB-Cond,1,1,0,ablation_arms_2026-09,781cc817-3fd0-487c-a55a-b47b2786a05d,gene_mean_pearson,0.9627368850747332,tissue_prior_mode=''.
leave_one_out,w/o_PB-Cond,1,1,0,ablation_arms_2026-09,781cc817-3fd0-487c-a55a-b47b2786a05d,training_style_hvg,0.8566945801035061,tissue_prior_mode=''.
leave_one_out,w/o_PB-Cond,1,1,0,ablation_arms_2026-09,79884ae5-e026-4d4a-858f-e807960bd4f7,gene_mean_pearson,0.9266217034034312,tissue_prior_mode=''.
leave_one_out,w/o_PB-Cond,1,1,0,ablation_arms_2026-09,79884ae5-e026-4d4a-858f-e807960bd4f7,training_style_hvg,0.8744118004060735,tissue_prior_mode=''.
leave_one_out,w/o_PB-Cond,1,1,0,ablation_arms_2026-09,8058d760-09e6-4bdd-86a1-36917ffca3ef,gene_mean_pearson,0.7435820300828326,tissue_prior_mode=''.
leave_one_out,w/o_PB-Cond,1,1,0,ablation_arms_2026-09,8058d760-09e6-4bdd-86a1-36917ffca3ef,training_style_hvg,0.901395086669922,tissue_prior_mode=''.
leave_one_out,w/o_PB-Cond,1,1,0,ablation_arms_2026-09,829a3cd1-a466-49f1-b2e9-d3f6b7f392e2,gene_mean_pearson,0.9690949186538712,tissue_prior_mode=''.
leave_one_out,w/o_PB-Cond,1,1,0,ablation_arms_2026-09,829a3cd1-a466-49f1-b2e9-d3f6b7f392e2,training_style_hvg,0.933709539794922,tissue_prior_mode=''.
leave_one_out,w/o_PB-Cond,1,1,0,ablation_arms_2026-09,84cfa5aa-a0d1-415e-ac47-eb66c9cf8170,gene_mean_pearson,0.973302867649575,tissue_prior_mode=''.
leave_one_out,w/o_PB-Cond,1,1,0,ablation_arms_2026-09,84cfa5aa-a0d1-415e-ac47-eb66c9cf8170,training_style_hvg,0.9215230285644532,tissue_prior_mode=''.
leave_one_out,w/o_PB-Cond,1,1,0,ablation_arms_2026-09,8560f809-5794-484e-9152-b63efa91d134,gene_mean_pearson,0.9555552146287064,tissue_prior_mode=''.
leave_one_out,w/o_PB-Cond,1,1,0,ablation_arms_2026-09,8560f809-5794-484e-9152-b63efa91d134,training_style_hvg,0.8982937255859375,tissue_prior_mode=''.
leave_one_out,w/o_PB-Cond,1,1,0,ablation_arms_2026-09,867757c1-3b1a-49d9-a0cd-17767eb160cc,gene_mean_pearson,0.7963709602540907,tissue_prior_mode=''.
leave_one_out,w/o_PB-Cond,1,1,0,ablation_arms_2026-09,867757c1-3b1a-49d9-a0cd-17767eb160cc,training_style_hvg,0.8356585266113281,tissue_prior_mode=''.
leave_one_out,w/o_PB-Cond,1,1,0,ablation_arms_2026-09,881e0e6b-a185-45f1-9b56-81606e91e7ff,gene_mean_pearson,0.9774646309238104,tissue_prior_mode=''.
leave_one_out,w/o_PB-Cond,1,1,0,ablation_arms_2026-09,881e0e6b-a185-45f1-9b56-81606e91e7ff,training_style_hvg,0.938433563232422,tissue_prior_mode=''.
leave_one_out,w/o_PB-Cond,1,1,0,ablation_arms_2026-09,8ef06ea4-8d0f-4303-a652-7d4604402b1f,gene_mean_pearson,0.949844195902595,tissue_prior_mode=''.
leave_one_out,w/o_PB-Cond,1,1,0,ablation_arms_2026-09,8ef06ea4-8d0f-4303-a652-7d4604402b1f,training_style_hvg,0.8846225036621094,tissue_prior_mode=''.
leave_one_out,w/o_PB-Cond,1,1,0,ablation_arms_2026-09,8f3e7fcf-0b16-4a29-a5f1-a7a8b267d689,gene_mean_pearson,0.9772549239608788,tissue_prior_mode=''.
leave_one_out,w/o_PB-Cond,1,1,0,ablation_arms_2026-09,8f3e7fcf-0b16-4a29-a5f1-a7a8b267d689,training_style_hvg,0.9541866333007812,tissue_prior_mode=''.
leave_one_out,w/o_PB-Cond,1,1,0,ablation_arms_2026-09,8ff0cef9-393e-43de-9722-a1e12c239727,gene_mean_pearson,0.9106172619848591,tissue_prior_mode=''.
leave_one_out,w/o_PB-Cond,1,1,0,ablation_arms_2026-09,8ff0cef9-393e-43de-9722-a1e12c239727,training_style_hvg,0.8047207976310484,tissue_prior_mode=''.
leave_one_out,w/o_PB-Cond,1,1,0,ablation_arms_2026-09,95d3b0fb-b8a7-4bec-a2e8-cded3222ff07,gene_mean_pearson,0.9360384141706948,tissue_prior_mode=''.
leave_one_out,w/o_PB-Cond,1,1,0,ablation_arms_2026-09,95d3b0fb-b8a7-4bec-a2e8-cded3222ff07,training_style_hvg,0.9172040109370624,tissue_prior_mode=''.
leave_one_out,w/o_PB-Cond,1,1,0,ablation_arms_2026-09,963a08cb-d995-4862-9614-f9d38a7d7540,gene_mean_pearson,0.8245845520204582,tissue_prior_mode=''.
leave_one_out,w/o_PB-Cond,1,1,0,ablation_arms_2026-09,963a08cb-d995-4862-9614-f9d38a7d7540,training_style_hvg,0.8946036499023438,tissue_prior_mode=''.
leave_one_out,w/o_PB-Cond,1,1,0,ablation_arms_2026-09,978a566a-dc27-478d-b306-26daba116c1f,gene_mean_pearson,0.7734569063882841,tissue_prior_mode=''.
leave_one_out,w/o_PB-Cond,1,1,0,ablation_arms_2026-09,978a566a-dc27-478d-b306-26daba116c1f,training_style_hvg,0.9112167602539064,tissue_prior_mode=''.
leave_one_out,w/o_PB-Cond,1,1,0,ablation_arms_2026-09,98219f72-0f9a-4de9-a859-c81834f24ab1,gene_mean_pearson,0.6287592454461701,tissue_prior_mode=''.
leave_one_out,w/o_PB-Cond,1,1,0,ablation_arms_2026-09,98219f72-0f9a-4de9-a859-c81834f24ab1,training_style_hvg,0.4425644226074218,tissue_prior_mode=''.
leave_one_out,w/o_PB-Cond,1,1,0,ablation_arms_2026-09,9f1a899f-05a0-44c5-8aa9-39df61ae4324,gene_mean_pearson,0.880597520866379,tissue_prior_mode=''.
leave_one_out,w/o_PB-Cond,1,1,0,ablation_arms_2026-09,9f1a899f-05a0-44c5-8aa9-39df61ae4324,training_style_hvg,0.9130762634277344,tissue_prior_mode=''.
leave_one_out,w/o_PB-Cond,1,1,0,ablation_arms_2026-09,a24ce10f-5a87-4e1f-a34a-f4fe5fc84052,gene_mean_pearson,0.934896004633149,tissue_prior_mode=''.
leave_one_out,w/o_PB-Cond,1,1,0,ablation_arms_2026-09,a24ce10f-5a87-4e1f-a34a-f4fe5fc84052,training_style_hvg,0.919423972406204,tissue_prior_mode=''.
leave_one_out,w/o_PB-Cond,1,1,0,ablation_arms_2026-09,a2c833f7-b7f1-4f4d-ad31-cae478b601b7,gene_mean_pearson,0.9437878237973284,tissue_prior_mode=''.
leave_one_out,w/o_PB-Cond,1,1,0,ablation_arms_2026-09,a2c833f7-b7f1-4f4d-ad31-cae478b601b7,training_style_hvg,0.9341935546875,tissue_prior_mode=''.
leave_one_out,w/o_PB-Cond,1,1,0,ablation_arms_2026-09,aa32098f-f7b0-43f2-a00a-601d190aae94,gene_mean_pearson,0.976448156522718,tissue_prior_mode=''.
leave_one_out,w/o_PB-Cond,1,1,0,ablation_arms_2026-09,aa32098f-f7b0-43f2-a00a-601d190aae94,training_style_hvg,0.9620548278808594,tissue_prior_mode=''.
leave_one_out,w/o_PB-Cond,1,1,0,ablation_arms_2026-09,aa369999-a034-4ad9-b459-8a93c86ea77b,gene_mean_pearson,0.925302990951666,tissue_prior_mode=''.
leave_one_out,w/o_PB-Cond,1,1,0,ablation_arms_2026-09,aa369999-a034-4ad9-b459-8a93c86ea77b,training_style_hvg,0.8975092895507812,tissue_prior_mode=''.
leave_one_out,w/o_PB-Cond,1,1,0,ablation_arms_2026-09,acd544d0-4d8b-46c7-98b3-fc48f7e6fdb7,gene_mean_pearson,0.7750663259402535,tissue_prior_mode=''.
leave_one_out,w/o_PB-Cond,1,1,0,ablation_arms_2026-09,acd544d0-4d8b-46c7-98b3-fc48f7e6fdb7,training_style_hvg,0.681972730018287,tissue_prior_mode=''.
leave_one_out,w/o_PB-Cond,1,1,0,ablation_arms_2026-09,aecc2743-4ff2-4b55-ac8c-a1ff76fc4bb4,gene_mean_pearson,0.954856553880977,tissue_prior_mode=''.
leave_one_out,w/o_PB-Cond,1,1,0,ablation_arms_2026-09,aecc2743-4ff2-4b55-ac8c-a1ff76fc4bb4,training_style_hvg,0.947592254638672,tissue_prior_mode=''.
leave_one_out,w/o_PB-Cond,1,1,0,ablation_arms_2026-09,afae4675-434d-4e89-b5ce-2854c9dc38a3,gene_mean_pearson,0.7954662028773924,tissue_prior_mode=''.
leave_one_out,w/o_PB-Cond,1,1,0,ablation_arms_2026-09,afae4675-434d-4e89-b5ce-2854c9dc38a3,training_style_hvg,0.7356524475097657,tissue_prior_mode=''.
leave_one_out,w/o_PB-Cond,1,1,0,ablation_arms_2026-09,b617ee1b-f8c8-4de9-b82b-e803ab93550d,gene_mean_pearson,0.9466960957335362,tissue_prior_mode=''.
leave_one_out,w/o_PB-Cond,1,1,0,ablation_arms_2026-09,b617ee1b-f8c8-4de9-b82b-e803ab93550d,training_style_hvg,0.8919565979003906,tissue_prior_mode=''.
leave_one_out,w/o_PB-Cond,1,1,0,ablation_arms_2026-09,c838aec3-03ef-4398-b882-0e3912abfff0,gene_mean_pearson,0.9746092243152016,tissue_prior_mode=''.
leave_one_out,w/o_PB-Cond,1,1,0,ablation_arms_2026-09,c838aec3-03ef-4398-b882-0e3912abfff0,training_style_hvg,0.9460922973632812,tissue_prior_mode=''.
leave_one_out,w/o_PB-Cond,1,1,0,ablation_arms_2026-09,cee9b331-3ba0-4461-8bbd-867819d9fc0a,gene_mean_pearson,0.8826560777493956,tissue_prior_mode=''.
leave_one_out,w/o_PB-Cond,1,1,0,ablation_arms_2026-09,cee9b331-3ba0-4461-8bbd-867819d9fc0a,training_style_hvg,0.900196541078629,tissue_prior_mode=''.
leave_one_out,w/o_PB-Cond,1,1,0,ablation_arms_2026-09,d567b692-c374-4628-a508-8008f6778f22,gene_mean_pearson,0.8963719261490994,tissue_prior_mode=''.
leave_one_out,w/o_PB-Cond,1,1,0,ablation_arms_2026-09,d567b692-c374-4628-a508-8008f6778f22,training_style_hvg,0.8936019348144532,tissue_prior_mode=''.
leave_one_out,w/o_PB-Cond,1,1,0,ablation_arms_2026-09,d68a8b48-abf0-4bd5-8834-155d34ec448a,gene_mean_pearson,0.8571500747401002,tissue_prior_mode=''.
leave_one_out,w/o_PB-Cond,1,1,0,ablation_arms_2026-09,d68a8b48-abf0-4bd5-8834-155d34ec448a,training_style_hvg,0.8752764892578125,tissue_prior_mode=''.
leave_one_out,w/o_PB-Cond,1,1,0,ablation_arms_2026-09,d7cff847-6403-44a6-ad8a-2f5a783639dd,gene_mean_pearson,0.9245112919912272,tissue_prior_mode=''.
leave_one_out,w/o_PB-Cond,1,1,0,ablation_arms_2026-09,d7cff847-6403-44a6-ad8a-2f5a783639dd,training_style_hvg,0.937591339111328,tissue_prior_mode=''.
leave_one_out,w/o_PB-Cond,1,1,0,ablation_arms_2026-09,de5416ef-bbfa-41f3-99d4-01a3554173f5,gene_mean_pearson,0.9608404542454664,tissue_prior_mode=''.
leave_one_out,w/o_PB-Cond,1,1,0,ablation_arms_2026-09,de5416ef-bbfa-41f3-99d4-01a3554173f5,training_style_hvg,0.8702526611328125,tissue_prior_mode=''.
leave_one_out,w/o_PB-Cond,1,1,0,ablation_arms_2026-09,e3ed2ba4-edf5-40ac-8750-8a417ad1eefe,gene_mean_pearson,0.9100294556607088,tissue_prior_mode=''.
leave_one_out,w/o_PB-Cond,1,1,0,ablation_arms_2026-09,e3ed2ba4-edf5-40ac-8750-8a417ad1eefe,training_style_hvg,0.8544557250976562,tissue_prior_mode=''.
leave_one_out,w/o_PB-Cond,1,1,0,ablation_arms_2026-09,e51bae9a-c747-4b64-904a-4da7cda218ab,gene_mean_pearson,0.9167229912834656,tissue_prior_mode=''.
leave_one_out,w/o_PB-Cond,1,1,0,ablation_arms_2026-09,e51bae9a-c747-4b64-904a-4da7cda218ab,training_style_hvg,0.5488882690429687,tissue_prior_mode=''.
leave_one_out,w/o_PB-Cond,1,1,0,ablation_arms_2026-09,e522d2cd-7927-4e59-a4ed-064009569279,gene_mean_pearson,0.9762076071203164,tissue_prior_mode=''.
leave_one_out,w/o_PB-Cond,1,1,0,ablation_arms_2026-09,e522d2cd-7927-4e59-a4ed-064009569279,training_style_hvg,0.9597072265625,tissue_prior_mode=''.
leave_one_out,w/o_PB-Cond,1,1,0,ablation_arms_2026-09,e7bd68ab-df49-44df-9b1e-8486114aeeb5,gene_mean_pearson,0.9419613172591116,tissue_prior_mode=''.
leave_one_out,w/o_PB-Cond,1,1,0,ablation_arms_2026-09,e7bd68ab-df49-44df-9b1e-8486114aeeb5,training_style_hvg,0.88777197265625,tissue_prior_mode=''.
leave_one_out,w/o_PB-Cond,1,1,0,ablation_arms_2026-09,edbfa04a-f1dd-496a-8237-df11d70621ca,gene_mean_pearson,0.946685156687852,tissue_prior_mode=''.
leave_one_out,w/o_PB-Cond,1,1,0,ablation_arms_2026-09,edbfa04a-f1dd-496a-8237-df11d70621ca,training_style_hvg,0.9405686401367188,tissue_prior_mode=''.
leave_one_out,w/o_PB-Cond,1,1,0,ablation_arms_2026-09,f14bc322-1322-4184-8d16-409557525ea5,gene_mean_pearson,0.975411863147802,tissue_prior_mode=''.
leave_one_out,w/o_PB-Cond,1,1,0,ablation_arms_2026-09,f14bc322-1322-4184-8d16-409557525ea5,training_style_hvg,0.8995329162597656,tissue_prior_mode=''.
leave_one_out,w/o_PB-Cond,1,1,0,ablation_arms_2026-09,f3c49918-4707-4d92-bb6d-2b5b4eb9d1b4,gene_mean_pearson,0.9319104526513392,tissue_prior_mode=''.
leave_one_out,w/o_PB-Cond,1,1,0,ablation_arms_2026-09,f3c49918-4707-4d92-bb6d-2b5b4eb9d1b4,training_style_hvg,0.8919305298068727,tissue_prior_mode=''.
leave_one_out,w/o_PB-Cond,1,1,0,ablation_arms_2026-09,f641d68a-e877-4bb8-afd7-b8fa3921d461,gene_mean_pearson,0.755172089994925,tissue_prior_mode=''.
leave_one_out,w/o_PB-Cond,1,1,0,ablation_arms_2026-09,f641d68a-e877-4bb8-afd7-b8fa3921d461,training_style_hvg,0.7551346801757812,tissue_prior_mode=''.
leave_one_out,w/o_PB-Cond,1,1,0,ablation_arms_2026-09,f6cc8a47-2dea-40aa-8608-d771c5ef8a07,gene_mean_pearson,0.9124854047028454,tissue_prior_mode=''.
leave_one_out,w/o_PB-Cond,1,1,0,ablation_arms_2026-09,f6cc8a47-2dea-40aa-8608-d771c5ef8a07,training_style_hvg,0.8066251890120968,tissue_prior_mode=''.
leave_one_out,w/o_PB-Cond,1,1,0,ablation_arms_2026-09,fe7aae33-6f7c-41a5-8d29-9996a9ddf1ab,gene_mean_pearson,0.898217892364314,tissue_prior_mode=''.
leave_one_out,w/o_PB-Cond,1,1,0,ablation_arms_2026-09,fe7aae33-6f7c-41a5-8d29-9996a9ddf1ab,training_style_hvg,0.9496357604980468,tissue_prior_mode=''.
leave_one_out,w/o_PB-Cond,1,1,0,ablation_arms_2026-09,01b84709-139c-4485-98a9-6e14c58fbbf6,pcr,0.2097771344445794,tissue_prior_mode=''.
leave_one_out,w/o_PB-Cond,1,1,0,ablation_arms_2026-09,07dd8c34-4625-480a-8ee4-273a06c3082b,pcr,0.5536357734501619,tissue_prior_mode=''.
leave_one_out,w/o_PB-Cond,1,1,0,ablation_arms_2026-09,09b518f9-da64-44cc-aec8-70a89d55611f,pcr,0.4128090135541512,tissue_prior_mode=''.
leave_one_out,w/o_PB-Cond,1,1,0,ablation_arms_2026-09,0a8e3443-c3e2-4918-84db-0495657d9175,pcr,0.2530999181777929,tissue_prior_mode=''.
leave_one_out,w/o_PB-Cond,1,1,0,ablation_arms_2026-09,0bf30b02-db97-4560-b9cd-0fe3588892af,pcr,0.4471948847888444,tissue_prior_mode=''.
leave_one_out,w/o_PB-Cond,1,1,0,ablation_arms_2026-09,0c0c49a2-b96b-432f-98a4-1decf9929149,pcr,0.3171998863668965,tissue_prior_mode=''.
leave_one_out,w/o_PB-Cond,1,1,0,ablation_arms_2026-09,16023185-de21-4c0d-a9c8-73abdd52d142,pcr,0.3002308400129839,tissue_prior_mode=''.
leave_one_out,w/o_PB-Cond,1,1,0,ablation_arms_2026-09,19053a82-9c89-4fb8-bd19-d7b1800b0b7b,pcr,0.4071044704700569,tissue_prior_mode=''.
leave_one_out,w/o_PB-Cond,1,1,0,ablation_arms_2026-09,19f1bec6-eeb7-4133-accc-992d745fef89,pcr,0.5035687793119259,tissue_prior_mode=''.
leave_one_out,w/o_PB-Cond,1,1,0,ablation_arms_2026-09,1a9f3b38-b86d-416d-bbdc-9058ad3ff42d,pcr,0.4917643087157626,tissue_prior_mode=''.
leave_one_out,w/o_PB-Cond,1,1,0,ablation_arms_2026-09,1ab4ebbc-18d6-4838-89c2-cdc5b10accfb,pcr,0.4875321531075669,tissue_prior_mode=''.
leave_one_out,w/o_PB-Cond,1,1,0,ablation_arms_2026-09,1b350d0a-4535-4879-beb6-1142f3f94947,pcr,0.3777617514861792,tissue_prior_mode=''.
leave_one_out,w/o_PB-Cond,1,1,0,ablation_arms_2026-09,203025fe-fa99-4d57-81da-458ed8f0c334,pcr,0.4171243651295881,tissue_prior_mode=''.
leave_one_out,w/o_PB-Cond,1,1,0,ablation_arms_2026-09,30c2a6fd-d547-460f-a5e7-44c62a2af7ad,pcr,0.5252306480953622,tissue_prior_mode=''.
leave_one_out,w/o_PB-Cond,1,1,0,ablation_arms_2026-09,322c816f-608a-4da1-99c4-36ca4ad45146,pcr,0.4097289980752996,tissue_prior_mode=''.
leave_one_out,w/o_PB-Cond,1,1,0,ablation_arms_2026-09,3a702020-cf66-4ef5-9d11-4a5e835b7efb,pcr,0.4518918847866635,tissue_prior_mode=''.
leave_one_out,w/o_PB-Cond,1,1,0,ablation_arms_2026-09,3c364ffe-d599-44d5-a77f-6c5fd7038cf6,pcr,0.3748920030189864,tissue_prior_mode=''.
leave_one_out,w/o_PB-Cond,1,1,0,ablation_arms_2026-09,3cb646ab-d411-4e5b-89eb-082a786c953b,pcr,0.2802149720947932,tissue_prior_mode=''.
leave_one_out,w/o_PB-Cond,1,1,0,ablation_arms_2026-09,3e55180c-780a-4424-9434-5296640ffc0d,pcr,0.3310097503085744,tissue_prior_mode=''.
leave_one_out,w/o_PB-Cond,1,1,0,ablation_arms_2026-09,420d0f5d-b7ba-4b1e-88d0-44e9f733febd,pcr,0.3481182804534621,tissue_prior_mode=''.
leave_one_out,w/o_PB-Cond,1,1,0,ablation_arms_2026-09,43a1506b-aa9e-46a3-b288-d210f4595ddf,pcr,0.3124117253499706,tissue_prior_mode=''.
leave_one_out,w/o_PB-Cond,1,1,0,ablation_arms_2026-09,43aa19d2-c723-4822-979d-d2f0239835e0,pcr,0.5183553511307154,tissue_prior_mode=''.
leave_one_out,w/o_PB-Cond,1,1,0,ablation_arms_2026-09,46104f0b-9af5-466a-ae0f-56b8dc1969a2,pcr,0.3073745612121651,tissue_prior_mode=''.
leave_one_out,w/o_PB-Cond,1,1,0,ablation_arms_2026-09,47e00f43-6176-44a5-b4d1-f88a1920fcab,pcr,0.2854421464506922,tissue_prior_mode=''.
leave_one_out,w/o_PB-Cond,1,1,0,ablation_arms_2026-09,53ce2631-3646-4172-bbd9-38b0a44d8214,pcr,0.3550829727461904,tissue_prior_mode=''.
leave_one_out,w/o_PB-Cond,1,1,0,ablation_arms_2026-09,56a4bc14-9407-45fd-8786-f7f6fc87c9dd,pcr,0.4774213895795903,tissue_prior_mode=''.
leave_one_out,w/o_PB-Cond,1,1,0,ablation_arms_2026-09,589fe605-6d49-4abe-bff8-1675511c689a,pcr,0.2079284011436629,tissue_prior_mode=''.
leave_one_out,w/o_PB-Cond,1,1,0,ablation_arms_2026-09,58f43044-cd3c-42b8-bc0b-3498eb236359,pcr,0.3104564332396479,tissue_prior_mode=''.
leave_one_out,w/o_PB-Cond,1,1,0,ablation_arms_2026-09,5a9cfb44-494a-4540-8db8-7143b1bb5a6f,pcr,0.5215911175376736,tissue_prior_mode=''.
leave_one_out,w/o_PB-Cond,1,1,0,ablation_arms_2026-09,5c97eeeb-7e52-44b3-b010-b832b1f5424c,pcr,0.215435572287988,tissue_prior_mode=''.
leave_one_out,w/o_PB-Cond,1,1,0,ablation_arms_2026-09,5e57cd50-8e42-42d6-940d-5c1660d06864,pcr,0.1981704756994006,tissue_prior_mode=''.
leave_one_out,w/o_PB-Cond,1,1,0,ablation_arms_2026-09,5ed90bc0-12f3-4354-b314-0ce0dbb96458,pcr,0.2649349844956893,tissue_prior_mode=''.
leave_one_out,w/o_PB-Cond,1,1,0,ablation_arms_2026-09,5fde5c9c-5b1e-4df5-982a-3f8e7635161f,pcr,0.3544186900326515,tissue_prior_mode=''.
leave_one_out,w/o_PB-Cond,1,1,0,ablation_arms_2026-09,60a29d0b-1a37-4447-ac32-00d701580b47,pcr,0.2491412375913866,tissue_prior_mode=''.
leave_one_out,w/o_PB-Cond,1,1,0,ablation_arms_2026-09,61af564d-e5ea-4d34-a0f3-2668a00db376,pcr,0.4581144923408473,tissue_prior_mode=''.
leave_one_out,w/o_PB-Cond,1,1,0,ablation_arms_2026-09,61d327d1-2227-4c5f-9367-e3559dc79b07,pcr,0.3764191740212031,tissue_prior_mode=''.
leave_one_out,w/o_PB-Cond,1,1,0,ablation_arms_2026-09,64267fb5-7b70-4705-a13b-cc38966c22a8,pcr,0.5365243154833101,tissue_prior_mode=''.
leave_one_out,w/o_PB-Cond,1,1,0,ablation_arms_2026-09,67b6b9ac-b841-42ce-b2d4-ed2ec12327bd,pcr,0.3572244873774363,tissue_prior_mode=''.
leave_one_out,w/o_PB-Cond,1,1,0,ablation_arms_2026-09,75011e96-ba37-4977-a539-fbf9f66a5e37,pcr,0.4373013140357317,tissue_prior_mode=''.
leave_one_out,w/o_PB-Cond,1,1,0,ablation_arms_2026-09,781cc817-3fd0-487c-a55a-b47b2786a05d,pcr,0.2026761942250924,tissue_prior_mode=''.
leave_one_out,w/o_PB-Cond,1,1,0,ablation_arms_2026-09,8058d760-09e6-4bdd-86a1-36917ffca3ef,pcr,0.4660669584340156,tissue_prior_mode=''.
leave_one_out,w/o_PB-Cond,1,1,0,ablation_arms_2026-09,829a3cd1-a466-49f1-b2e9-d3f6b7f392e2,pcr,0.2934059738941889,tissue_prior_mode=''.
leave_one_out,w/o_PB-Cond,1,1,0,ablation_arms_2026-09,84cfa5aa-a0d1-415e-ac47-eb66c9cf8170,pcr,0.3365497730692378,tissue_prior_mode=''.
leave_one_out,w/o_PB-Cond,1,1,0,ablation_arms_2026-09,8560f809-5794-484e-9152-b63efa91d134,pcr,0.372749228176607,tissue_prior_mode=''.
leave_one_out,w/o_PB-Cond,1,1,0,ablation_arms_2026-09,867757c1-3b1a-49d9-a0cd-17767eb160cc,pcr,0.4109986792278272,tissue_prior_mode=''.
leave_one_out,w/o_PB-Cond,1,1,0,ablation_arms_2026-09,881e0e6b-a185-45f1-9b56-81606e91e7ff,pcr,0.2226540072288852,tissue_prior_mode=''.
leave_one_out,w/o_PB-Cond,1,1,0,ablation_arms_2026-09,8ef06ea4-8d0f-4303-a652-7d4604402b1f,pcr,0.3775729659632406,tissue_prior_mode=''.
leave_one_out,w/o_PB-Cond,1,1,0,ablation_arms_2026-09,8f3e7fcf-0b16-4a29-a5f1-a7a8b267d689,pcr,0.4097591345541986,tissue_prior_mode=''.
leave_one_out,w/o_PB-Cond,1,1,0,ablation_arms_2026-09,95d3b0fb-b8a7-4bec-a2e8-cded3222ff07,pcr,0.3680442580207168,tissue_prior_mode=''.
leave_one_out,w/o_PB-Cond,1,1,0,ablation_arms_2026-09,963a08cb-d995-4862-9614-f9d38a7d7540,pcr,0.4105819496111193,tissue_prior_mode=''.
leave_one_out,w/o_PB-Cond,1,1,0,ablation_arms_2026-09,978a566a-dc27-478d-b306-26daba116c1f,pcr,0.4059294524616136,tissue_prior_mode=''.
leave_one_out,w/o_PB-Cond,1,1,0,ablation_arms_2026-09,98219f72-0f9a-4de9-a859-c81834f24ab1,pcr,0.8025971969999196,tissue_prior_mode=''.
leave_one_out,w/o_PB-Cond,1,1,0,ablation_arms_2026-09,9f1a899f-05a0-44c5-8aa9-39df61ae4324,pcr,0.3628195236552375,tissue_prior_mode=''.
leave_one_out,w/o_PB-Cond,1,1,0,ablation_arms_2026-09,a24ce10f-5a87-4e1f-a34a-f4fe5fc84052,pcr,0.3578188946054524,tissue_prior_mode=''.
leave_one_out,w/o_PB-Cond,1,1,0,ablation_arms_2026-09,a2c833f7-b7f1-4f4d-ad31-cae478b601b7,pcr,0.4402743731688844,tissue_prior_mode=''.
leave_one_out,w/o_PB-Cond,1,1,0,ablation_arms_2026-09,aa32098f-f7b0-43f2-a00a-601d190aae94,pcr,0.2454161762117698,tissue_prior_mode=''.
leave_one_out,w/o_PB-Cond,1,1,0,ablation_arms_2026-09,aa369999-a034-4ad9-b459-8a93c86ea77b,pcr,0.4524235668427013,tissue_prior_mode=''.
leave_one_out,w/o_PB-Cond,1,1,0,ablation_arms_2026-09,acd544d0-4d8b-46c7-98b3-fc48f7e6fdb7,pcr,0.4700579745051118,tissue_prior_mode=''.
leave_one_out,w/o_PB-Cond,1,1,0,ablation_arms_2026-09,aecc2743-4ff2-4b55-ac8c-a1ff76fc4bb4,pcr,0.4120982499242537,tissue_prior_mode=''.
leave_one_out,w/o_PB-Cond,1,1,0,ablation_arms_2026-09,afae4675-434d-4e89-b5ce-2854c9dc38a3,pcr,0.4440264736182463,tissue_prior_mode=''.
leave_one_out,w/o_PB-Cond,1,1,0,ablation_arms_2026-09,b617ee1b-f8c8-4de9-b82b-e803ab93550d,pcr,0.4446791255332387,tissue_prior_mode=''.
leave_one_out,w/o_PB-Cond,1,1,0,ablation_arms_2026-09,c838aec3-03ef-4398-b882-0e3912abfff0,pcr,0.2201171988291414,tissue_prior_mode=''.
leave_one_out,w/o_PB-Cond,1,1,0,ablation_arms_2026-09,d567b692-c374-4628-a508-8008f6778f22,pcr,0.413177546648838,tissue_prior_mode=''.
leave_one_out,w/o_PB-Cond,1,1,0,ablation_arms_2026-09,d68a8b48-abf0-4bd5-8834-155d34ec448a,pcr,0.3575263051845234,tissue_prior_mode=''.
leave_one_out,w/o_PB-Cond,1,1,0,ablation_arms_2026-09,d7cff847-6403-44a6-ad8a-2f5a783639dd,pcr,0.2764969169113631,tissue_prior_mode=''.
leave_one_out,w/o_PB-Cond,1,1,0,ablation_arms_2026-09,de5416ef-bbfa-41f3-99d4-01a3554173f5,pcr,0.5389992422186115,tissue_prior_mode=''.
leave_one_out,w/o_PB-Cond,1,1,0,ablation_arms_2026-09,e3ed2ba4-edf5-40ac-8750-8a417ad1eefe,pcr,0.4144505548758251,tissue_prior_mode=''.
leave_one_out,w/o_PB-Cond,1,1,0,ablation_arms_2026-09,e51bae9a-c747-4b64-904a-4da7cda218ab,pcr,0.2049202024080461,tissue_prior_mode=''.
leave_one_out,w/o_PB-Cond,1,1,0,ablation_arms_2026-09,e522d2cd-7927-4e59-a4ed-064009569279,pcr,0.4225088896611454,tissue_prior_mode=''.
leave_one_out,w/o_PB-Cond,1,1,0,ablation_arms_2026-09,e7bd68ab-df49-44df-9b1e-8486114aeeb5,pcr,0.4019722172504876,tissue_prior_mode=''.
leave_one_out,w/o_PB-Cond,1,1,0,ablation_arms_2026-09,edbfa04a-f1dd-496a-8237-df11d70621ca,pcr,0.3286818655266466,tissue_prior_mode=''.
leave_one_out,w/o_PB-Cond,1,1,0,ablation_arms_2026-09,f14bc322-1322-4184-8d16-409557525ea5,pcr,0.34590537655167,tissue_prior_mode=''.
leave_one_out,w/o_PB-Cond,1,1,0,ablation_arms_2026-09,f3c49918-4707-4d92-bb6d-2b5b4eb9d1b4,pcr,0.3262903758676316,tissue_prior_mode=''.
leave_one_out,w/o_PB-Cond,1,1,0,ablation_arms_2026-09,f641d68a-e877-4bb8-afd7-b8fa3921d461,pcr,0.3170060887185743,tissue_prior_mode=''.
leave_one_out,w/o_PB-Cond,1,1,0,ablation_arms_2026-09,fe7aae33-6f7c-41a5-8d29-9996a9ddf1ab,pcr,0.3949489054082106,tissue_prior_mode=''.
leave_one_out,w/o_PB-Cond,1,1,0,ablation_arms_2026-09,01b84709-139c-4485-98a9-6e14c58fbbf6,mse,2.2416775226593018,tissue_prior_mode=''.
leave_one_out,w/o_PB-Cond,1,1,0,ablation_arms_2026-09,07dd8c34-4625-480a-8ee4-273a06c3082b,mse,1.4710994958877563,tissue_prior_mode=''.
leave_one_out,w/o_PB-Cond,1,1,0,ablation_arms_2026-09,09b518f9-da64-44cc-aec8-70a89d55611f,mse,2.9255337715148926,tissue_prior_mode=''.
leave_one_out,w/o_PB-Cond,1,1,0,ablation_arms_2026-09,0a8e3443-c3e2-4918-84db-0495657d9175,mse,2.364622116088867,tissue_prior_mode=''.
leave_one_out,w/o_PB-Cond,1,1,0,ablation_arms_2026-09,0ae6f031-2f9c-4247-8b26-db320d6efd32,mse,2.709311962127685,tissue_prior_mode=''.
leave_one_out,w/o_PB-Cond,1,1,0,ablation_arms_2026-09,0bf30b02-db97-4560-b9cd-0fe3588892af,mse,2.40040135383606,tissue_prior_mode=''.
leave_one_out,w/o_PB-Cond,1,1,0,ablation_arms_2026-09,0c0c49a2-b96b-432f-98a4-1decf9929149,mse,2.356495141983032,tissue_prior_mode=''.
leave_one_out,w/o_PB-Cond,1,1,0,ablation_arms_2026-09,145dcf6a-2461-4fa3-a0af-7fc56db0bd33,mse,1.3518195152282717,tissue_prior_mode=''.
leave_one_out,w/o_PB-Cond,1,1,0,ablation_arms_2026-09,16023185-de21-4c0d-a9c8-73abdd52d142,mse,2.0759613513946533,tissue_prior_mode=''.
leave_one_out,w/o_PB-Cond,1,1,0,ablation_arms_2026-09,19053a82-9c89-4fb8-bd19-d7b1800b0b7b,mse,2.1769909858703613,tissue_prior_mode=''.
leave_one_out,w/o_PB-Cond,1,1,0,ablation_arms_2026-09,19f1bec6-eeb7-4133-accc-992d745fef89,mse,2.552633762359619,tissue_prior_mode=''.
leave_one_out,w/o_PB-Cond,1,1,0,ablation_arms_2026-09,1a9f3b38-b86d-416d-bbdc-9058ad3ff42d,mse,2.9328558444976807,tissue_prior_mode=''.
leave_one_out,w/o_PB-Cond,1,1,0,ablation_arms_2026-09,1ab4ebbc-18d6-4838-89c2-cdc5b10accfb,mse,1.6775398254394531,tissue_prior_mode=''.
leave_one_out,w/o_PB-Cond,1,1,0,ablation_arms_2026-09,1b350d0a-4535-4879-beb6-1142f3f94947,mse,2.1245577335357666,tissue_prior_mode=''.
leave_one_out,w/o_PB-Cond,1,1,0,ablation_arms_2026-09,203025fe-fa99-4d57-81da-458ed8f0c334,mse,2.54183030128479,tissue_prior_mode=''.
leave_one_out,w/o_PB-Cond,1,1,0,ablation_arms_2026-09,21722308-5091-4b63-9c07-4f116ab9a7b3,mse,1.282040238380432,tissue_prior_mode=''.
leave_one_out,w/o_PB-Cond,1,1,0,ablation_arms_2026-09,27d3952f-fbbc-497d-98d1-f37f3d555235,mse,3.860377073287964,tissue_prior_mode=''.
leave_one_out,w/o_PB-Cond,1,1,0,ablation_arms_2026-09,30c2a6fd-d547-460f-a5e7-44c62a2af7ad,mse,3.4288265705108643,tissue_prior_mode=''.
leave_one_out,w/o_PB-Cond,1,1,0,ablation_arms_2026-09,322c816f-608a-4da1-99c4-36ca4ad45146,mse,2.24605393409729,tissue_prior_mode=''.
leave_one_out,w/o_PB-Cond,1,1,0,ablation_arms_2026-09,3a702020-cf66-4ef5-9d11-4a5e835b7efb,mse,2.662257671356201,tissue_prior_mode=''.
leave_one_out,w/o_PB-Cond,1,1,0,ablation_arms_2026-09,3bfd5174-5b49-4e58-b233-ed0f4edd0bec,mse,2.960833787918091,tissue_prior_mode=''.
leave_one_out,w/o_PB-Cond,1,1,0,ablation_arms_2026-09,3c364ffe-d599-44d5-a77f-6c5fd7038cf6,mse,2.3179032802581787,tissue_prior_mode=''.
leave_one_out,w/o_PB-Cond,1,1,0,ablation_arms_2026-09,3cb646ab-d411-4e5b-89eb-082a786c953b,mse,2.3891866207122803,tissue_prior_mode=''.
leave_one_out,w/o_PB-Cond,1,1,0,ablation_arms_2026-09,3e55180c-780a-4424-9434-5296640ffc0d,mse,1.6138758659362793,tissue_prior_mode=''.
leave_one_out,w/o_PB-Cond,1,1,0,ablation_arms_2026-09,420d0f5d-b7ba-4b1e-88d0-44e9f733febd,mse,2.3618323802948,tissue_prior_mode=''.
leave_one_out,w/o_PB-Cond,1,1,0,ablation_arms_2026-09,4319097a-acae-4124-beed-d1173ffe1464,mse,2.8093082904815674,tissue_prior_mode=''.
leave_one_out,w/o_PB-Cond,1,1,0,ablation_arms_2026-09,432f3af5-6a79-401f-b315-fb2df789f32c,mse,2.558113813400269,tissue_prior_mode=''.
leave_one_out,w/o_PB-Cond,1,1,0,ablation_arms_2026-09,43a1506b-aa9e-46a3-b288-d210f4595ddf,mse,1.6549363136291504,tissue_prior_mode=''.
leave_one_out,w/o_PB-Cond,1,1,0,ablation_arms_2026-09,43aa19d2-c723-4822-979d-d2f0239835e0,mse,1.0206844806671145,tissue_prior_mode=''.
leave_one_out,w/o_PB-Cond,1,1,0,ablation_arms_2026-09,46104f0b-9af5-466a-ae0f-56b8dc1969a2,mse,2.366204738616944,tissue_prior_mode=''.
leave_one_out,w/o_PB-Cond,1,1,0,ablation_arms_2026-09,47e00f43-6176-44a5-b4d1-f88a1920fcab,mse,2.365786075592041,tissue_prior_mode=''.
leave_one_out,w/o_PB-Cond,1,1,0,ablation_arms_2026-09,4b83f213-b96b-4c87-a884-9b81faddb194,mse,2.026435613632202,tissue_prior_mode=''.
leave_one_out,w/o_PB-Cond,1,1,0,ablation_arms_2026-09,527641f0-df64-4c80-957c-a65dccd477bc,mse,1.6496057510375977,tissue_prior_mode=''.
leave_one_out,w/o_PB-Cond,1,1,0,ablation_arms_2026-09,53ce2631-3646-4172-bbd9-38b0a44d8214,mse,2.449768781661988,tissue_prior_mode=''.
leave_one_out,w/o_PB-Cond,1,1,0,ablation_arms_2026-09,56a4bc14-9407-45fd-8786-f7f6fc87c9dd,mse,2.1670289039611816,tissue_prior_mode=''.
leave_one_out,w/o_PB-Cond,1,1,0,ablation_arms_2026-09,589fe605-6d49-4abe-bff8-1675511c689a,mse,1.7007684707641602,tissue_prior_mode=''.
leave_one_out,w/o_PB-Cond,1,1,0,ablation_arms_2026-09,58f43044-cd3c-42b8-bc0b-3498eb236359,mse,1.6283138990402222,tissue_prior_mode=''.
leave_one_out,w/o_PB-Cond,1,1,0,ablation_arms_2026-09,5a9cfb44-494a-4540-8db8-7143b1bb5a6f,mse,3.401961326599121,tissue_prior_mode=''.
leave_one_out,w/o_PB-Cond,1,1,0,ablation_arms_2026-09,5c97eeeb-7e52-44b3-b010-b832b1f5424c,mse,1.5681358575820925,tissue_prior_mode=''.
leave_one_out,w/o_PB-Cond,1,1,0,ablation_arms_2026-09,5e57cd50-8e42-42d6-940d-5c1660d06864,mse,1.568758249282837,tissue_prior_mode=''.
leave_one_out,w/o_PB-Cond,1,1,0,ablation_arms_2026-09,5ed90bc0-12f3-4354-b314-0ce0dbb96458,mse,1.6040267944335938,tissue_prior_mode=''.
leave_one_out,w/o_PB-Cond,1,1,0,ablation_arms_2026-09,5fde5c9c-5b1e-4df5-982a-3f8e7635161f,mse,2.3363425731658936,tissue_prior_mode=''.
leave_one_out,w/o_PB-Cond,1,1,0,ablation_arms_2026-09,60a29d0b-1a37-4447-ac32-00d701580b47,mse,1.9559621810913088,tissue_prior_mode=''.
leave_one_out,w/o_PB-Cond,1,1,0,ablation_arms_2026-09,61af564d-e5ea-4d34-a0f3-2668a00db376,mse,2.9085400104522705,tissue_prior_mode=''.
leave_one_out,w/o_PB-Cond,1,1,0,ablation_arms_2026-09,61d327d1-2227-4c5f-9367-e3559dc79b07,mse,2.5222504138946533,tissue_prior_mode=''.
leave_one_out,w/o_PB-Cond,1,1,0,ablation_arms_2026-09,64267fb5-7b70-4705-a13b-cc38966c22a8,mse,2.2379188537597656,tissue_prior_mode=''.
leave_one_out,w/o_PB-Cond,1,1,0,ablation_arms_2026-09,67b6b9ac-b841-42ce-b2d4-ed2ec12327bd,mse,2.495877981185913,tissue_prior_mode=''.
leave_one_out,w/o_PB-Cond,1,1,0,ablation_arms_2026-09,6fc37633-13f5-4bf0-af95-52808143bffd,mse,2.072183847427368,tissue_prior_mode=''.
leave_one_out,w/o_PB-Cond,1,1,0,ablation_arms_2026-09,75011e96-ba37-4977-a539-fbf9f66a5e37,mse,2.646294593811035,tissue_prior_mode=''.
leave_one_out,w/o_PB-Cond,1,1,0,ablation_arms_2026-09,781cc817-3fd0-487c-a55a-b47b2786a05d,mse,1.4403886795043943,tissue_prior_mode=''.
leave_one_out,w/o_PB-Cond,1,1,0,ablation_arms_2026-09,79884ae5-e026-4d4a-858f-e807960bd4f7,mse,4.297749996185303,tissue_prior_mode=''.
leave_one_out,w/o_PB-Cond,1,1,0,ablation_arms_2026-09,8058d760-09e6-4bdd-86a1-36917ffca3ef,mse,3.012190818786621,tissue_prior_mode=''.
leave_one_out,w/o_PB-Cond,1,1,0,ablation_arms_2026-09,829a3cd1-a466-49f1-b2e9-d3f6b7f392e2,mse,1.9664397239685056,tissue_prior_mode=''.
leave_one_out,w/o_PB-Cond,1,1,0,ablation_arms_2026-09,84cfa5aa-a0d1-415e-ac47-eb66c9cf8170,mse,1.778415322303772,tissue_prior_mode=''.
leave_one_out,w/o_PB-Cond,1,1,0,ablation_arms_2026-09,8560f809-5794-484e-9152-b63efa91d134,mse,1.934707403182984,tissue_prior_mode=''.
leave_one_out,w/o_PB-Cond,1,1,0,ablation_arms_2026-09,867757c1-3b1a-49d9-a0cd-17767eb160cc,mse,3.531237363815308,tissue_prior_mode=''.
leave_one_out,w/o_PB-Cond,1,1,0,ablation_arms_2026-09,881e0e6b-a185-45f1-9b56-81606e91e7ff,mse,1.7386459112167358,tissue_prior_mode=''.
leave_one_out,w/o_PB-Cond,1,1,0,ablation_arms_2026-09,8ef06ea4-8d0f-4303-a652-7d4604402b1f,mse,1.8932076692581177,tissue_prior_mode=''.
leave_one_out,w/o_PB-Cond,1,1,0,ablation_arms_2026-09,8f3e7fcf-0b16-4a29-a5f1-a7a8b267d689,mse,1.4637491703033447,tissue_prior_mode=''.
leave_one_out,w/o_PB-Cond,1,1,0,ablation_arms_2026-09,8ff0cef9-393e-43de-9722-a1e12c239727,mse,3.42495346069336,tissue_prior_mode=''.
leave_one_out,w/o_PB-Cond,1,1,0,ablation_arms_2026-09,95d3b0fb-b8a7-4bec-a2e8-cded3222ff07,mse,1.621179699897766,tissue_prior_mode=''.
leave_one_out,w/o_PB-Cond,1,1,0,ablation_arms_2026-09,963a08cb-d995-4862-9614-f9d38a7d7540,mse,2.12418270111084,tissue_prior_mode=''.
leave_one_out,w/o_PB-Cond,1,1,0,ablation_arms_2026-09,978a566a-dc27-478d-b306-26daba116c1f,mse,2.934215784072876,tissue_prior_mode=''.
leave_one_out,w/o_PB-Cond,1,1,0,ablation_arms_2026-09,98219f72-0f9a-4de9-a859-c81834f24ab1,mse,5.0360918045043945,tissue_prior_mode=''.
leave_one_out,w/o_PB-Cond,1,1,0,ablation_arms_2026-09,9f1a899f-05a0-44c5-8aa9-39df61ae4324,mse,2.446401834487915,tissue_prior_mode=''.
leave_one_out,w/o_PB-Cond,1,1,0,ablation_arms_2026-09,a24ce10f-5a87-4e1f-a34a-f4fe5fc84052,mse,1.5207464694976809,tissue_prior_mode=''.
leave_one_out,w/o_PB-Cond,1,1,0,ablation_arms_2026-09,a2c833f7-b7f1-4f4d-ad31-cae478b601b7,mse,2.431220531463623,tissue_prior_mode=''.
leave_one_out,w/o_PB-Cond,1,1,0,ablation_arms_2026-09,aa32098f-f7b0-43f2-a00a-601d190aae94,mse,2.34766173362732,tissue_prior_mode=''.
leave_one_out,w/o_PB-Cond,1,1,0,ablation_arms_2026-09,aa369999-a034-4ad9-b459-8a93c86ea77b,mse,1.9898838996887207,tissue_prior_mode=''.
leave_one_out,w/o_PB-Cond,1,1,0,ablation_arms_2026-09,acd544d0-4d8b-46c7-98b3-fc48f7e6fdb7,mse,3.2084174156188965,tissue_prior_mode=''.
leave_one_out,w/o_PB-Cond,1,1,0,ablation_arms_2026-09,aecc2743-4ff2-4b55-ac8c-a1ff76fc4bb4,mse,2.765878200531006,tissue_prior_mode=''.
leave_one_out,w/o_PB-Cond,1,1,0,ablation_arms_2026-09,afae4675-434d-4e89-b5ce-2854c9dc38a3,mse,2.162285089492798,tissue_prior_mode=''.
leave_one_out,w/o_PB-Cond,1,1,0,ablation_arms_2026-09,b617ee1b-f8c8-4de9-b82b-e803ab93550d,mse,2.0777883529663086,tissue_prior_mode=''.
leave_one_out,w/o_PB-Cond,1,1,0,ablation_arms_2026-09,c838aec3-03ef-4398-b882-0e3912abfff0,mse,2.0588090419769287,tissue_prior_mode=''.
leave_one_out,w/o_PB-Cond,1,1,0,ablation_arms_2026-09,cee9b331-3ba0-4461-8bbd-867819d9fc0a,mse,1.5823180675506592,tissue_prior_mode=''.
leave_one_out,w/o_PB-Cond,1,1,0,ablation_arms_2026-09,d567b692-c374-4628-a508-8008f6778f22,mse,2.308692455291748,tissue_prior_mode=''.
leave_one_out,w/o_PB-Cond,1,1,0,ablation_arms_2026-09,d68a8b48-abf0-4bd5-8834-155d34ec448a,mse,3.043431520462036,tissue_prior_mode=''.
leave_one_out,w/o_PB-Cond,1,1,0,ablation_arms_2026-09,d7cff847-6403-44a6-ad8a-2f5a783639dd,mse,1.4621182680130005,tissue_prior_mode=''.
leave_one_out,w/o_PB-Cond,1,1,0,ablation_arms_2026-09,de5416ef-bbfa-41f3-99d4-01a3554173f5,mse,1.7770376205444336,tissue_prior_mode=''.
leave_one_out,w/o_PB-Cond,1,1,0,ablation_arms_2026-09,e3ed2ba4-edf5-40ac-8750-8a417ad1eefe,mse,1.760990023612976,tissue_prior_mode=''.
leave_one_out,w/o_PB-Cond,1,1,0,ablation_arms_2026-09,e51bae9a-c747-4b64-904a-4da7cda218ab,mse,1.354582905769348,tissue_prior_mode=''.
leave_one_out,w/o_PB-Cond,1,1,0,ablation_arms_2026-09,e522d2cd-7927-4e59-a4ed-064009569279,mse,2.548991203308105,tissue_prior_mode=''.
leave_one_out,w/o_PB-Cond,1,1,0,ablation_arms_2026-09,e7bd68ab-df49-44df-9b1e-8486114aeeb5,mse,2.4432015419006348,tissue_prior_mode=''.
leave_one_out,w/o_PB-Cond,1,1,0,ablation_arms_2026-09,edbfa04a-f1dd-496a-8237-df11d70621ca,mse,2.021727561950684,tissue_prior_mode=''.
leave_one_out,w/o_PB-Cond,1,1,0,ablation_arms_2026-09,f14bc322-1322-4184-8d16-409557525ea5,mse,1.6424243450164795,tissue_prior_mode=''.
leave_one_out,w/o_PB-Cond,1,1,0,ablation_arms_2026-09,f3c49918-4707-4d92-bb6d-2b5b4eb9d1b4,mse,1.4936635494232178,tissue_prior_mode=''.
leave_one_out,w/o_PB-Cond,1,1,0,ablation_arms_2026-09,f641d68a-e877-4bb8-afd7-b8fa3921d461,mse,2.8209714889526367,tissue_prior_mode=''.
leave_one_out,w/o_PB-Cond,1,1,0,ablation_arms_2026-09,f6cc8a47-2dea-40aa-8608-d771c5ef8a07,mse,3.5151188373565674,tissue_prior_mode=''.
leave_one_out,w/o_PB-Cond,1,1,0,ablation_arms_2026-09,fe7aae33-6f7c-41a5-8d29-9996a9ddf1ab,mse,2.873030424118042,tissue_prior_mode=''.
leave_one_out,PB-Cond_(global_shuffle),1,1,1,ablation_arms_2026-09,01b84709-139c-4485-98a9-6e14c58fbbf6,bras,0.8184498131275177,PB-Cond trained with globally shuffled pseudo-bulk codes.
leave_one_out,PB-Cond_(global_shuffle),1,1,1,ablation_arms_2026-09,01b84709-139c-4485-98a9-6e14c58fbbf6,asw,0.5428969323635101,PB-Cond trained with globally shuffled pseudo-bulk codes.
leave_one_out,PB-Cond_(global_shuffle),1,1,1,ablation_arms_2026-09,07dd8c34-4625-480a-8ee4-273a06c3082b,bras,0.8983024597167969,PB-Cond trained with globally shuffled pseudo-bulk codes.
leave_one_out,PB-Cond_(global_shuffle),1,1,1,ablation_arms_2026-09,07dd8c34-4625-480a-8ee4-273a06c3082b,asw,0.6282146871089935,PB-Cond trained with globally shuffled pseudo-bulk codes.
leave_one_out,PB-Cond_(global_shuffle),1,1,1,ablation_arms_2026-09,09b518f9-da64-44cc-aec8-70a89d55611f,bras,0.8390800714492798,PB-Cond trained with globally shuffled pseudo-bulk codes.
leave_one_out,PB-Cond_(global_shuffle),1,1,1,ablation_arms_2026-09,09b518f9-da64-44cc-aec8-70a89d55611f,asw,0.5098467767238617,PB-Cond trained with globally shuffled pseudo-bulk codes.
leave_one_out,PB-Cond_(global_shuffle),1,1,1,ablation_arms_2026-09,0a8e3443-c3e2-4918-84db-0495657d9175,bras,0.9349967211484908,PB-Cond trained with globally shuffled pseudo-bulk codes.
leave_one_out,PB-Cond_(global_shuffle),1,1,1,ablation_arms_2026-09,0a8e3443-c3e2-4918-84db-0495657d9175,asw,0.5307357281446456,PB-Cond trained with globally shuffled pseudo-bulk codes.
leave_one_out,PB-Cond_(global_shuffle),1,1,1,ablation_arms_2026-09,0ae6f031-2f9c-4247-8b26-db320d6efd32,asw,0.5515189528465271,PB-Cond trained with globally shuffled pseudo-bulk codes.
leave_one_out,PB-Cond_(global_shuffle),1,1,1,ablation_arms_2026-09,0bf30b02-db97-4560-b9cd-0fe3588892af,bras,0.7776797860860825,PB-Cond trained with globally shuffled pseudo-bulk codes.
leave_one_out,PB-Cond_(global_shuffle),1,1,1,ablation_arms_2026-09,0bf30b02-db97-4560-b9cd-0fe3588892af,asw,0.5378076583147049,PB-Cond trained with globally shuffled pseudo-bulk codes.
leave_one_out,PB-Cond_(global_shuffle),1,1,1,ablation_arms_2026-09,0c0c49a2-b96b-432f-98a4-1decf9929149,bras,0.9371129006147384,PB-Cond trained with globally shuffled pseudo-bulk codes.
leave_one_out,PB-Cond_(global_shuffle),1,1,1,ablation_arms_2026-09,0c0c49a2-b96b-432f-98a4-1decf9929149,asw,0.5284627646207809,PB-Cond trained with globally shuffled pseudo-bulk codes.
leave_one_out,PB-Cond_(global_shuffle),1,1,1,ablation_arms_2026-09,145dcf6a-2461-4fa3-a0af-7fc56db0bd33,asw,0.5999057084321976,PB-Cond trained with globally shuffled pseudo-bulk codes.
leave_one_out,PB-Cond_(global_shuffle),1,1,1,ablation_arms_2026-09,16023185-de21-4c0d-a9c8-73abdd52d142,bras,0.8414596736431121,PB-Cond trained with globally shuffled pseudo-bulk codes.
leave_one_out,PB-Cond_(global_shuffle),1,1,1,ablation_arms_2026-09,16023185-de21-4c0d-a9c8-73abdd52d142,asw,0.5117629647254944,PB-Cond trained with globally shuffled pseudo-bulk codes.
leave_one_out,PB-Cond_(global_shuffle),1,1,1,ablation_arms_2026-09,19053a82-9c89-4fb8-bd19-d7b1800b0b7b,bras,0.7610965490341186,PB-Cond trained with globally shuffled pseudo-bulk codes.
leave_one_out,PB-Cond_(global_shuffle),1,1,1,ablation_arms_2026-09,19053a82-9c89-4fb8-bd19-d7b1800b0b7b,asw,0.5080526262521744,PB-Cond trained with globally shuffled pseudo-bulk codes.
leave_one_out,PB-Cond_(global_shuffle),1,1,1,ablation_arms_2026-09,19f1bec6-eeb7-4133-accc-992d745fef89,bras,0.8597199320793152,PB-Cond trained with globally shuffled pseudo-bulk codes.
leave_one_out,PB-Cond_(global_shuffle),1,1,1,ablation_arms_2026-09,19f1bec6-eeb7-4133-accc-992d745fef89,asw,0.5142584145069122,PB-Cond trained with globally shuffled pseudo-bulk codes.
leave_one_out,PB-Cond_(global_shuffle),1,1,1,ablation_arms_2026-09,1a9f3b38-b86d-416d-bbdc-9058ad3ff42d,bras,0.8506434470415115,PB-Cond trained with globally shuffled pseudo-bulk codes.
leave_one_out,PB-Cond_(global_shuffle),1,1,1,ablation_arms_2026-09,1a9f3b38-b86d-416d-bbdc-9058ad3ff42d,asw,0.5263773679733277,PB-Cond trained with globally shuffled pseudo-bulk codes.
leave_one_out,PB-Cond_(global_shuffle),1,1,1,ablation_arms_2026-09,1ab4ebbc-18d6-4838-89c2-cdc5b10accfb,bras,0.8404449641704559,PB-Cond trained with globally shuffled pseudo-bulk codes.
leave_one_out,PB-Cond_(global_shuffle),1,1,1,ablation_arms_2026-09,1ab4ebbc-18d6-4838-89c2-cdc5b10accfb,asw,0.5434748709201813,PB-Cond trained with globally shuffled pseudo-bulk codes.
leave_one_out,PB-Cond_(global_shuffle),1,1,1,ablation_arms_2026-09,1b350d0a-4535-4879-beb6-1142f3f94947,bras,0.8340433478355408,PB-Cond trained with globally shuffled pseudo-bulk codes.
leave_one_out,PB-Cond_(global_shuffle),1,1,1,ablation_arms_2026-09,1b350d0a-4535-4879-beb6-1142f3f94947,asw,0.5182870745658874,PB-Cond trained with globally shuffled pseudo-bulk codes.
leave_one_out,PB-Cond_(global_shuffle),1,1,1,ablation_arms_2026-09,203025fe-fa99-4d57-81da-458ed8f0c334,bras,0.8617317616939545,PB-Cond trained with globally shuffled pseudo-bulk codes.
leave_one_out,PB-Cond_(global_shuffle),1,1,1,ablation_arms_2026-09,203025fe-fa99-4d57-81da-458ed8f0c334,asw,0.5501526772975922,PB-Cond trained with globally shuffled pseudo-bulk codes.
leave_one_out,PB-Cond_(global_shuffle),1,1,1,ablation_arms_2026-09,21722308-5091-4b63-9c07-4f116ab9a7b3,asw,0.6129980772733689,PB-Cond trained with globally shuffled pseudo-bulk codes.
leave_one_out,PB-Cond_(global_shuffle),1,1,1,ablation_arms_2026-09,27d3952f-fbbc-497d-98d1-f37f3d555235,asw,0.5349402695894241,PB-Cond trained with globally shuffled pseudo-bulk codes.
leave_one_out,PB-Cond_(global_shuffle),1,1,1,ablation_arms_2026-09,30c2a6fd-d547-460f-a5e7-44c62a2af7ad,bras,0.925052046775818,PB-Cond trained with globally shuffled pseudo-bulk codes.
leave_one_out,PB-Cond_(global_shuffle),1,1,1,ablation_arms_2026-09,30c2a6fd-d547-460f-a5e7-44c62a2af7ad,asw,0.5077290117740632,PB-Cond trained with globally shuffled pseudo-bulk codes.
leave_one_out,PB-Cond_(global_shuffle),1,1,1,ablation_arms_2026-09,322c816f-608a-4da1-99c4-36ca4ad45146,bras,0.8739398777484894,PB-Cond trained with globally shuffled pseudo-bulk codes.
leave_one_out,PB-Cond_(global_shuffle),1,1,1,ablation_arms_2026-09,322c816f-608a-4da1-99c4-36ca4ad45146,asw,0.5757877081632614,PB-Cond trained with globally shuffled pseudo-bulk codes.
leave_one_out,PB-Cond_(global_shuffle),1,1,1,ablation_arms_2026-09,3a702020-cf66-4ef5-9d11-4a5e835b7efb,bras,0.7848209232091904,PB-Cond trained with globally shuffled pseudo-bulk codes.
leave_one_out,PB-Cond_(global_shuffle),1,1,1,ablation_arms_2026-09,3a702020-cf66-4ef5-9d11-4a5e835b7efb,asw,0.5115059047937394,PB-Cond trained with globally shuffled pseudo-bulk codes.
leave_one_out,PB-Cond_(global_shuffle),1,1,1,ablation_arms_2026-09,3bfd5174-5b49-4e58-b233-ed0f4edd0bec,asw,0.5388832032680512,PB-Cond trained with globally shuffled pseudo-bulk codes.
leave_one_out,PB-Cond_(global_shuffle),1,1,1,ablation_arms_2026-09,3c364ffe-d599-44d5-a77f-6c5fd7038cf6,bras,0.8085838705301285,PB-Cond trained with globally shuffled pseudo-bulk codes.
leave_one_out,PB-Cond_(global_shuffle),1,1,1,ablation_arms_2026-09,3c364ffe-d599-44d5-a77f-6c5fd7038cf6,asw,0.5402984768152237,PB-Cond trained with globally shuffled pseudo-bulk codes.
leave_one_out,PB-Cond_(global_shuffle),1,1,1,ablation_arms_2026-09,3cb646ab-d411-4e5b-89eb-082a786c953b,bras,0.940065935254097,PB-Cond trained with globally shuffled pseudo-bulk codes.
leave_one_out,PB-Cond_(global_shuffle),1,1,1,ablation_arms_2026-09,3cb646ab-d411-4e5b-89eb-082a786c953b,asw,0.5313775807619094,PB-Cond trained with globally shuffled pseudo-bulk codes.
leave_one_out,PB-Cond_(global_shuffle),1,1,1,ablation_arms_2026-09,3e55180c-780a-4424-9434-5296640ffc0d,bras,0.6714059114456177,PB-Cond trained with globally shuffled pseudo-bulk codes.
leave_one_out,PB-Cond_(global_shuffle),1,1,1,ablation_arms_2026-09,3e55180c-780a-4424-9434-5296640ffc0d,asw,0.5172308444976806,PB-Cond trained with globally shuffled pseudo-bulk codes.
leave_one_out,PB-Cond_(global_shuffle),1,1,1,ablation_arms_2026-09,420d0f5d-b7ba-4b1e-88d0-44e9f733febd,bras,0.9305383086204528,PB-Cond trained with globally shuffled pseudo-bulk codes.
leave_one_out,PB-Cond_(global_shuffle),1,1,1,ablation_arms_2026-09,420d0f5d-b7ba-4b1e-88d0-44e9f733febd,asw,0.5298876166343689,PB-Cond trained with globally shuffled pseudo-bulk codes.
leave_one_out,PB-Cond_(global_shuffle),1,1,1,ablation_arms_2026-09,4319097a-acae-4124-beed-d1173ffe1464,asw,0.5339823871850967,PB-Cond trained with globally shuffled pseudo-bulk codes.
leave_one_out,PB-Cond_(global_shuffle),1,1,1,ablation_arms_2026-09,432f3af5-6a79-401f-b315-fb2df789f32c,asw,0.5565835267305375,PB-Cond trained with globally shuffled pseudo-bulk codes.
leave_one_out,PB-Cond_(global_shuffle),1,1,1,ablation_arms_2026-09,43a1506b-aa9e-46a3-b288-d210f4595ddf,bras,0.8983115136623383,PB-Cond trained with globally shuffled pseudo-bulk codes.
leave_one_out,PB-Cond_(global_shuffle),1,1,1,ablation_arms_2026-09,43a1506b-aa9e-46a3-b288-d210f4595ddf,asw,0.5280245989561081,PB-Cond trained with globally shuffled pseudo-bulk codes.
leave_one_out,PB-Cond_(global_shuffle),1,1,1,ablation_arms_2026-09,43aa19d2-c723-4822-979d-d2f0239835e0,bras,0.8190035492181778,PB-Cond trained with globally shuffled pseudo-bulk codes.
leave_one_out,PB-Cond_(global_shuffle),1,1,1,ablation_arms_2026-09,43aa19d2-c723-4822-979d-d2f0239835e0,asw,0.5371011137962342,PB-Cond trained with globally shuffled pseudo-bulk codes.
leave_one_out,PB-Cond_(global_shuffle),1,1,1,ablation_arms_2026-09,46104f0b-9af5-466a-ae0f-56b8dc1969a2,bras,0.9314386367797852,PB-Cond trained with globally shuffled pseudo-bulk codes.
leave_one_out,PB-Cond_(global_shuffle),1,1,1,ablation_arms_2026-09,46104f0b-9af5-466a-ae0f-56b8dc1969a2,asw,0.529082003235817,PB-Cond trained with globally shuffled pseudo-bulk codes.
leave_one_out,PB-Cond_(global_shuffle),1,1,1,ablation_arms_2026-09,47e00f43-6176-44a5-b4d1-f88a1920fcab,bras,0.9353627413511276,PB-Cond trained with globally shuffled pseudo-bulk codes.
leave_one_out,PB-Cond_(global_shuffle),1,1,1,ablation_arms_2026-09,47e00f43-6176-44a5-b4d1-f88a1920fcab,asw,0.5302982360124588,PB-Cond trained with globally shuffled pseudo-bulk codes.
leave_one_out,PB-Cond_(global_shuffle),1,1,1,ablation_arms_2026-09,4b83f213-b96b-4c87-a884-9b81faddb194,asw,0.5436277031898499,PB-Cond trained with globally shuffled pseudo-bulk codes.
leave_one_out,PB-Cond_(global_shuffle),1,1,1,ablation_arms_2026-09,527641f0-df64-4c80-957c-a65dccd477bc,asw,0.6016275107860565,PB-Cond trained with globally shuffled pseudo-bulk codes.
leave_one_out,PB-Cond_(global_shuffle),1,1,1,ablation_arms_2026-09,53ce2631-3646-4172-bbd9-38b0a44d8214,bras,0.8728848069906234,PB-Cond trained with globally shuffled pseudo-bulk codes.
leave_one_out,PB-Cond_(global_shuffle),1,1,1,ablation_arms_2026-09,53ce2631-3646-4172-bbd9-38b0a44d8214,asw,0.563412782549858,PB-Cond trained with globally shuffled pseudo-bulk codes.
leave_one_out,PB-Cond_(global_shuffle),1,1,1,ablation_arms_2026-09,56a4bc14-9407-45fd-8786-f7f6fc87c9dd,bras,0.8757393270730972,PB-Cond trained with globally shuffled pseudo-bulk codes.
leave_one_out,PB-Cond_(global_shuffle),1,1,1,ablation_arms_2026-09,56a4bc14-9407-45fd-8786-f7f6fc87c9dd,asw,0.562811803817749,PB-Cond trained with globally shuffled pseudo-bulk codes.
leave_one_out,PB-Cond_(global_shuffle),1,1,1,ablation_arms_2026-09,589fe605-6d49-4abe-bff8-1675511c689a,bras,0.5429131895303726,PB-Cond trained with globally shuffled pseudo-bulk codes.
leave_one_out,PB-Cond_(global_shuffle),1,1,1,ablation_arms_2026-09,589fe605-6d49-4abe-bff8-1675511c689a,asw,0.4944635838270187,PB-Cond trained with globally shuffled pseudo-bulk codes.
leave_one_out,PB-Cond_(global_shuffle),1,1,1,ablation_arms_2026-09,58f43044-cd3c-42b8-bc0b-3498eb236359,bras,0.7683324605226517,PB-Cond trained with globally shuffled pseudo-bulk codes.
leave_one_out,PB-Cond_(global_shuffle),1,1,1,ablation_arms_2026-09,58f43044-cd3c-42b8-bc0b-3498eb236359,asw,0.5079830557107925,PB-Cond trained with globally shuffled pseudo-bulk codes.
leave_one_out,PB-Cond_(global_shuffle),1,1,1,ablation_arms_2026-09,5a9cfb44-494a-4540-8db8-7143b1bb5a6f,bras,0.8781727105379105,PB-Cond trained with globally shuffled pseudo-bulk codes.
leave_one_out,PB-Cond_(global_shuffle),1,1,1,ablation_arms_2026-09,5a9cfb44-494a-4540-8db8-7143b1bb5a6f,asw,0.5180663496255875,PB-Cond trained with globally shuffled pseudo-bulk codes.
leave_one_out,PB-Cond_(global_shuffle),1,1,1,ablation_arms_2026-09,5c97eeeb-7e52-44b3-b010-b832b1f5424c,bras,0.8261381208896637,PB-Cond trained with globally shuffled pseudo-bulk codes.
leave_one_out,PB-Cond_(global_shuffle),1,1,1,ablation_arms_2026-09,5c97eeeb-7e52-44b3-b010-b832b1f5424c,asw,0.595466148853302,PB-Cond trained with globally shuffled pseudo-bulk codes.
leave_one_out,PB-Cond_(global_shuffle),1,1,1,ablation_arms_2026-09,5e57cd50-8e42-42d6-940d-5c1660d06864,bras,0.830967801809311,PB-Cond trained with globally shuffled pseudo-bulk codes.
leave_one_out,PB-Cond_(global_shuffle),1,1,1,ablation_arms_2026-09,5e57cd50-8e42-42d6-940d-5c1660d06864,asw,0.5905059278011322,PB-Cond trained with globally shuffled pseudo-bulk codes.
leave_one_out,PB-Cond_(global_shuffle),1,1,1,ablation_arms_2026-09,5ed90bc0-12f3-4354-b314-0ce0dbb96458,bras,0.7113060265779495,PB-Cond trained with globally shuffled pseudo-bulk codes.
leave_one_out,PB-Cond_(global_shuffle),1,1,1,ablation_arms_2026-09,5ed90bc0-12f3-4354-b314-0ce0dbb96458,asw,0.5443800181150437,PB-Cond trained with globally shuffled pseudo-bulk codes.
leave_one_out,PB-Cond_(global_shuffle),1,1,1,ablation_arms_2026-09,5fde5c9c-5b1e-4df5-982a-3f8e7635161f,bras,0.9330335140228272,PB-Cond trained with globally shuffled pseudo-bulk codes.
leave_one_out,PB-Cond_(global_shuffle),1,1,1,ablation_arms_2026-09,5fde5c9c-5b1e-4df5-982a-3f8e7635161f,asw,0.5286598175764083,PB-Cond trained with globally shuffled pseudo-bulk codes.
leave_one_out,PB-Cond_(global_shuffle),1,1,1,ablation_arms_2026-09,60a29d0b-1a37-4447-ac32-00d701580b47,bras,0.8623967498540879,PB-Cond trained with globally shuffled pseudo-bulk codes.
leave_one_out,PB-Cond_(global_shuffle),1,1,1,ablation_arms_2026-09,60a29d0b-1a37-4447-ac32-00d701580b47,asw,0.5174227863550186,PB-Cond trained with globally shuffled pseudo-bulk codes.
leave_one_out,PB-Cond_(global_shuffle),1,1,1,ablation_arms_2026-09,61af564d-e5ea-4d34-a0f3-2668a00db376,bras,0.9035987317562104,PB-Cond trained with globally shuffled pseudo-bulk codes.
leave_one_out,PB-Cond_(global_shuffle),1,1,1,ablation_arms_2026-09,61af564d-e5ea-4d34-a0f3-2668a00db376,asw,0.5401333957910538,PB-Cond trained with globally shuffled pseudo-bulk codes.
leave_one_out,PB-Cond_(global_shuffle),1,1,1,ablation_arms_2026-09,61d327d1-2227-4c5f-9367-e3559dc79b07,bras,0.8384690880775452,PB-Cond trained with globally shuffled pseudo-bulk codes.
leave_one_out,PB-Cond_(global_shuffle),1,1,1,ablation_arms_2026-09,61d327d1-2227-4c5f-9367-e3559dc79b07,asw,0.5187008947134018,PB-Cond trained with globally shuffled pseudo-bulk codes.
leave_one_out,PB-Cond_(global_shuffle),1,1,1,ablation_arms_2026-09,64267fb5-7b70-4705-a13b-cc38966c22a8,bras,0.9566877126693726,PB-Cond trained with globally shuffled pseudo-bulk codes.
leave_one_out,PB-Cond_(global_shuffle),1,1,1,ablation_arms_2026-09,64267fb5-7b70-4705-a13b-cc38966c22a8,asw,0.5475674241781234,PB-Cond trained with globally shuffled pseudo-bulk codes.
leave_one_out,PB-Cond_(global_shuffle),1,1,1,ablation_arms_2026-09,67b6b9ac-b841-42ce-b2d4-ed2ec12327bd,bras,0.8020237654447555,PB-Cond trained with globally shuffled pseudo-bulk codes.
leave_one_out,PB-Cond_(global_shuffle),1,1,1,ablation_arms_2026-09,67b6b9ac-b841-42ce-b2d4-ed2ec12327bd,asw,0.5263796508312225,PB-Cond trained with globally shuffled pseudo-bulk codes.
leave_one_out,PB-Cond_(global_shuffle),1,1,1,ablation_arms_2026-09,6fc37633-13f5-4bf0-af95-52808143bffd,asw,0.5254271894693374,PB-Cond trained with globally shuffled pseudo-bulk codes.
leave_one_out,PB-Cond_(global_shuffle),1,1,1,ablation_arms_2026-09,75011e96-ba37-4977-a539-fbf9f66a5e37,bras,0.828502744436264,PB-Cond trained with globally shuffled pseudo-bulk codes.
leave_one_out,PB-Cond_(global_shuffle),1,1,1,ablation_arms_2026-09,75011e96-ba37-4977-a539-fbf9f66a5e37,asw,0.4967536032199859,PB-Cond trained with globally shuffled pseudo-bulk codes.
leave_one_out,PB-Cond_(global_shuffle),1,1,1,ablation_arms_2026-09,781cc817-3fd0-487c-a55a-b47b2786a05d,bras,0.8758342891931534,PB-Cond trained with globally shuffled pseudo-bulk codes.
leave_one_out,PB-Cond_(global_shuffle),1,1,1,ablation_arms_2026-09,781cc817-3fd0-487c-a55a-b47b2786a05d,asw,0.5075822472572327,PB-Cond trained with globally shuffled pseudo-bulk codes.
leave_one_out,PB-Cond_(global_shuffle),1,1,1,ablation_arms_2026-09,79884ae5-e026-4d4a-858f-e807960bd4f7,asw,0.522960153222084,PB-Cond trained with globally shuffled pseudo-bulk codes.
leave_one_out,PB-Cond_(global_shuffle),1,1,1,ablation_arms_2026-09,8058d760-09e6-4bdd-86a1-36917ffca3ef,bras,0.8277679115533829,PB-Cond trained with globally shuffled pseudo-bulk codes.
leave_one_out,PB-Cond_(global_shuffle),1,1,1,ablation_arms_2026-09,8058d760-09e6-4bdd-86a1-36917ffca3ef,asw,0.5264783054590225,PB-Cond trained with globally shuffled pseudo-bulk codes.
leave_one_out,PB-Cond_(global_shuffle),1,1,1,ablation_arms_2026-09,829a3cd1-a466-49f1-b2e9-d3f6b7f392e2,bras,0.7587258458137512,PB-Cond trained with globally shuffled pseudo-bulk codes.
leave_one_out,PB-Cond_(global_shuffle),1,1,1,ablation_arms_2026-09,829a3cd1-a466-49f1-b2e9-d3f6b7f392e2,asw,0.5323247104883194,PB-Cond trained with globally shuffled pseudo-bulk codes.
leave_one_out,PB-Cond_(global_shuffle),1,1,1,ablation_arms_2026-09,84cfa5aa-a0d1-415e-ac47-eb66c9cf8170,bras,0.7589937597513199,PB-Cond trained with globally shuffled pseudo-bulk codes.
leave_one_out,PB-Cond_(global_shuffle),1,1,1,ablation_arms_2026-09,84cfa5aa-a0d1-415e-ac47-eb66c9cf8170,asw,0.5410431951284409,PB-Cond trained with globally shuffled pseudo-bulk codes.
leave_one_out,PB-Cond_(global_shuffle),1,1,1,ablation_arms_2026-09,8560f809-5794-484e-9152-b63efa91d134,bras,0.7961957424879074,PB-Cond trained with globally shuffled pseudo-bulk codes.
leave_one_out,PB-Cond_(global_shuffle),1,1,1,ablation_arms_2026-09,8560f809-5794-484e-9152-b63efa91d134,asw,0.5293083012104034,PB-Cond trained with globally shuffled pseudo-bulk codes.
leave_one_out,PB-Cond_(global_shuffle),1,1,1,ablation_arms_2026-09,867757c1-3b1a-49d9-a0cd-17767eb160cc,bras,0.9198020040988922,PB-Cond trained with globally shuffled pseudo-bulk codes.
leave_one_out,PB-Cond_(global_shuffle),1,1,1,ablation_arms_2026-09,867757c1-3b1a-49d9-a0cd-17767eb160cc,asw,0.5452625155448914,PB-Cond trained with globally shuffled pseudo-bulk codes.
leave_one_out,PB-Cond_(global_shuffle),1,1,1,ablation_arms_2026-09,881e0e6b-a185-45f1-9b56-81606e91e7ff,bras,0.8681708067655564,PB-Cond trained with globally shuffled pseudo-bulk codes.
leave_one_out,PB-Cond_(global_shuffle),1,1,1,ablation_arms_2026-09,881e0e6b-a185-45f1-9b56-81606e91e7ff,asw,0.5252963960170746,PB-Cond trained with globally shuffled pseudo-bulk codes.
leave_one_out,PB-Cond_(global_shuffle),1,1,1,ablation_arms_2026-09,8ef06ea4-8d0f-4303-a652-7d4604402b1f,bras,0.7425752580165863,PB-Cond trained with globally shuffled pseudo-bulk codes.
leave_one_out,PB-Cond_(global_shuffle),1,1,1,ablation_arms_2026-09,8ef06ea4-8d0f-4303-a652-7d4604402b1f,asw,0.5265850931406021,PB-Cond trained with globally shuffled pseudo-bulk codes.
leave_one_out,PB-Cond_(global_shuffle),1,1,1,ablation_arms_2026-09,8f3e7fcf-0b16-4a29-a5f1-a7a8b267d689,bras,0.7879453152418137,PB-Cond trained with globally shuffled pseudo-bulk codes.
leave_one_out,PB-Cond_(global_shuffle),1,1,1,ablation_arms_2026-09,8f3e7fcf-0b16-4a29-a5f1-a7a8b267d689,asw,0.5249824374914169,PB-Cond trained with globally shuffled pseudo-bulk codes.
leave_one_out,PB-Cond_(global_shuffle),1,1,1,ablation_arms_2026-09,8ff0cef9-393e-43de-9722-a1e12c239727,asw,0.5224361747503281,PB-Cond trained with globally shuffled pseudo-bulk codes.
leave_one_out,PB-Cond_(global_shuffle),1,1,1,ablation_arms_2026-09,95d3b0fb-b8a7-4bec-a2e8-cded3222ff07,bras,0.8771500796079635,PB-Cond trained with globally shuffled pseudo-bulk codes.
leave_one_out,PB-Cond_(global_shuffle),1,1,1,ablation_arms_2026-09,95d3b0fb-b8a7-4bec-a2e8-cded3222ff07,asw,0.6420351535081863,PB-Cond trained with globally shuffled pseudo-bulk codes.
leave_one_out,PB-Cond_(global_shuffle),1,1,1,ablation_arms_2026-09,963a08cb-d995-4862-9614-f9d38a7d7540,bras,0.8536828041076661,PB-Cond trained with globally shuffled pseudo-bulk codes.
leave_one_out,PB-Cond_(global_shuffle),1,1,1,ablation_arms_2026-09,963a08cb-d995-4862-9614-f9d38a7d7540,asw,0.5331914246082305,PB-Cond trained with globally shuffled pseudo-bulk codes.
leave_one_out,PB-Cond_(global_shuffle),1,1,1,ablation_arms_2026-09,978a566a-dc27-478d-b306-26daba116c1f,bras,0.8737943708896637,PB-Cond trained with globally shuffled pseudo-bulk codes.
leave_one_out,PB-Cond_(global_shuffle),1,1,1,ablation_arms_2026-09,978a566a-dc27-478d-b306-26daba116c1f,asw,0.5382607877254486,PB-Cond trained with globally shuffled pseudo-bulk codes.
leave_one_out,PB-Cond_(global_shuffle),1,1,1,ablation_arms_2026-09,98219f72-0f9a-4de9-a859-c81834f24ab1,bras,0.9632379502058028,PB-Cond trained with globally shuffled pseudo-bulk codes.
leave_one_out,PB-Cond_(global_shuffle),1,1,1,ablation_arms_2026-09,98219f72-0f9a-4de9-a859-c81834f24ab1,asw,0.4832682311534881,PB-Cond trained with globally shuffled pseudo-bulk codes.
leave_one_out,PB-Cond_(global_shuffle),1,1,1,ablation_arms_2026-09,9f1a899f-05a0-44c5-8aa9-39df61ae4324,bras,0.8571031242609024,PB-Cond trained with globally shuffled pseudo-bulk codes.
leave_one_out,PB-Cond_(global_shuffle),1,1,1,ablation_arms_2026-09,9f1a899f-05a0-44c5-8aa9-39df61ae4324,asw,0.5651959538459778,PB-Cond trained with globally shuffled pseudo-bulk codes.
leave_one_out,PB-Cond_(global_shuffle),1,1,1,ablation_arms_2026-09,a24ce10f-5a87-4e1f-a34a-f4fe5fc84052,bras,0.8722118407487869,PB-Cond trained with globally shuffled pseudo-bulk codes.
leave_one_out,PB-Cond_(global_shuffle),1,1,1,ablation_arms_2026-09,a24ce10f-5a87-4e1f-a34a-f4fe5fc84052,asw,0.624306246638298,PB-Cond trained with globally shuffled pseudo-bulk codes.
leave_one_out,PB-Cond_(global_shuffle),1,1,1,ablation_arms_2026-09,a2c833f7-b7f1-4f4d-ad31-cae478b601b7,bras,0.8878237187862397,PB-Cond trained with globally shuffled pseudo-bulk codes.
leave_one_out,PB-Cond_(global_shuffle),1,1,1,ablation_arms_2026-09,a2c833f7-b7f1-4f4d-ad31-cae478b601b7,asw,0.5578895837068558,PB-Cond trained with globally shuffled pseudo-bulk codes.
leave_one_out,PB-Cond_(global_shuffle),1,1,1,ablation_arms_2026-09,aa32098f-f7b0-43f2-a00a-601d190aae94,bras,0.9350358605384826,PB-Cond trained with globally shuffled pseudo-bulk codes.
leave_one_out,PB-Cond_(global_shuffle),1,1,1,ablation_arms_2026-09,aa32098f-f7b0-43f2-a00a-601d190aae94,asw,0.5307139545679093,PB-Cond trained with globally shuffled pseudo-bulk codes.
leave_one_out,PB-Cond_(global_shuffle),1,1,1,ablation_arms_2026-09,aa369999-a034-4ad9-b459-8a93c86ea77b,bras,0.7583042114973069,PB-Cond trained with globally shuffled pseudo-bulk codes.
leave_one_out,PB-Cond_(global_shuffle),1,1,1,ablation_arms_2026-09,aa369999-a034-4ad9-b459-8a93c86ea77b,asw,0.5162134975194931,PB-Cond trained with globally shuffled pseudo-bulk codes.
leave_one_out,PB-Cond_(global_shuffle),1,1,1,ablation_arms_2026-09,acd544d0-4d8b-46c7-98b3-fc48f7e6fdb7,bras,0.8117378622293472,PB-Cond trained with globally shuffled pseudo-bulk codes.
leave_one_out,PB-Cond_(global_shuffle),1,1,1,ablation_arms_2026-09,acd544d0-4d8b-46c7-98b3-fc48f7e6fdb7,asw,0.5216570794582367,PB-Cond trained with globally shuffled pseudo-bulk codes.
leave_one_out,PB-Cond_(global_shuffle),1,1,1,ablation_arms_2026-09,aecc2743-4ff2-4b55-ac8c-a1ff76fc4bb4,bras,0.7577911198139191,PB-Cond trained with globally shuffled pseudo-bulk codes.
leave_one_out,PB-Cond_(global_shuffle),1,1,1,ablation_arms_2026-09,aecc2743-4ff2-4b55-ac8c-a1ff76fc4bb4,asw,0.5169898003339768,PB-Cond trained with globally shuffled pseudo-bulk codes.
leave_one_out,PB-Cond_(global_shuffle),1,1,1,ablation_arms_2026-09,afae4675-434d-4e89-b5ce-2854c9dc38a3,bras,0.7438041180372238,PB-Cond trained with globally shuffled pseudo-bulk codes.
leave_one_out,PB-Cond_(global_shuffle),1,1,1,ablation_arms_2026-09,afae4675-434d-4e89-b5ce-2854c9dc38a3,asw,0.5506932109594345,PB-Cond trained with globally shuffled pseudo-bulk codes.
leave_one_out,PB-Cond_(global_shuffle),1,1,1,ablation_arms_2026-09,b617ee1b-f8c8-4de9-b82b-e803ab93550d,bras,0.8230169326066971,PB-Cond trained with globally shuffled pseudo-bulk codes.
leave_one_out,PB-Cond_(global_shuffle),1,1,1,ablation_arms_2026-09,b617ee1b-f8c8-4de9-b82b-e803ab93550d,asw,0.4899802088737487,PB-Cond trained with globally shuffled pseudo-bulk codes.
leave_one_out,PB-Cond_(global_shuffle),1,1,1,ablation_arms_2026-09,c838aec3-03ef-4398-b882-0e3912abfff0,bras,0.908660763502121,PB-Cond trained with globally shuffled pseudo-bulk codes.
leave_one_out,PB-Cond_(global_shuffle),1,1,1,ablation_arms_2026-09,c838aec3-03ef-4398-b882-0e3912abfff0,asw,0.5213758915662765,PB-Cond trained with globally shuffled pseudo-bulk codes.
leave_one_out,PB-Cond_(global_shuffle),1,1,1,ablation_arms_2026-09,cee9b331-3ba0-4461-8bbd-867819d9fc0a,asw,0.5993997275829315,PB-Cond trained with globally shuffled pseudo-bulk codes.
leave_one_out,PB-Cond_(global_shuffle),1,1,1,ablation_arms_2026-09,d567b692-c374-4628-a508-8008f6778f22,bras,0.8046878635883331,PB-Cond trained with globally shuffled pseudo-bulk codes.
leave_one_out,PB-Cond_(global_shuffle),1,1,1,ablation_arms_2026-09,d567b692-c374-4628-a508-8008f6778f22,asw,0.5474104911088944,PB-Cond trained with globally shuffled pseudo-bulk codes.
leave_one_out,PB-Cond_(global_shuffle),1,1,1,ablation_arms_2026-09,d68a8b48-abf0-4bd5-8834-155d34ec448a,bras,0.8477642476558686,PB-Cond trained with globally shuffled pseudo-bulk codes.
leave_one_out,PB-Cond_(global_shuffle),1,1,1,ablation_arms_2026-09,d68a8b48-abf0-4bd5-8834-155d34ec448a,asw,0.5081422805786133,PB-Cond trained with globally shuffled pseudo-bulk codes.
leave_one_out,PB-Cond_(global_shuffle),1,1,1,ablation_arms_2026-09,d7cff847-6403-44a6-ad8a-2f5a783639dd,bras,0.837658217549324,PB-Cond trained with globally shuffled pseudo-bulk codes.
leave_one_out,PB-Cond_(global_shuffle),1,1,1,ablation_arms_2026-09,d7cff847-6403-44a6-ad8a-2f5a783639dd,asw,0.5821427524089813,PB-Cond trained with globally shuffled pseudo-bulk codes.
leave_one_out,PB-Cond_(global_shuffle),1,1,1,ablation_arms_2026-09,de5416ef-bbfa-41f3-99d4-01a3554173f5,bras,0.7131041079759598,PB-Cond trained with globally shuffled pseudo-bulk codes.
leave_one_out,PB-Cond_(global_shuffle),1,1,1,ablation_arms_2026-09,de5416ef-bbfa-41f3-99d4-01a3554173f5,asw,0.5103583723306656,PB-Cond trained with globally shuffled pseudo-bulk codes.
leave_one_out,PB-Cond_(global_shuffle),1,1,1,ablation_arms_2026-09,e3ed2ba4-edf5-40ac-8750-8a417ad1eefe,bras,0.8620865345001221,PB-Cond trained with globally shuffled pseudo-bulk codes.
leave_one_out,PB-Cond_(global_shuffle),1,1,1,ablation_arms_2026-09,e3ed2ba4-edf5-40ac-8750-8a417ad1eefe,asw,0.56303571164608,PB-Cond trained with globally shuffled pseudo-bulk codes.
leave_one_out,PB-Cond_(global_shuffle),1,1,1,ablation_arms_2026-09,e51bae9a-c747-4b64-904a-4da7cda218ab,bras,0.8207750201225281,PB-Cond trained with globally shuffled pseudo-bulk codes.
leave_one_out,PB-Cond_(global_shuffle),1,1,1,ablation_arms_2026-09,e51bae9a-c747-4b64-904a-4da7cda218ab,asw,0.5590016871690751,PB-Cond trained with globally shuffled pseudo-bulk codes.
leave_one_out,PB-Cond_(global_shuffle),1,1,1,ablation_arms_2026-09,e522d2cd-7927-4e59-a4ed-064009569279,bras,0.9058465719223022,PB-Cond trained with globally shuffled pseudo-bulk codes.
leave_one_out,PB-Cond_(global_shuffle),1,1,1,ablation_arms_2026-09,e522d2cd-7927-4e59-a4ed-064009569279,asw,0.5282007038593293,PB-Cond trained with globally shuffled pseudo-bulk codes.
leave_one_out,PB-Cond_(global_shuffle),1,1,1,ablation_arms_2026-09,e7bd68ab-df49-44df-9b1e-8486114aeeb5,bras,0.8892154514789581,PB-Cond trained with globally shuffled pseudo-bulk codes.
leave_one_out,PB-Cond_(global_shuffle),1,1,1,ablation_arms_2026-09,e7bd68ab-df49-44df-9b1e-8486114aeeb5,asw,0.5110467851161957,PB-Cond trained with globally shuffled pseudo-bulk codes.
leave_one_out,PB-Cond_(global_shuffle),1,1,1,ablation_arms_2026-09,edbfa04a-f1dd-496a-8237-df11d70621ca,bras,0.8947611600160599,PB-Cond trained with globally shuffled pseudo-bulk codes.
leave_one_out,PB-Cond_(global_shuffle),1,1,1,ablation_arms_2026-09,edbfa04a-f1dd-496a-8237-df11d70621ca,asw,0.5339731365442276,PB-Cond trained with globally shuffled pseudo-bulk codes.
leave_one_out,PB-Cond_(global_shuffle),1,1,1,ablation_arms_2026-09,f14bc322-1322-4184-8d16-409557525ea5,bras,0.8020748496055603,PB-Cond trained with globally shuffled pseudo-bulk codes.
leave_one_out,PB-Cond_(global_shuffle),1,1,1,ablation_arms_2026-09,f14bc322-1322-4184-8d16-409557525ea5,asw,0.538298487663269,PB-Cond trained with globally shuffled pseudo-bulk codes.
leave_one_out,PB-Cond_(global_shuffle),1,1,1,ablation_arms_2026-09,f3c49918-4707-4d92-bb6d-2b5b4eb9d1b4,bras,0.8125661224126816,PB-Cond trained with globally shuffled pseudo-bulk codes.
leave_one_out,PB-Cond_(global_shuffle),1,1,1,ablation_arms_2026-09,f3c49918-4707-4d92-bb6d-2b5b4eb9d1b4,asw,0.6060086250305176,PB-Cond trained with globally shuffled pseudo-bulk codes.
leave_one_out,PB-Cond_(global_shuffle),1,1,1,ablation_arms_2026-09,f641d68a-e877-4bb8-afd7-b8fa3921d461,bras,0.9019732654094696,PB-Cond trained with globally shuffled pseudo-bulk codes.
leave_one_out,PB-Cond_(global_shuffle),1,1,1,ablation_arms_2026-09,f641d68a-e877-4bb8-afd7-b8fa3921d461,asw,0.5349790245294571,PB-Cond trained with globally shuffled pseudo-bulk codes.
leave_one_out,PB-Cond_(global_shuffle),1,1,1,ablation_arms_2026-09,f6cc8a47-2dea-40aa-8608-d771c5ef8a07,asw,0.5143912374973297,PB-Cond trained with globally shuffled pseudo-bulk codes.
leave_one_out,PB-Cond_(global_shuffle),1,1,1,ablation_arms_2026-09,fe7aae33-6f7c-41a5-8d29-9996a9ddf1ab,bras,0.8019131481647491,PB-Cond trained with globally shuffled pseudo-bulk codes.
leave_one_out,PB-Cond_(global_shuffle),1,1,1,ablation_arms_2026-09,fe7aae33-6f7c-41a5-8d29-9996a9ddf1ab,asw,0.5682538658380508,PB-Cond trained with globally shuffled pseudo-bulk codes.
leave_one_out,PB-Cond_(global_shuffle),1,1,1,ablation_arms_2026-09,01b84709-139c-4485-98a9-6e14c58fbbf6,ari,0.4235639995296849,PB-Cond trained with globally shuffled pseudo-bulk codes.
leave_one_out,PB-Cond_(global_shuffle),1,1,1,ablation_arms_2026-09,01b84709-139c-4485-98a9-6e14c58fbbf6,nmi,0.6195285555017601,PB-Cond trained with globally shuffled pseudo-bulk codes.
leave_one_out,PB-Cond_(global_shuffle),1,1,1,ablation_arms_2026-09,07dd8c34-4625-480a-8ee4-273a06c3082b,ari,0.7471173853931901,PB-Cond trained with globally shuffled pseudo-bulk codes.
leave_one_out,PB-Cond_(global_shuffle),1,1,1,ablation_arms_2026-09,07dd8c34-4625-480a-8ee4-273a06c3082b,nmi,0.8438860611221084,PB-Cond trained with globally shuffled pseudo-bulk codes.
leave_one_out,PB-Cond_(global_shuffle),1,1,1,ablation_arms_2026-09,09b518f9-da64-44cc-aec8-70a89d55611f,ari,0.3492761367186286,PB-Cond trained with globally shuffled pseudo-bulk codes.
leave_one_out,PB-Cond_(global_shuffle),1,1,1,ablation_arms_2026-09,09b518f9-da64-44cc-aec8-70a89d55611f,nmi,0.6135415246535385,PB-Cond trained with globally shuffled pseudo-bulk codes.
leave_one_out,PB-Cond_(global_shuffle),1,1,1,ablation_arms_2026-09,0a8e3443-c3e2-4918-84db-0495657d9175,ari,0.469835358139848,PB-Cond trained with globally shuffled pseudo-bulk codes.
leave_one_out,PB-Cond_(global_shuffle),1,1,1,ablation_arms_2026-09,0a8e3443-c3e2-4918-84db-0495657d9175,nmi,0.6925920042403763,PB-Cond trained with globally shuffled pseudo-bulk codes.
leave_one_out,PB-Cond_(global_shuffle),1,1,1,ablation_arms_2026-09,0ae6f031-2f9c-4247-8b26-db320d6efd32,ari,0.6379796566709669,PB-Cond trained with globally shuffled pseudo-bulk codes.
leave_one_out,PB-Cond_(global_shuffle),1,1,1,ablation_arms_2026-09,0ae6f031-2f9c-4247-8b26-db320d6efd32,nmi,0.7316138171676029,PB-Cond trained with globally shuffled pseudo-bulk codes.
leave_one_out,PB-Cond_(global_shuffle),1,1,1,ablation_arms_2026-09,0bf30b02-db97-4560-b9cd-0fe3588892af,ari,0.5165576143175944,PB-Cond trained with globally shuffled pseudo-bulk codes.
leave_one_out,PB-Cond_(global_shuffle),1,1,1,ablation_arms_2026-09,0bf30b02-db97-4560-b9cd-0fe3588892af,nmi,0.6696630409442237,PB-Cond trained with globally shuffled pseudo-bulk codes.
leave_one_out,PB-Cond_(global_shuffle),1,1,1,ablation_arms_2026-09,0c0c49a2-b96b-432f-98a4-1decf9929149,ari,0.4410490968393149,PB-Cond trained with globally shuffled pseudo-bulk codes.
leave_one_out,PB-Cond_(global_shuffle),1,1,1,ablation_arms_2026-09,0c0c49a2-b96b-432f-98a4-1decf9929149,nmi,0.6944446783033525,PB-Cond trained with globally shuffled pseudo-bulk codes.
leave_one_out,PB-Cond_(global_shuffle),1,1,1,ablation_arms_2026-09,145dcf6a-2461-4fa3-a0af-7fc56db0bd33,ari,0.7172371910277077,PB-Cond trained with globally shuffled pseudo-bulk codes.
leave_one_out,PB-Cond_(global_shuffle),1,1,1,ablation_arms_2026-09,145dcf6a-2461-4fa3-a0af-7fc56db0bd33,nmi,0.8375917897533192,PB-Cond trained with globally shuffled pseudo-bulk codes.
leave_one_out,PB-Cond_(global_shuffle),1,1,1,ablation_arms_2026-09,16023185-de21-4c0d-a9c8-73abdd52d142,ari,0.3587358668660144,PB-Cond trained with globally shuffled pseudo-bulk codes.
leave_one_out,PB-Cond_(global_shuffle),1,1,1,ablation_arms_2026-09,16023185-de21-4c0d-a9c8-73abdd52d142,nmi,0.6729410359516474,PB-Cond trained with globally shuffled pseudo-bulk codes.
leave_one_out,PB-Cond_(global_shuffle),1,1,1,ablation_arms_2026-09,19053a82-9c89-4fb8-bd19-d7b1800b0b7b,ari,0.3490340725256895,PB-Cond trained with globally shuffled pseudo-bulk codes.
leave_one_out,PB-Cond_(global_shuffle),1,1,1,ablation_arms_2026-09,19053a82-9c89-4fb8-bd19-d7b1800b0b7b,nmi,0.6790126714524198,PB-Cond trained with globally shuffled pseudo-bulk codes.
leave_one_out,PB-Cond_(global_shuffle),1,1,1,ablation_arms_2026-09,19f1bec6-eeb7-4133-accc-992d745fef89,ari,0.3644447423314685,PB-Cond trained with globally shuffled pseudo-bulk codes.
leave_one_out,PB-Cond_(global_shuffle),1,1,1,ablation_arms_2026-09,19f1bec6-eeb7-4133-accc-992d745fef89,nmi,0.5819093330670936,PB-Cond trained with globally shuffled pseudo-bulk codes.
leave_one_out,PB-Cond_(global_shuffle),1,1,1,ablation_arms_2026-09,1a9f3b38-b86d-416d-bbdc-9058ad3ff42d,ari,0.4482507908258684,PB-Cond trained with globally shuffled pseudo-bulk codes.
leave_one_out,PB-Cond_(global_shuffle),1,1,1,ablation_arms_2026-09,1a9f3b38-b86d-416d-bbdc-9058ad3ff42d,nmi,0.6713843818478105,PB-Cond trained with globally shuffled pseudo-bulk codes.
leave_one_out,PB-Cond_(global_shuffle),1,1,1,ablation_arms_2026-09,1ab4ebbc-18d6-4838-89c2-cdc5b10accfb,ari,0.4756347066928575,PB-Cond trained with globally shuffled pseudo-bulk codes.
leave_one_out,PB-Cond_(global_shuffle),1,1,1,ablation_arms_2026-09,1ab4ebbc-18d6-4838-89c2-cdc5b10accfb,nmi,0.7256042970255082,PB-Cond trained with globally shuffled pseudo-bulk codes.
leave_one_out,PB-Cond_(global_shuffle),1,1,1,ablation_arms_2026-09,1b350d0a-4535-4879-beb6-1142f3f94947,ari,0.4092717590834777,PB-Cond trained with globally shuffled pseudo-bulk codes.
leave_one_out,PB-Cond_(global_shuffle),1,1,1,ablation_arms_2026-09,1b350d0a-4535-4879-beb6-1142f3f94947,nmi,0.6532038399524612,PB-Cond trained with globally shuffled pseudo-bulk codes.
leave_one_out,PB-Cond_(global_shuffle),1,1,1,ablation_arms_2026-09,203025fe-fa99-4d57-81da-458ed8f0c334,ari,0.5769265718991634,PB-Cond trained with globally shuffled pseudo-bulk codes.
leave_one_out,PB-Cond_(global_shuffle),1,1,1,ablation_arms_2026-09,203025fe-fa99-4d57-81da-458ed8f0c334,nmi,0.7405149965213927,PB-Cond trained with globally shuffled pseudo-bulk codes.
leave_one_out,PB-Cond_(global_shuffle),1,1,1,ablation_arms_2026-09,21722308-5091-4b63-9c07-4f116ab9a7b3,ari,0.7237555817159718,PB-Cond trained with globally shuffled pseudo-bulk codes.
leave_one_out,PB-Cond_(global_shuffle),1,1,1,ablation_arms_2026-09,21722308-5091-4b63-9c07-4f116ab9a7b3,nmi,0.8550475998628283,PB-Cond trained with globally shuffled pseudo-bulk codes.
leave_one_out,PB-Cond_(global_shuffle),1,1,1,ablation_arms_2026-09,27d3952f-fbbc-497d-98d1-f37f3d555235,ari,0.5007271991845352,PB-Cond trained with globally shuffled pseudo-bulk codes.
leave_one_out,PB-Cond_(global_shuffle),1,1,1,ablation_arms_2026-09,27d3952f-fbbc-497d-98d1-f37f3d555235,nmi,0.6427944938341971,PB-Cond trained with globally shuffled pseudo-bulk codes.
leave_one_out,PB-Cond_(global_shuffle),1,1,1,ablation_arms_2026-09,30c2a6fd-d547-460f-a5e7-44c62a2af7ad,ari,0.3262123190595204,PB-Cond trained with globally shuffled pseudo-bulk codes.
leave_one_out,PB-Cond_(global_shuffle),1,1,1,ablation_arms_2026-09,30c2a6fd-d547-460f-a5e7-44c62a2af7ad,nmi,0.5493789471821839,PB-Cond trained with globally shuffled pseudo-bulk codes.
leave_one_out,PB-Cond_(global_shuffle),1,1,1,ablation_arms_2026-09,322c816f-608a-4da1-99c4-36ca4ad45146,ari,0.5976644689877192,PB-Cond trained with globally shuffled pseudo-bulk codes.
leave_one_out,PB-Cond_(global_shuffle),1,1,1,ablation_arms_2026-09,322c816f-608a-4da1-99c4-36ca4ad45146,nmi,0.7146145219929447,PB-Cond trained with globally shuffled pseudo-bulk codes.
leave_one_out,PB-Cond_(global_shuffle),1,1,1,ablation_arms_2026-09,3a702020-cf66-4ef5-9d11-4a5e835b7efb,ari,0.2658768758116291,PB-Cond trained with globally shuffled pseudo-bulk codes.
leave_one_out,PB-Cond_(global_shuffle),1,1,1,ablation_arms_2026-09,3a702020-cf66-4ef5-9d11-4a5e835b7efb,nmi,0.412310350241844,PB-Cond trained with globally shuffled pseudo-bulk codes.
leave_one_out,PB-Cond_(global_shuffle),1,1,1,ablation_arms_2026-09,3bfd5174-5b49-4e58-b233-ed0f4edd0bec,ari,0.6124128948955971,PB-Cond trained with globally shuffled pseudo-bulk codes.
leave_one_out,PB-Cond_(global_shuffle),1,1,1,ablation_arms_2026-09,3bfd5174-5b49-4e58-b233-ed0f4edd0bec,nmi,0.7292212832872617,PB-Cond trained with globally shuffled pseudo-bulk codes.
leave_one_out,PB-Cond_(global_shuffle),1,1,1,ablation_arms_2026-09,3c364ffe-d599-44d5-a77f-6c5fd7038cf6,ari,0.582931485301709,PB-Cond trained with globally shuffled pseudo-bulk codes.
leave_one_out,PB-Cond_(global_shuffle),1,1,1,ablation_arms_2026-09,3c364ffe-d599-44d5-a77f-6c5fd7038cf6,nmi,0.8144692544711736,PB-Cond trained with globally shuffled pseudo-bulk codes.
leave_one_out,PB-Cond_(global_shuffle),1,1,1,ablation_arms_2026-09,3cb646ab-d411-4e5b-89eb-082a786c953b,ari,0.4831776544468832,PB-Cond trained with globally shuffled pseudo-bulk codes.
leave_one_out,PB-Cond_(global_shuffle),1,1,1,ablation_arms_2026-09,3cb646ab-d411-4e5b-89eb-082a786c953b,nmi,0.7090667725680128,PB-Cond trained with globally shuffled pseudo-bulk codes.
leave_one_out,PB-Cond_(global_shuffle),1,1,1,ablation_arms_2026-09,3e55180c-780a-4424-9434-5296640ffc0d,ari,0.346373113425297,PB-Cond trained with globally shuffled pseudo-bulk codes.
leave_one_out,PB-Cond_(global_shuffle),1,1,1,ablation_arms_2026-09,3e55180c-780a-4424-9434-5296640ffc0d,nmi,0.4803851052008614,PB-Cond trained with globally shuffled pseudo-bulk codes.
leave_one_out,PB-Cond_(global_shuffle),1,1,1,ablation_arms_2026-09,420d0f5d-b7ba-4b1e-88d0-44e9f733febd,ari,0.4564535265723169,PB-Cond trained with globally shuffled pseudo-bulk codes.
leave_one_out,PB-Cond_(global_shuffle),1,1,1,ablation_arms_2026-09,420d0f5d-b7ba-4b1e-88d0-44e9f733febd,nmi,0.6910863902796059,PB-Cond trained with globally shuffled pseudo-bulk codes.
leave_one_out,PB-Cond_(global_shuffle),1,1,1,ablation_arms_2026-09,4319097a-acae-4124-beed-d1173ffe1464,ari,0.4934939546767117,PB-Cond trained with globally shuffled pseudo-bulk codes.
leave_one_out,PB-Cond_(global_shuffle),1,1,1,ablation_arms_2026-09,4319097a-acae-4124-beed-d1173ffe1464,nmi,0.6318009375818396,PB-Cond trained with globally shuffled pseudo-bulk codes.
leave_one_out,PB-Cond_(global_shuffle),1,1,1,ablation_arms_2026-09,432f3af5-6a79-401f-b315-fb2df789f32c,ari,0.674147423067022,PB-Cond trained with globally shuffled pseudo-bulk codes.
leave_one_out,PB-Cond_(global_shuffle),1,1,1,ablation_arms_2026-09,432f3af5-6a79-401f-b315-fb2df789f32c,nmi,0.7618681963731261,PB-Cond trained with globally shuffled pseudo-bulk codes.
leave_one_out,PB-Cond_(global_shuffle),1,1,1,ablation_arms_2026-09,43a1506b-aa9e-46a3-b288-d210f4595ddf,ari,0.4665907290991193,PB-Cond trained with globally shuffled pseudo-bulk codes.
leave_one_out,PB-Cond_(global_shuffle),1,1,1,ablation_arms_2026-09,43a1506b-aa9e-46a3-b288-d210f4595ddf,nmi,0.5884918873261097,PB-Cond trained with globally shuffled pseudo-bulk codes.
leave_one_out,PB-Cond_(global_shuffle),1,1,1,ablation_arms_2026-09,43aa19d2-c723-4822-979d-d2f0239835e0,ari,0.5174635141103731,PB-Cond trained with globally shuffled pseudo-bulk codes.
leave_one_out,PB-Cond_(global_shuffle),1,1,1,ablation_arms_2026-09,43aa19d2-c723-4822-979d-d2f0239835e0,nmi,0.6643125312431574,PB-Cond trained with globally shuffled pseudo-bulk codes.
leave_one_out,PB-Cond_(global_shuffle),1,1,1,ablation_arms_2026-09,46104f0b-9af5-466a-ae0f-56b8dc1969a2,ari,0.4758944730674673,PB-Cond trained with globally shuffled pseudo-bulk codes.
leave_one_out,PB-Cond_(global_shuffle),1,1,1,ablation_arms_2026-09,46104f0b-9af5-466a-ae0f-56b8dc1969a2,nmi,0.7028851197223156,PB-Cond trained with globally shuffled pseudo-bulk codes.
leave_one_out,PB-Cond_(global_shuffle),1,1,1,ablation_arms_2026-09,47e00f43-6176-44a5-b4d1-f88a1920fcab,ari,0.4601391205626911,PB-Cond trained with globally shuffled pseudo-bulk codes.
leave_one_out,PB-Cond_(global_shuffle),1,1,1,ablation_arms_2026-09,47e00f43-6176-44a5-b4d1-f88a1920fcab,nmi,0.7032866779707045,PB-Cond trained with globally shuffled pseudo-bulk codes.
leave_one_out,PB-Cond_(global_shuffle),1,1,1,ablation_arms_2026-09,4b83f213-b96b-4c87-a884-9b81faddb194,ari,0.4560681695866072,PB-Cond trained with globally shuffled pseudo-bulk codes.
leave_one_out,PB-Cond_(global_shuffle),1,1,1,ablation_arms_2026-09,4b83f213-b96b-4c87-a884-9b81faddb194,nmi,0.607803868542778,PB-Cond trained with globally shuffled pseudo-bulk codes.
leave_one_out,PB-Cond_(global_shuffle),1,1,1,ablation_arms_2026-09,527641f0-df64-4c80-957c-a65dccd477bc,ari,0.7674106018135338,PB-Cond trained with globally shuffled pseudo-bulk codes.
leave_one_out,PB-Cond_(global_shuffle),1,1,1,ablation_arms_2026-09,527641f0-df64-4c80-957c-a65dccd477bc,nmi,0.8117336017774024,PB-Cond trained with globally shuffled pseudo-bulk codes.
leave_one_out,PB-Cond_(global_shuffle),1,1,1,ablation_arms_2026-09,53ce2631-3646-4172-bbd9-38b0a44d8214,ari,0.5718754177696552,PB-Cond trained with globally shuffled pseudo-bulk codes.
leave_one_out,PB-Cond_(global_shuffle),1,1,1,ablation_arms_2026-09,53ce2631-3646-4172-bbd9-38b0a44d8214,nmi,0.7151323925169387,PB-Cond trained with globally shuffled pseudo-bulk codes.
leave_one_out,PB-Cond_(global_shuffle),1,1,1,ablation_arms_2026-09,56a4bc14-9407-45fd-8786-f7f6fc87c9dd,ari,0.530370335594708,PB-Cond trained with globally shuffled pseudo-bulk codes.
leave_one_out,PB-Cond_(global_shuffle),1,1,1,ablation_arms_2026-09,56a4bc14-9407-45fd-8786-f7f6fc87c9dd,nmi,0.6928329948587459,PB-Cond trained with globally shuffled pseudo-bulk codes.
leave_one_out,PB-Cond_(global_shuffle),1,1,1,ablation_arms_2026-09,589fe605-6d49-4abe-bff8-1675511c689a,ari,0.0935501467028444,PB-Cond trained with globally shuffled pseudo-bulk codes.
leave_one_out,PB-Cond_(global_shuffle),1,1,1,ablation_arms_2026-09,589fe605-6d49-4abe-bff8-1675511c689a,nmi,0.1488981713073952,PB-Cond trained with globally shuffled pseudo-bulk codes.
leave_one_out,PB-Cond_(global_shuffle),1,1,1,ablation_arms_2026-09,58f43044-cd3c-42b8-bc0b-3498eb236359,ari,0.3672938374823618,PB-Cond trained with globally shuffled pseudo-bulk codes.
leave_one_out,PB-Cond_(global_shuffle),1,1,1,ablation_arms_2026-09,58f43044-cd3c-42b8-bc0b-3498eb236359,nmi,0.6654516179411104,PB-Cond trained with globally shuffled pseudo-bulk codes.
leave_one_out,PB-Cond_(global_shuffle),1,1,1,ablation_arms_2026-09,5a9cfb44-494a-4540-8db8-7143b1bb5a6f,ari,0.4685240323399349,PB-Cond trained with globally shuffled pseudo-bulk codes.
leave_one_out,PB-Cond_(global_shuffle),1,1,1,ablation_arms_2026-09,5a9cfb44-494a-4540-8db8-7143b1bb5a6f,nmi,0.6509462985112486,PB-Cond trained with globally shuffled pseudo-bulk codes.
leave_one_out,PB-Cond_(global_shuffle),1,1,1,ablation_arms_2026-09,5c97eeeb-7e52-44b3-b010-b832b1f5424c,ari,0.7480793217604548,PB-Cond trained with globally shuffled pseudo-bulk codes.
leave_one_out,PB-Cond_(global_shuffle),1,1,1,ablation_arms_2026-09,5c97eeeb-7e52-44b3-b010-b832b1f5424c,nmi,0.8744020576136492,PB-Cond trained with globally shuffled pseudo-bulk codes.
leave_one_out,PB-Cond_(global_shuffle),1,1,1,ablation_arms_2026-09,5e57cd50-8e42-42d6-940d-5c1660d06864,ari,0.7309131516310233,PB-Cond trained with globally shuffled pseudo-bulk codes.
leave_one_out,PB-Cond_(global_shuffle),1,1,1,ablation_arms_2026-09,5e57cd50-8e42-42d6-940d-5c1660d06864,nmi,0.8678754783432876,PB-Cond trained with globally shuffled pseudo-bulk codes.
leave_one_out,PB-Cond_(global_shuffle),1,1,1,ablation_arms_2026-09,5ed90bc0-12f3-4354-b314-0ce0dbb96458,ari,0.5043331968716838,PB-Cond trained with globally shuffled pseudo-bulk codes.
leave_one_out,PB-Cond_(global_shuffle),1,1,1,ablation_arms_2026-09,5ed90bc0-12f3-4354-b314-0ce0dbb96458,nmi,0.7170617283375609,PB-Cond trained with globally shuffled pseudo-bulk codes.
leave_one_out,PB-Cond_(global_shuffle),1,1,1,ablation_arms_2026-09,5fde5c9c-5b1e-4df5-982a-3f8e7635161f,ari,0.4411677336801197,PB-Cond trained with globally shuffled pseudo-bulk codes.
leave_one_out,PB-Cond_(global_shuffle),1,1,1,ablation_arms_2026-09,5fde5c9c-5b1e-4df5-982a-3f8e7635161f,nmi,0.6843772414318242,PB-Cond trained with globally shuffled pseudo-bulk codes.
leave_one_out,PB-Cond_(global_shuffle),1,1,1,ablation_arms_2026-09,60a29d0b-1a37-4447-ac32-00d701580b47,ari,0.385277418094451,PB-Cond trained with globally shuffled pseudo-bulk codes.
leave_one_out,PB-Cond_(global_shuffle),1,1,1,ablation_arms_2026-09,60a29d0b-1a37-4447-ac32-00d701580b47,nmi,0.6515963949872641,PB-Cond trained with globally shuffled pseudo-bulk codes.
leave_one_out,PB-Cond_(global_shuffle),1,1,1,ablation_arms_2026-09,61af564d-e5ea-4d34-a0f3-2668a00db376,ari,0.5313347547899946,PB-Cond trained with globally shuffled pseudo-bulk codes.
leave_one_out,PB-Cond_(global_shuffle),1,1,1,ablation_arms_2026-09,61af564d-e5ea-4d34-a0f3-2668a00db376,nmi,0.6427318358837567,PB-Cond trained with globally shuffled pseudo-bulk codes.
leave_one_out,PB-Cond_(global_shuffle),1,1,1,ablation_arms_2026-09,61d327d1-2227-4c5f-9367-e3559dc79b07,ari,0.3506205488060182,PB-Cond trained with globally shuffled pseudo-bulk codes.
leave_one_out,PB-Cond_(global_shuffle),1,1,1,ablation_arms_2026-09,61d327d1-2227-4c5f-9367-e3559dc79b07,nmi,0.4654023272942671,PB-Cond trained with globally shuffled pseudo-bulk codes.
leave_one_out,PB-Cond_(global_shuffle),1,1,1,ablation_arms_2026-09,64267fb5-7b70-4705-a13b-cc38966c22a8,ari,0.3836858653900081,PB-Cond trained with globally shuffled pseudo-bulk codes.
leave_one_out,PB-Cond_(global_shuffle),1,1,1,ablation_arms_2026-09,64267fb5-7b70-4705-a13b-cc38966c22a8,nmi,0.3515662695191196,PB-Cond trained with globally shuffled pseudo-bulk codes.
leave_one_out,PB-Cond_(global_shuffle),1,1,1,ablation_arms_2026-09,67b6b9ac-b841-42ce-b2d4-ed2ec12327bd,ari,0.3878044468299583,PB-Cond trained with globally shuffled pseudo-bulk codes.
leave_one_out,PB-Cond_(global_shuffle),1,1,1,ablation_arms_2026-09,67b6b9ac-b841-42ce-b2d4-ed2ec12327bd,nmi,0.6227288143805454,PB-Cond trained with globally shuffled pseudo-bulk codes.
leave_one_out,PB-Cond_(global_shuffle),1,1,1,ablation_arms_2026-09,6fc37633-13f5-4bf0-af95-52808143bffd,ari,0.3077743672717369,PB-Cond trained with globally shuffled pseudo-bulk codes.
leave_one_out,PB-Cond_(global_shuffle),1,1,1,ablation_arms_2026-09,6fc37633-13f5-4bf0-af95-52808143bffd,nmi,0.407013991179164,PB-Cond trained with globally shuffled pseudo-bulk codes.
leave_one_out,PB-Cond_(global_shuffle),1,1,1,ablation_arms_2026-09,75011e96-ba37-4977-a539-fbf9f66a5e37,ari,0.3693235557862026,PB-Cond trained with globally shuffled pseudo-bulk codes.
leave_one_out,PB-Cond_(global_shuffle),1,1,1,ablation_arms_2026-09,75011e96-ba37-4977-a539-fbf9f66a5e37,nmi,0.5363392452761411,PB-Cond trained with globally shuffled pseudo-bulk codes.
leave_one_out,PB-Cond_(global_shuffle),1,1,1,ablation_arms_2026-09,781cc817-3fd0-487c-a55a-b47b2786a05d,ari,0.1487259001441365,PB-Cond trained with globally shuffled pseudo-bulk codes.
leave_one_out,PB-Cond_(global_shuffle),1,1,1,ablation_arms_2026-09,781cc817-3fd0-487c-a55a-b47b2786a05d,nmi,0.1798260111762754,PB-Cond trained with globally shuffled pseudo-bulk codes.
leave_one_out,PB-Cond_(global_shuffle),1,1,1,ablation_arms_2026-09,79884ae5-e026-4d4a-858f-e807960bd4f7,ari,0.521970309248352,PB-Cond trained with globally shuffled pseudo-bulk codes.
leave_one_out,PB-Cond_(global_shuffle),1,1,1,ablation_arms_2026-09,79884ae5-e026-4d4a-858f-e807960bd4f7,nmi,0.6344253646543476,PB-Cond trained with globally shuffled pseudo-bulk codes.
leave_one_out,PB-Cond_(global_shuffle),1,1,1,ablation_arms_2026-09,8058d760-09e6-4bdd-86a1-36917ffca3ef,ari,0.5571979513832016,PB-Cond trained with globally shuffled pseudo-bulk codes.
leave_one_out,PB-Cond_(global_shuffle),1,1,1,ablation_arms_2026-09,8058d760-09e6-4bdd-86a1-36917ffca3ef,nmi,0.7246707142861641,PB-Cond trained with globally shuffled pseudo-bulk codes.
leave_one_out,PB-Cond_(global_shuffle),1,1,1,ablation_arms_2026-09,829a3cd1-a466-49f1-b2e9-d3f6b7f392e2,ari,0.4282743949849112,PB-Cond trained with globally shuffled pseudo-bulk codes.
leave_one_out,PB-Cond_(global_shuffle),1,1,1,ablation_arms_2026-09,829a3cd1-a466-49f1-b2e9-d3f6b7f392e2,nmi,0.5783868760733262,PB-Cond trained with globally shuffled pseudo-bulk codes.
leave_one_out,PB-Cond_(global_shuffle),1,1,1,ablation_arms_2026-09,84cfa5aa-a0d1-415e-ac47-eb66c9cf8170,ari,0.4902852335460014,PB-Cond trained with globally shuffled pseudo-bulk codes.
leave_one_out,PB-Cond_(global_shuffle),1,1,1,ablation_arms_2026-09,84cfa5aa-a0d1-415e-ac47-eb66c9cf8170,nmi,0.6723853095125663,PB-Cond trained with globally shuffled pseudo-bulk codes.
leave_one_out,PB-Cond_(global_shuffle),1,1,1,ablation_arms_2026-09,8560f809-5794-484e-9152-b63efa91d134,ari,0.5374943428568002,PB-Cond trained with globally shuffled pseudo-bulk codes.
leave_one_out,PB-Cond_(global_shuffle),1,1,1,ablation_arms_2026-09,8560f809-5794-484e-9152-b63efa91d134,nmi,0.6853956805523869,PB-Cond trained with globally shuffled pseudo-bulk codes.
leave_one_out,PB-Cond_(global_shuffle),1,1,1,ablation_arms_2026-09,867757c1-3b1a-49d9-a0cd-17767eb160cc,ari,0.6983479992914106,PB-Cond trained with globally shuffled pseudo-bulk codes.
leave_one_out,PB-Cond_(global_shuffle),1,1,1,ablation_arms_2026-09,867757c1-3b1a-49d9-a0cd-17767eb160cc,nmi,0.842912902894637,PB-Cond trained with globally shuffled pseudo-bulk codes.
leave_one_out,PB-Cond_(global_shuffle),1,1,1,ablation_arms_2026-09,881e0e6b-a185-45f1-9b56-81606e91e7ff,ari,0.5154646185268985,PB-Cond trained with globally shuffled pseudo-bulk codes.
leave_one_out,PB-Cond_(global_shuffle),1,1,1,ablation_arms_2026-09,881e0e6b-a185-45f1-9b56-81606e91e7ff,nmi,0.7335834728844739,PB-Cond trained with globally shuffled pseudo-bulk codes.
leave_one_out,PB-Cond_(global_shuffle),1,1,1,ablation_arms_2026-09,8ef06ea4-8d0f-4303-a652-7d4604402b1f,ari,0.4566446348345296,PB-Cond trained with globally shuffled pseudo-bulk codes.
leave_one_out,PB-Cond_(global_shuffle),1,1,1,ablation_arms_2026-09,8ef06ea4-8d0f-4303-a652-7d4604402b1f,nmi,0.6605367106759114,PB-Cond trained with globally shuffled pseudo-bulk codes.
leave_one_out,PB-Cond_(global_shuffle),1,1,1,ablation_arms_2026-09,8f3e7fcf-0b16-4a29-a5f1-a7a8b267d689,ari,0.4348014591064412,PB-Cond trained with globally shuffled pseudo-bulk codes.
leave_one_out,PB-Cond_(global_shuffle),1,1,1,ablation_arms_2026-09,8f3e7fcf-0b16-4a29-a5f1-a7a8b267d689,nmi,0.6543021067542842,PB-Cond trained with globally shuffled pseudo-bulk codes.
leave_one_out,PB-Cond_(global_shuffle),1,1,1,ablation_arms_2026-09,8ff0cef9-393e-43de-9722-a1e12c239727,ari,0.5186749674580612,PB-Cond trained with globally shuffled pseudo-bulk codes.
leave_one_out,PB-Cond_(global_shuffle),1,1,1,ablation_arms_2026-09,8ff0cef9-393e-43de-9722-a1e12c239727,nmi,0.5920810252597761,PB-Cond trained with globally shuffled pseudo-bulk codes.
leave_one_out,PB-Cond_(global_shuffle),1,1,1,ablation_arms_2026-09,95d3b0fb-b8a7-4bec-a2e8-cded3222ff07,ari,0.7837780386129164,PB-Cond trained with globally shuffled pseudo-bulk codes.
leave_one_out,PB-Cond_(global_shuffle),1,1,1,ablation_arms_2026-09,95d3b0fb-b8a7-4bec-a2e8-cded3222ff07,nmi,0.8417542870133422,PB-Cond trained with globally shuffled pseudo-bulk codes.
leave_one_out,PB-Cond_(global_shuffle),1,1,1,ablation_arms_2026-09,963a08cb-d995-4862-9614-f9d38a7d7540,ari,0.5427933959725182,PB-Cond trained with globally shuffled pseudo-bulk codes.
leave_one_out,PB-Cond_(global_shuffle),1,1,1,ablation_arms_2026-09,963a08cb-d995-4862-9614-f9d38a7d7540,nmi,0.7641910323528605,PB-Cond trained with globally shuffled pseudo-bulk codes.
leave_one_out,PB-Cond_(global_shuffle),1,1,1,ablation_arms_2026-09,978a566a-dc27-478d-b306-26daba116c1f,ari,0.6072631119130397,PB-Cond trained with globally shuffled pseudo-bulk codes.
leave_one_out,PB-Cond_(global_shuffle),1,1,1,ablation_arms_2026-09,978a566a-dc27-478d-b306-26daba116c1f,nmi,0.739648438075584,PB-Cond trained with globally shuffled pseudo-bulk codes.
leave_one_out,PB-Cond_(global_shuffle),1,1,1,ablation_arms_2026-09,98219f72-0f9a-4de9-a859-c81834f24ab1,ari,0.0912201007207261,PB-Cond trained with globally shuffled pseudo-bulk codes.
leave_one_out,PB-Cond_(global_shuffle),1,1,1,ablation_arms_2026-09,98219f72-0f9a-4de9-a859-c81834f24ab1,nmi,0.2150124006307285,PB-Cond trained with globally shuffled pseudo-bulk codes.
leave_one_out,PB-Cond_(global_shuffle),1,1,1,ablation_arms_2026-09,9f1a899f-05a0-44c5-8aa9-39df61ae4324,ari,0.6377186428782677,PB-Cond trained with globally shuffled pseudo-bulk codes.
leave_one_out,PB-Cond_(global_shuffle),1,1,1,ablation_arms_2026-09,9f1a899f-05a0-44c5-8aa9-39df61ae4324,nmi,0.8031007296646978,PB-Cond trained with globally shuffled pseudo-bulk codes.
leave_one_out,PB-Cond_(global_shuffle),1,1,1,ablation_arms_2026-09,a24ce10f-5a87-4e1f-a34a-f4fe5fc84052,ari,0.7525015658902661,PB-Cond trained with globally shuffled pseudo-bulk codes.
leave_one_out,PB-Cond_(global_shuffle),1,1,1,ablation_arms_2026-09,a24ce10f-5a87-4e1f-a34a-f4fe5fc84052,nmi,0.8457598675727243,PB-Cond trained with globally shuffled pseudo-bulk codes.
leave_one_out,PB-Cond_(global_shuffle),1,1,1,ablation_arms_2026-09,a2c833f7-b7f1-4f4d-ad31-cae478b601b7,ari,0.4901735472443745,PB-Cond trained with globally shuffled pseudo-bulk codes.
leave_one_out,PB-Cond_(global_shuffle),1,1,1,ablation_arms_2026-09,a2c833f7-b7f1-4f4d-ad31-cae478b601b7,nmi,0.5967964347871915,PB-Cond trained with globally shuffled pseudo-bulk codes.
leave_one_out,PB-Cond_(global_shuffle),1,1,1,ablation_arms_2026-09,aa32098f-f7b0-43f2-a00a-601d190aae94,ari,0.4652217367280526,PB-Cond trained with globally shuffled pseudo-bulk codes.
leave_one_out,PB-Cond_(global_shuffle),1,1,1,ablation_arms_2026-09,aa32098f-f7b0-43f2-a00a-601d190aae94,nmi,0.7022289631044685,PB-Cond trained with globally shuffled pseudo-bulk codes.
leave_one_out,PB-Cond_(global_shuffle),1,1,1,ablation_arms_2026-09,aa369999-a034-4ad9-b459-8a93c86ea77b,ari,0.3533036722493233,PB-Cond trained with globally shuffled pseudo-bulk codes.
leave_one_out,PB-Cond_(global_shuffle),1,1,1,ablation_arms_2026-09,aa369999-a034-4ad9-b459-8a93c86ea77b,nmi,0.5917827887845661,PB-Cond trained with globally shuffled pseudo-bulk codes.
leave_one_out,PB-Cond_(global_shuffle),1,1,1,ablation_arms_2026-09,acd544d0-4d8b-46c7-98b3-fc48f7e6fdb7,ari,0.4239585132474012,PB-Cond trained with globally shuffled pseudo-bulk codes.
leave_one_out,PB-Cond_(global_shuffle),1,1,1,ablation_arms_2026-09,acd544d0-4d8b-46c7-98b3-fc48f7e6fdb7,nmi,0.647451778363053,PB-Cond trained with globally shuffled pseudo-bulk codes.
leave_one_out,PB-Cond_(global_shuffle),1,1,1,ablation_arms_2026-09,aecc2743-4ff2-4b55-ac8c-a1ff76fc4bb4,ari,0.3119558863509338,PB-Cond trained with globally shuffled pseudo-bulk codes.
leave_one_out,PB-Cond_(global_shuffle),1,1,1,ablation_arms_2026-09,aecc2743-4ff2-4b55-ac8c-a1ff76fc4bb4,nmi,0.4708879199055857,PB-Cond trained with globally shuffled pseudo-bulk codes.
leave_one_out,PB-Cond_(global_shuffle),1,1,1,ablation_arms_2026-09,afae4675-434d-4e89-b5ce-2854c9dc38a3,ari,0.4937894743629843,PB-Cond trained with globally shuffled pseudo-bulk codes.
leave_one_out,PB-Cond_(global_shuffle),1,1,1,ablation_arms_2026-09,afae4675-434d-4e89-b5ce-2854c9dc38a3,nmi,0.6385976891680463,PB-Cond trained with globally shuffled pseudo-bulk codes.
leave_one_out,PB-Cond_(global_shuffle),1,1,1,ablation_arms_2026-09,b617ee1b-f8c8-4de9-b82b-e803ab93550d,ari,0.0636614371589843,PB-Cond trained with globally shuffled pseudo-bulk codes.
leave_one_out,PB-Cond_(global_shuffle),1,1,1,ablation_arms_2026-09,b617ee1b-f8c8-4de9-b82b-e803ab93550d,nmi,0.1332959818794535,PB-Cond trained with globally shuffled pseudo-bulk codes.
leave_one_out,PB-Cond_(global_shuffle),1,1,1,ablation_arms_2026-09,c838aec3-03ef-4398-b882-0e3912abfff0,ari,0.369001560756278,PB-Cond trained with globally shuffled pseudo-bulk codes.
leave_one_out,PB-Cond_(global_shuffle),1,1,1,ablation_arms_2026-09,c838aec3-03ef-4398-b882-0e3912abfff0,nmi,0.6314261464388551,PB-Cond trained with globally shuffled pseudo-bulk codes.
leave_one_out,PB-Cond_(global_shuffle),1,1,1,ablation_arms_2026-09,cee9b331-3ba0-4461-8bbd-867819d9fc0a,ari,0.7634351574745395,PB-Cond trained with globally shuffled pseudo-bulk codes.
leave_one_out,PB-Cond_(global_shuffle),1,1,1,ablation_arms_2026-09,cee9b331-3ba0-4461-8bbd-867819d9fc0a,nmi,0.8115454774538711,PB-Cond trained with globally shuffled pseudo-bulk codes.
leave_one_out,PB-Cond_(global_shuffle),1,1,1,ablation_arms_2026-09,d567b692-c374-4628-a508-8008f6778f22,ari,0.5608726852963432,PB-Cond trained with globally shuffled pseudo-bulk codes.
leave_one_out,PB-Cond_(global_shuffle),1,1,1,ablation_arms_2026-09,d567b692-c374-4628-a508-8008f6778f22,nmi,0.7041716957140611,PB-Cond trained with globally shuffled pseudo-bulk codes.
leave_one_out,PB-Cond_(global_shuffle),1,1,1,ablation_arms_2026-09,d68a8b48-abf0-4bd5-8834-155d34ec448a,ari,0.3832312406944511,PB-Cond trained with globally shuffled pseudo-bulk codes.
leave_one_out,PB-Cond_(global_shuffle),1,1,1,ablation_arms_2026-09,d68a8b48-abf0-4bd5-8834-155d34ec448a,nmi,0.6401600655316574,PB-Cond trained with globally shuffled pseudo-bulk codes.
leave_one_out,PB-Cond_(global_shuffle),1,1,1,ablation_arms_2026-09,d7cff847-6403-44a6-ad8a-2f5a783639dd,ari,0.6893624563547815,PB-Cond trained with globally shuffled pseudo-bulk codes.
leave_one_out,PB-Cond_(global_shuffle),1,1,1,ablation_arms_2026-09,d7cff847-6403-44a6-ad8a-2f5a783639dd,nmi,0.8008840205064297,PB-Cond trained with globally shuffled pseudo-bulk codes.
leave_one_out,PB-Cond_(global_shuffle),1,1,1,ablation_arms_2026-09,de5416ef-bbfa-41f3-99d4-01a3554173f5,ari,0.3374350438795125,PB-Cond trained with globally shuffled pseudo-bulk codes.
leave_one_out,PB-Cond_(global_shuffle),1,1,1,ablation_arms_2026-09,de5416ef-bbfa-41f3-99d4-01a3554173f5,nmi,0.6131940626883763,PB-Cond trained with globally shuffled pseudo-bulk codes.
leave_one_out,PB-Cond_(global_shuffle),1,1,1,ablation_arms_2026-09,e3ed2ba4-edf5-40ac-8750-8a417ad1eefe,ari,0.6609337116441673,PB-Cond trained with globally shuffled pseudo-bulk codes.
leave_one_out,PB-Cond_(global_shuffle),1,1,1,ablation_arms_2026-09,e3ed2ba4-edf5-40ac-8750-8a417ad1eefe,nmi,0.7968552195311053,PB-Cond trained with globally shuffled pseudo-bulk codes.
leave_one_out,PB-Cond_(global_shuffle),1,1,1,ablation_arms_2026-09,e51bae9a-c747-4b64-904a-4da7cda218ab,ari,0.5596801072238704,PB-Cond trained with globally shuffled pseudo-bulk codes.
leave_one_out,PB-Cond_(global_shuffle),1,1,1,ablation_arms_2026-09,e51bae9a-c747-4b64-904a-4da7cda218ab,nmi,0.7011896710098026,PB-Cond trained with globally shuffled pseudo-bulk codes.
leave_one_out,PB-Cond_(global_shuffle),1,1,1,ablation_arms_2026-09,e522d2cd-7927-4e59-a4ed-064009569279,ari,0.4420765410732729,PB-Cond trained with globally shuffled pseudo-bulk codes.
leave_one_out,PB-Cond_(global_shuffle),1,1,1,ablation_arms_2026-09,e522d2cd-7927-4e59-a4ed-064009569279,nmi,0.6855712416218908,PB-Cond trained with globally shuffled pseudo-bulk codes.
leave_one_out,PB-Cond_(global_shuffle),1,1,1,ablation_arms_2026-09,e7bd68ab-df49-44df-9b1e-8486114aeeb5,ari,0.3349202157327484,PB-Cond trained with globally shuffled pseudo-bulk codes.
leave_one_out,PB-Cond_(global_shuffle),1,1,1,ablation_arms_2026-09,e7bd68ab-df49-44df-9b1e-8486114aeeb5,nmi,0.5087288909084812,PB-Cond trained with globally shuffled pseudo-bulk codes.
leave_one_out,PB-Cond_(global_shuffle),1,1,1,ablation_arms_2026-09,edbfa04a-f1dd-496a-8237-df11d70621ca,ari,0.4687397393253623,PB-Cond trained with globally shuffled pseudo-bulk codes.
leave_one_out,PB-Cond_(global_shuffle),1,1,1,ablation_arms_2026-09,edbfa04a-f1dd-496a-8237-df11d70621ca,nmi,0.6108439121571235,PB-Cond trained with globally shuffled pseudo-bulk codes.
leave_one_out,PB-Cond_(global_shuffle),1,1,1,ablation_arms_2026-09,f14bc322-1322-4184-8d16-409557525ea5,ari,0.5212647351705574,PB-Cond trained with globally shuffled pseudo-bulk codes.
leave_one_out,PB-Cond_(global_shuffle),1,1,1,ablation_arms_2026-09,f14bc322-1322-4184-8d16-409557525ea5,nmi,0.7562352830398911,PB-Cond trained with globally shuffled pseudo-bulk codes.
leave_one_out,PB-Cond_(global_shuffle),1,1,1,ablation_arms_2026-09,f3c49918-4707-4d92-bb6d-2b5b4eb9d1b4,ari,0.7058153832368737,PB-Cond trained with globally shuffled pseudo-bulk codes.
leave_one_out,PB-Cond_(global_shuffle),1,1,1,ablation_arms_2026-09,f3c49918-4707-4d92-bb6d-2b5b4eb9d1b4,nmi,0.8023460453080983,PB-Cond trained with globally shuffled pseudo-bulk codes.
leave_one_out,PB-Cond_(global_shuffle),1,1,1,ablation_arms_2026-09,f641d68a-e877-4bb8-afd7-b8fa3921d461,ari,0.5106450053958563,PB-Cond trained with globally shuffled pseudo-bulk codes.
leave_one_out,PB-Cond_(global_shuffle),1,1,1,ablation_arms_2026-09,f641d68a-e877-4bb8-afd7-b8fa3921d461,nmi,0.6625739726717168,PB-Cond trained with globally shuffled pseudo-bulk codes.
leave_one_out,PB-Cond_(global_shuffle),1,1,1,ablation_arms_2026-09,f6cc8a47-2dea-40aa-8608-d771c5ef8a07,ari,0.39766965956311,PB-Cond trained with globally shuffled pseudo-bulk codes.
leave_one_out,PB-Cond_(global_shuffle),1,1,1,ablation_arms_2026-09,f6cc8a47-2dea-40aa-8608-d771c5ef8a07,nmi,0.5292660184397369,PB-Cond trained with globally shuffled pseudo-bulk codes.
leave_one_out,PB-Cond_(global_shuffle),1,1,1,ablation_arms_2026-09,fe7aae33-6f7c-41a5-8d29-9996a9ddf1ab,ari,0.7017697023427301,PB-Cond trained with globally shuffled pseudo-bulk codes.
leave_one_out,PB-Cond_(global_shuffle),1,1,1,ablation_arms_2026-09,fe7aae33-6f7c-41a5-8d29-9996a9ddf1ab,nmi,0.7406992900072444,PB-Cond trained with globally shuffled pseudo-bulk codes.
leave_one_out,PB-Cond_(global_shuffle),1,1,1,ablation_arms_2026-09,01b84709-139c-4485-98a9-6e14c58fbbf6,gene_mean_pearson,0.940355203105114,PB-Cond trained with globally shuffled pseudo-bulk codes.
leave_one_out,PB-Cond_(global_shuffle),1,1,1,ablation_arms_2026-09,01b84709-139c-4485-98a9-6e14c58fbbf6,training_style_hvg,0.8781159851074218,PB-Cond trained with globally shuffled pseudo-bulk codes.
leave_one_out,PB-Cond_(global_shuffle),1,1,1,ablation_arms_2026-09,07dd8c34-4625-480a-8ee4-273a06c3082b,gene_mean_pearson,0.9383588704271084,PB-Cond trained with globally shuffled pseudo-bulk codes.
leave_one_out,PB-Cond_(global_shuffle),1,1,1,ablation_arms_2026-09,07dd8c34-4625-480a-8ee4-273a06c3082b,training_style_hvg,0.948652706408454,PB-Cond trained with globally shuffled pseudo-bulk codes.
leave_one_out,PB-Cond_(global_shuffle),1,1,1,ablation_arms_2026-09,09b518f9-da64-44cc-aec8-70a89d55611f,gene_mean_pearson,0.8852160242147722,PB-Cond trained with globally shuffled pseudo-bulk codes.
leave_one_out,PB-Cond_(global_shuffle),1,1,1,ablation_arms_2026-09,09b518f9-da64-44cc-aec8-70a89d55611f,training_style_hvg,0.8887770935058594,PB-Cond trained with globally shuffled pseudo-bulk codes.
leave_one_out,PB-Cond_(global_shuffle),1,1,1,ablation_arms_2026-09,0a8e3443-c3e2-4918-84db-0495657d9175,gene_mean_pearson,0.9769056241623376,PB-Cond trained with globally shuffled pseudo-bulk codes.
leave_one_out,PB-Cond_(global_shuffle),1,1,1,ablation_arms_2026-09,0a8e3443-c3e2-4918-84db-0495657d9175,training_style_hvg,0.9555079528808592,PB-Cond trained with globally shuffled pseudo-bulk codes.
leave_one_out,PB-Cond_(global_shuffle),1,1,1,ablation_arms_2026-09,0ae6f031-2f9c-4247-8b26-db320d6efd32,gene_mean_pearson,0.8455652045438669,PB-Cond trained with globally shuffled pseudo-bulk codes.
leave_one_out,PB-Cond_(global_shuffle),1,1,1,ablation_arms_2026-09,0ae6f031-2f9c-4247-8b26-db320d6efd32,training_style_hvg,0.7475786447832661,PB-Cond trained with globally shuffled pseudo-bulk codes.
leave_one_out,PB-Cond_(global_shuffle),1,1,1,ablation_arms_2026-09,0bf30b02-db97-4560-b9cd-0fe3588892af,gene_mean_pearson,0.9538223764901614,PB-Cond trained with globally shuffled pseudo-bulk codes.
leave_one_out,PB-Cond_(global_shuffle),1,1,1,ablation_arms_2026-09,0bf30b02-db97-4560-b9cd-0fe3588892af,training_style_hvg,0.9114684631347656,PB-Cond trained with globally shuffled pseudo-bulk codes.
leave_one_out,PB-Cond_(global_shuffle),1,1,1,ablation_arms_2026-09,0c0c49a2-b96b-432f-98a4-1decf9929149,gene_mean_pearson,0.9772984619992698,PB-Cond trained with globally shuffled pseudo-bulk codes.
leave_one_out,PB-Cond_(global_shuffle),1,1,1,ablation_arms_2026-09,0c0c49a2-b96b-432f-98a4-1decf9929149,training_style_hvg,0.956688525390625,PB-Cond trained with globally shuffled pseudo-bulk codes.
leave_one_out,PB-Cond_(global_shuffle),1,1,1,ablation_arms_2026-09,145dcf6a-2461-4fa3-a0af-7fc56db0bd33,gene_mean_pearson,0.9314280604890676,PB-Cond trained with globally shuffled pseudo-bulk codes.
leave_one_out,PB-Cond_(global_shuffle),1,1,1,ablation_arms_2026-09,145dcf6a-2461-4fa3-a0af-7fc56db0bd33,training_style_hvg,0.9267077026367188,PB-Cond trained with globally shuffled pseudo-bulk codes.
leave_one_out,PB-Cond_(global_shuffle),1,1,1,ablation_arms_2026-09,16023185-de21-4c0d-a9c8-73abdd52d142,gene_mean_pearson,0.9821513747695284,PB-Cond trained with globally shuffled pseudo-bulk codes.
leave_one_out,PB-Cond_(global_shuffle),1,1,1,ablation_arms_2026-09,16023185-de21-4c0d-a9c8-73abdd52d142,training_style_hvg,0.9025779846191406,PB-Cond trained with globally shuffled pseudo-bulk codes.
leave_one_out,PB-Cond_(global_shuffle),1,1,1,ablation_arms_2026-09,19053a82-9c89-4fb8-bd19-d7b1800b0b7b,gene_mean_pearson,0.9470805924990257,PB-Cond trained with globally shuffled pseudo-bulk codes.
leave_one_out,PB-Cond_(global_shuffle),1,1,1,ablation_arms_2026-09,19053a82-9c89-4fb8-bd19-d7b1800b0b7b,training_style_hvg,0.910503564453125,PB-Cond trained with globally shuffled pseudo-bulk codes.
leave_one_out,PB-Cond_(global_shuffle),1,1,1,ablation_arms_2026-09,19f1bec6-eeb7-4133-accc-992d745fef89,gene_mean_pearson,0.8646835697810022,PB-Cond trained with globally shuffled pseudo-bulk codes.
leave_one_out,PB-Cond_(global_shuffle),1,1,1,ablation_arms_2026-09,19f1bec6-eeb7-4133-accc-992d745fef89,training_style_hvg,0.8784108764648437,PB-Cond trained with globally shuffled pseudo-bulk codes.
leave_one_out,PB-Cond_(global_shuffle),1,1,1,ablation_arms_2026-09,1a9f3b38-b86d-416d-bbdc-9058ad3ff42d,gene_mean_pearson,0.7750178304906423,PB-Cond trained with globally shuffled pseudo-bulk codes.
leave_one_out,PB-Cond_(global_shuffle),1,1,1,ablation_arms_2026-09,1a9f3b38-b86d-416d-bbdc-9058ad3ff42d,training_style_hvg,0.8882500854492188,PB-Cond trained with globally shuffled pseudo-bulk codes.
leave_one_out,PB-Cond_(global_shuffle),1,1,1,ablation_arms_2026-09,1ab4ebbc-18d6-4838-89c2-cdc5b10accfb,gene_mean_pearson,0.9546465276037144,PB-Cond trained with globally shuffled pseudo-bulk codes.
leave_one_out,PB-Cond_(global_shuffle),1,1,1,ablation_arms_2026-09,1ab4ebbc-18d6-4838-89c2-cdc5b10accfb,training_style_hvg,0.9312738674215548,PB-Cond trained with globally shuffled pseudo-bulk codes.
leave_one_out,PB-Cond_(global_shuffle),1,1,1,ablation_arms_2026-09,1b350d0a-4535-4879-beb6-1142f3f94947,gene_mean_pearson,0.9749677536280992,PB-Cond trained with globally shuffled pseudo-bulk codes.
leave_one_out,PB-Cond_(global_shuffle),1,1,1,ablation_arms_2026-09,1b350d0a-4535-4879-beb6-1142f3f94947,training_style_hvg,0.918156280517578,PB-Cond trained with globally shuffled pseudo-bulk codes.
leave_one_out,PB-Cond_(global_shuffle),1,1,1,ablation_arms_2026-09,203025fe-fa99-4d57-81da-458ed8f0c334,gene_mean_pearson,0.8806445175858262,PB-Cond trained with globally shuffled pseudo-bulk codes.
leave_one_out,PB-Cond_(global_shuffle),1,1,1,ablation_arms_2026-09,203025fe-fa99-4d57-81da-458ed8f0c334,training_style_hvg,0.8714773620605468,PB-Cond trained with globally shuffled pseudo-bulk codes.
leave_one_out,PB-Cond_(global_shuffle),1,1,1,ablation_arms_2026-09,21722308-5091-4b63-9c07-4f116ab9a7b3,gene_mean_pearson,0.9245268554804632,PB-Cond trained with globally shuffled pseudo-bulk codes.
leave_one_out,PB-Cond_(global_shuffle),1,1,1,ablation_arms_2026-09,21722308-5091-4b63-9c07-4f116ab9a7b3,training_style_hvg,0.9232840698242188,PB-Cond trained with globally shuffled pseudo-bulk codes.
leave_one_out,PB-Cond_(global_shuffle),1,1,1,ablation_arms_2026-09,27d3952f-fbbc-497d-98d1-f37f3d555235,gene_mean_pearson,0.9330707033022072,PB-Cond trained with globally shuffled pseudo-bulk codes.
leave_one_out,PB-Cond_(global_shuffle),1,1,1,ablation_arms_2026-09,27d3952f-fbbc-497d-98d1-f37f3d555235,training_style_hvg,0.9325293335984958,PB-Cond trained with globally shuffled pseudo-bulk codes.
leave_one_out,PB-Cond_(global_shuffle),1,1,1,ablation_arms_2026-09,30c2a6fd-d547-460f-a5e7-44c62a2af7ad,gene_mean_pearson,0.9459578347395108,PB-Cond trained with globally shuffled pseudo-bulk codes.
leave_one_out,PB-Cond_(global_shuffle),1,1,1,ablation_arms_2026-09,30c2a6fd-d547-460f-a5e7-44c62a2af7ad,training_style_hvg,0.8908855102539063,PB-Cond trained with globally shuffled pseudo-bulk codes.
leave_one_out,PB-Cond_(global_shuffle),1,1,1,ablation_arms_2026-09,322c816f-608a-4da1-99c4-36ca4ad45146,gene_mean_pearson,0.8929201456583697,PB-Cond trained with globally shuffled pseudo-bulk codes.
leave_one_out,PB-Cond_(global_shuffle),1,1,1,ablation_arms_2026-09,322c816f-608a-4da1-99c4-36ca4ad45146,training_style_hvg,0.9040852905273438,PB-Cond trained with globally shuffled pseudo-bulk codes.
leave_one_out,PB-Cond_(global_shuffle),1,1,1,ablation_arms_2026-09,3a702020-cf66-4ef5-9d11-4a5e835b7efb,gene_mean_pearson,0.7855294537347565,PB-Cond trained with globally shuffled pseudo-bulk codes.
leave_one_out,PB-Cond_(global_shuffle),1,1,1,ablation_arms_2026-09,3a702020-cf66-4ef5-9d11-4a5e835b7efb,training_style_hvg,0.8306643615722656,PB-Cond trained with globally shuffled pseudo-bulk codes.
leave_one_out,PB-Cond_(global_shuffle),1,1,1,ablation_arms_2026-09,3bfd5174-5b49-4e58-b233-ed0f4edd0bec,gene_mean_pearson,0.8541135649015424,PB-Cond trained with globally shuffled pseudo-bulk codes.
leave_one_out,PB-Cond_(global_shuffle),1,1,1,ablation_arms_2026-09,3bfd5174-5b49-4e58-b233-ed0f4edd0bec,training_style_hvg,0.7710619172127016,PB-Cond trained with globally shuffled pseudo-bulk codes.
leave_one_out,PB-Cond_(global_shuffle),1,1,1,ablation_arms_2026-09,3c364ffe-d599-44d5-a77f-6c5fd7038cf6,gene_mean_pearson,0.8955444385732811,PB-Cond trained with globally shuffled pseudo-bulk codes.
leave_one_out,PB-Cond_(global_shuffle),1,1,1,ablation_arms_2026-09,3c364ffe-d599-44d5-a77f-6c5fd7038cf6,training_style_hvg,0.8993171997070313,PB-Cond trained with globally shuffled pseudo-bulk codes.
leave_one_out,PB-Cond_(global_shuffle),1,1,1,ablation_arms_2026-09,3cb646ab-d411-4e5b-89eb-082a786c953b,gene_mean_pearson,0.9775269390940634,PB-Cond trained with globally shuffled pseudo-bulk codes.
leave_one_out,PB-Cond_(global_shuffle),1,1,1,ablation_arms_2026-09,3cb646ab-d411-4e5b-89eb-082a786c953b,training_style_hvg,0.9559762512207032,PB-Cond trained with globally shuffled pseudo-bulk codes.
leave_one_out,PB-Cond_(global_shuffle),1,1,1,ablation_arms_2026-09,3e55180c-780a-4424-9434-5296640ffc0d,gene_mean_pearson,0.9337840480440152,PB-Cond trained with globally shuffled pseudo-bulk codes.
leave_one_out,PB-Cond_(global_shuffle),1,1,1,ablation_arms_2026-09,3e55180c-780a-4424-9434-5296640ffc0d,training_style_hvg,0.939411199641835,PB-Cond trained with globally shuffled pseudo-bulk codes.
leave_one_out,PB-Cond_(global_shuffle),1,1,1,ablation_arms_2026-09,420d0f5d-b7ba-4b1e-88d0-44e9f733febd,gene_mean_pearson,0.977672300128662,PB-Cond trained with globally shuffled pseudo-bulk codes.
leave_one_out,PB-Cond_(global_shuffle),1,1,1,ablation_arms_2026-09,420d0f5d-b7ba-4b1e-88d0-44e9f733febd,training_style_hvg,0.9576185485839844,PB-Cond trained with globally shuffled pseudo-bulk codes.
leave_one_out,PB-Cond_(global_shuffle),1,1,1,ablation_arms_2026-09,4319097a-acae-4124-beed-d1173ffe1464,gene_mean_pearson,0.8705853504223763,PB-Cond trained with globally shuffled pseudo-bulk codes.
leave_one_out,PB-Cond_(global_shuffle),1,1,1,ablation_arms_2026-09,4319097a-acae-4124-beed-d1173ffe1464,training_style_hvg,0.8793418126260081,PB-Cond trained with globally shuffled pseudo-bulk codes.
leave_one_out,PB-Cond_(global_shuffle),1,1,1,ablation_arms_2026-09,432f3af5-6a79-401f-b315-fb2df789f32c,gene_mean_pearson,0.8877324351351156,PB-Cond trained with globally shuffled pseudo-bulk codes.
leave_one_out,PB-Cond_(global_shuffle),1,1,1,ablation_arms_2026-09,432f3af5-6a79-401f-b315-fb2df789f32c,training_style_hvg,0.7396040354082661,PB-Cond trained with globally shuffled pseudo-bulk codes.
leave_one_out,PB-Cond_(global_shuffle),1,1,1,ablation_arms_2026-09,43a1506b-aa9e-46a3-b288-d210f4595ddf,gene_mean_pearson,0.9576451919474698,PB-Cond trained with globally shuffled pseudo-bulk codes.
leave_one_out,PB-Cond_(global_shuffle),1,1,1,ablation_arms_2026-09,43a1506b-aa9e-46a3-b288-d210f4595ddf,training_style_hvg,0.8035882751464843,PB-Cond trained with globally shuffled pseudo-bulk codes.
leave_one_out,PB-Cond_(global_shuffle),1,1,1,ablation_arms_2026-09,43aa19d2-c723-4822-979d-d2f0239835e0,gene_mean_pearson,0.9296361256358324,PB-Cond trained with globally shuffled pseudo-bulk codes.
leave_one_out,PB-Cond_(global_shuffle),1,1,1,ablation_arms_2026-09,43aa19d2-c723-4822-979d-d2f0239835e0,training_style_hvg,0.9026211791992188,PB-Cond trained with globally shuffled pseudo-bulk codes.
leave_one_out,PB-Cond_(global_shuffle),1,1,1,ablation_arms_2026-09,46104f0b-9af5-466a-ae0f-56b8dc1969a2,gene_mean_pearson,0.9772975339850584,PB-Cond trained with globally shuffled pseudo-bulk codes.
leave_one_out,PB-Cond_(global_shuffle),1,1,1,ablation_arms_2026-09,46104f0b-9af5-466a-ae0f-56b8dc1969a2,training_style_hvg,0.9566662170410156,PB-Cond trained with globally shuffled pseudo-bulk codes.
leave_one_out,PB-Cond_(global_shuffle),1,1,1,ablation_arms_2026-09,47e00f43-6176-44a5-b4d1-f88a1920fcab,gene_mean_pearson,0.9778482165102024,PB-Cond trained with globally shuffled pseudo-bulk codes.
leave_one_out,PB-Cond_(global_shuffle),1,1,1,ablation_arms_2026-09,47e00f43-6176-44a5-b4d1-f88a1920fcab,training_style_hvg,0.9570226806640624,PB-Cond trained with globally shuffled pseudo-bulk codes.
leave_one_out,PB-Cond_(global_shuffle),1,1,1,ablation_arms_2026-09,4b83f213-b96b-4c87-a884-9b81faddb194,gene_mean_pearson,0.9151484857971558,PB-Cond trained with globally shuffled pseudo-bulk codes.
leave_one_out,PB-Cond_(global_shuffle),1,1,1,ablation_arms_2026-09,4b83f213-b96b-4c87-a884-9b81faddb194,training_style_hvg,0.8521715759277344,PB-Cond trained with globally shuffled pseudo-bulk codes.
leave_one_out,PB-Cond_(global_shuffle),1,1,1,ablation_arms_2026-09,527641f0-df64-4c80-957c-a65dccd477bc,gene_mean_pearson,0.8691262977032055,PB-Cond trained with globally shuffled pseudo-bulk codes.
leave_one_out,PB-Cond_(global_shuffle),1,1,1,ablation_arms_2026-09,527641f0-df64-4c80-957c-a65dccd477bc,training_style_hvg,0.8920147429435484,PB-Cond trained with globally shuffled pseudo-bulk codes.
leave_one_out,PB-Cond_(global_shuffle),1,1,1,ablation_arms_2026-09,53ce2631-3646-4172-bbd9-38b0a44d8214,gene_mean_pearson,0.924024519800839,PB-Cond trained with globally shuffled pseudo-bulk codes.
leave_one_out,PB-Cond_(global_shuffle),1,1,1,ablation_arms_2026-09,53ce2631-3646-4172-bbd9-38b0a44d8214,training_style_hvg,0.8895808227539063,PB-Cond trained with globally shuffled pseudo-bulk codes.
leave_one_out,PB-Cond_(global_shuffle),1,1,1,ablation_arms_2026-09,56a4bc14-9407-45fd-8786-f7f6fc87c9dd,gene_mean_pearson,0.9379170081953918,PB-Cond trained with globally shuffled pseudo-bulk codes.
leave_one_out,PB-Cond_(global_shuffle),1,1,1,ablation_arms_2026-09,56a4bc14-9407-45fd-8786-f7f6fc87c9dd,training_style_hvg,0.8815353088378907,PB-Cond trained with globally shuffled pseudo-bulk codes.
leave_one_out,PB-Cond_(global_shuffle),1,1,1,ablation_arms_2026-09,589fe605-6d49-4abe-bff8-1675511c689a,gene_mean_pearson,0.9755489497921328,PB-Cond trained with globally shuffled pseudo-bulk codes.
leave_one_out,PB-Cond_(global_shuffle),1,1,1,ablation_arms_2026-09,589fe605-6d49-4abe-bff8-1675511c689a,training_style_hvg,0.928025244140625,PB-Cond trained with globally shuffled pseudo-bulk codes.
leave_one_out,PB-Cond_(global_shuffle),1,1,1,ablation_arms_2026-09,58f43044-cd3c-42b8-bc0b-3498eb236359,gene_mean_pearson,0.938738099051527,PB-Cond trained with globally shuffled pseudo-bulk codes.
leave_one_out,PB-Cond_(global_shuffle),1,1,1,ablation_arms_2026-09,58f43044-cd3c-42b8-bc0b-3498eb236359,training_style_hvg,0.8473603057861329,PB-Cond trained with globally shuffled pseudo-bulk codes.
leave_one_out,PB-Cond_(global_shuffle),1,1,1,ablation_arms_2026-09,5a9cfb44-494a-4540-8db8-7143b1bb5a6f,gene_mean_pearson,0.9526577445421892,PB-Cond trained with globally shuffled pseudo-bulk codes.
leave_one_out,PB-Cond_(global_shuffle),1,1,1,ablation_arms_2026-09,5a9cfb44-494a-4540-8db8-7143b1bb5a6f,training_style_hvg,0.8761931701660156,PB-Cond trained with globally shuffled pseudo-bulk codes.
leave_one_out,PB-Cond_(global_shuffle),1,1,1,ablation_arms_2026-09,5c97eeeb-7e52-44b3-b010-b832b1f5424c,gene_mean_pearson,0.923850103695936,PB-Cond trained with globally shuffled pseudo-bulk codes.
leave_one_out,PB-Cond_(global_shuffle),1,1,1,ablation_arms_2026-09,5c97eeeb-7e52-44b3-b010-b832b1f5424c,training_style_hvg,0.9389323974609376,PB-Cond trained with globally shuffled pseudo-bulk codes.
leave_one_out,PB-Cond_(global_shuffle),1,1,1,ablation_arms_2026-09,5e57cd50-8e42-42d6-940d-5c1660d06864,gene_mean_pearson,0.9265291132787083,PB-Cond trained with globally shuffled pseudo-bulk codes.
leave_one_out,PB-Cond_(global_shuffle),1,1,1,ablation_arms_2026-09,5e57cd50-8e42-42d6-940d-5c1660d06864,training_style_hvg,0.9363144653320312,PB-Cond trained with globally shuffled pseudo-bulk codes.
leave_one_out,PB-Cond_(global_shuffle),1,1,1,ablation_arms_2026-09,5ed90bc0-12f3-4354-b314-0ce0dbb96458,gene_mean_pearson,0.9451821371782236,PB-Cond trained with globally shuffled pseudo-bulk codes.
leave_one_out,PB-Cond_(global_shuffle),1,1,1,ablation_arms_2026-09,5ed90bc0-12f3-4354-b314-0ce0dbb96458,training_style_hvg,0.9257169311523438,PB-Cond trained with globally shuffled pseudo-bulk codes.
leave_one_out,PB-Cond_(global_shuffle),1,1,1,ablation_arms_2026-09,5fde5c9c-5b1e-4df5-982a-3f8e7635161f,gene_mean_pearson,0.9766429074810676,PB-Cond trained with globally shuffled pseudo-bulk codes.
leave_one_out,PB-Cond_(global_shuffle),1,1,1,ablation_arms_2026-09,5fde5c9c-5b1e-4df5-982a-3f8e7635161f,training_style_hvg,0.958406121826172,PB-Cond trained with globally shuffled pseudo-bulk codes.
leave_one_out,PB-Cond_(global_shuffle),1,1,1,ablation_arms_2026-09,60a29d0b-1a37-4447-ac32-00d701580b47,gene_mean_pearson,0.9694788886503872,PB-Cond trained with globally shuffled pseudo-bulk codes.
leave_one_out,PB-Cond_(global_shuffle),1,1,1,ablation_arms_2026-09,60a29d0b-1a37-4447-ac32-00d701580b47,training_style_hvg,0.9309589342532076,PB-Cond trained with globally shuffled pseudo-bulk codes.
leave_one_out,PB-Cond_(global_shuffle),1,1,1,ablation_arms_2026-09,61af564d-e5ea-4d34-a0f3-2668a00db376,gene_mean_pearson,0.8120314032633213,PB-Cond trained with globally shuffled pseudo-bulk codes.
leave_one_out,PB-Cond_(global_shuffle),1,1,1,ablation_arms_2026-09,61af564d-e5ea-4d34-a0f3-2668a00db376,training_style_hvg,0.8368237670898437,PB-Cond trained with globally shuffled pseudo-bulk codes.
leave_one_out,PB-Cond_(global_shuffle),1,1,1,ablation_arms_2026-09,61d327d1-2227-4c5f-9367-e3559dc79b07,gene_mean_pearson,0.5722649196959249,PB-Cond trained with globally shuffled pseudo-bulk codes.
leave_one_out,PB-Cond_(global_shuffle),1,1,1,ablation_arms_2026-09,61d327d1-2227-4c5f-9367-e3559dc79b07,training_style_hvg,0.4754340397053627,PB-Cond trained with globally shuffled pseudo-bulk codes.
leave_one_out,PB-Cond_(global_shuffle),1,1,1,ablation_arms_2026-09,64267fb5-7b70-4705-a13b-cc38966c22a8,gene_mean_pearson,0.912900011086996,PB-Cond trained with globally shuffled pseudo-bulk codes.
leave_one_out,PB-Cond_(global_shuffle),1,1,1,ablation_arms_2026-09,64267fb5-7b70-4705-a13b-cc38966c22a8,training_style_hvg,0.9790128540039064,PB-Cond trained with globally shuffled pseudo-bulk codes.
leave_one_out,PB-Cond_(global_shuffle),1,1,1,ablation_arms_2026-09,67b6b9ac-b841-42ce-b2d4-ed2ec12327bd,gene_mean_pearson,0.8529611659654698,PB-Cond trained with globally shuffled pseudo-bulk codes.
leave_one_out,PB-Cond_(global_shuffle),1,1,1,ablation_arms_2026-09,67b6b9ac-b841-42ce-b2d4-ed2ec12327bd,training_style_hvg,0.8302156005859375,PB-Cond trained with globally shuffled pseudo-bulk codes.
leave_one_out,PB-Cond_(global_shuffle),1,1,1,ablation_arms_2026-09,6fc37633-13f5-4bf0-af95-52808143bffd,gene_mean_pearson,0.934688442279566,PB-Cond trained with globally shuffled pseudo-bulk codes.
leave_one_out,PB-Cond_(global_shuffle),1,1,1,ablation_arms_2026-09,6fc37633-13f5-4bf0-af95-52808143bffd,training_style_hvg,0.9627559718038822,PB-Cond trained with globally shuffled pseudo-bulk codes.
leave_one_out,PB-Cond_(global_shuffle),1,1,1,ablation_arms_2026-09,75011e96-ba37-4977-a539-fbf9f66a5e37,gene_mean_pearson,0.962384683861787,PB-Cond trained with globally shuffled pseudo-bulk codes.
leave_one_out,PB-Cond_(global_shuffle),1,1,1,ablation_arms_2026-09,75011e96-ba37-4977-a539-fbf9f66a5e37,training_style_hvg,0.9015856535696228,PB-Cond trained with globally shuffled pseudo-bulk codes.
leave_one_out,PB-Cond_(global_shuffle),1,1,1,ablation_arms_2026-09,781cc817-3fd0-487c-a55a-b47b2786a05d,gene_mean_pearson,0.9628347610899578,PB-Cond trained with globally shuffled pseudo-bulk codes.
leave_one_out,PB-Cond_(global_shuffle),1,1,1,ablation_arms_2026-09,781cc817-3fd0-487c-a55a-b47b2786a05d,training_style_hvg,0.894127246631829,PB-Cond trained with globally shuffled pseudo-bulk codes.
leave_one_out,PB-Cond_(global_shuffle),1,1,1,ablation_arms_2026-09,79884ae5-e026-4d4a-858f-e807960bd4f7,gene_mean_pearson,0.9293996141604092,PB-Cond trained with globally shuffled pseudo-bulk codes.
leave_one_out,PB-Cond_(global_shuffle),1,1,1,ablation_arms_2026-09,79884ae5-e026-4d4a-858f-e807960bd4f7,training_style_hvg,0.8915342721023128,PB-Cond trained with globally shuffled pseudo-bulk codes.
leave_one_out,PB-Cond_(global_shuffle),1,1,1,ablation_arms_2026-09,8058d760-09e6-4bdd-86a1-36917ffca3ef,gene_mean_pearson,0.729446439574336,PB-Cond trained with globally shuffled pseudo-bulk codes.
leave_one_out,PB-Cond_(global_shuffle),1,1,1,ablation_arms_2026-09,8058d760-09e6-4bdd-86a1-36917ffca3ef,training_style_hvg,0.8987512939453125,PB-Cond trained with globally shuffled pseudo-bulk codes.
leave_one_out,PB-Cond_(global_shuffle),1,1,1,ablation_arms_2026-09,829a3cd1-a466-49f1-b2e9-d3f6b7f392e2,gene_mean_pearson,0.9660039633334322,PB-Cond trained with globally shuffled pseudo-bulk codes.
leave_one_out,PB-Cond_(global_shuffle),1,1,1,ablation_arms_2026-09,829a3cd1-a466-49f1-b2e9-d3f6b7f392e2,training_style_hvg,0.9368740844726564,PB-Cond trained with globally shuffled pseudo-bulk codes.
leave_one_out,PB-Cond_(global_shuffle),1,1,1,ablation_arms_2026-09,84cfa5aa-a0d1-415e-ac47-eb66c9cf8170,gene_mean_pearson,0.9752554374963476,PB-Cond trained with globally shuffled pseudo-bulk codes.
leave_one_out,PB-Cond_(global_shuffle),1,1,1,ablation_arms_2026-09,84cfa5aa-a0d1-415e-ac47-eb66c9cf8170,training_style_hvg,0.9195626831054688,PB-Cond trained with globally shuffled pseudo-bulk codes.
leave_one_out,PB-Cond_(global_shuffle),1,1,1,ablation_arms_2026-09,8560f809-5794-484e-9152-b63efa91d134,gene_mean_pearson,0.9547284862546684,PB-Cond trained with globally shuffled pseudo-bulk codes.
leave_one_out,PB-Cond_(global_shuffle),1,1,1,ablation_arms_2026-09,8560f809-5794-484e-9152-b63efa91d134,training_style_hvg,0.8987785522460937,PB-Cond trained with globally shuffled pseudo-bulk codes.
leave_one_out,PB-Cond_(global_shuffle),1,1,1,ablation_arms_2026-09,867757c1-3b1a-49d9-a0cd-17767eb160cc,gene_mean_pearson,0.7957163192585636,PB-Cond trained with globally shuffled pseudo-bulk codes.
leave_one_out,PB-Cond_(global_shuffle),1,1,1,ablation_arms_2026-09,867757c1-3b1a-49d9-a0cd-17767eb160cc,training_style_hvg,0.8392358459472656,PB-Cond trained with globally shuffled pseudo-bulk codes.
leave_one_out,PB-Cond_(global_shuffle),1,1,1,ablation_arms_2026-09,881e0e6b-a185-45f1-9b56-81606e91e7ff,gene_mean_pearson,0.9778433569805932,PB-Cond trained with globally shuffled pseudo-bulk codes.
leave_one_out,PB-Cond_(global_shuffle),1,1,1,ablation_arms_2026-09,881e0e6b-a185-45f1-9b56-81606e91e7ff,training_style_hvg,0.9366766052246094,PB-Cond trained with globally shuffled pseudo-bulk codes.
leave_one_out,PB-Cond_(global_shuffle),1,1,1,ablation_arms_2026-09,8ef06ea4-8d0f-4303-a652-7d4604402b1f,gene_mean_pearson,0.9480973569394828,PB-Cond trained with globally shuffled pseudo-bulk codes.
leave_one_out,PB-Cond_(global_shuffle),1,1,1,ablation_arms_2026-09,8ef06ea4-8d0f-4303-a652-7d4604402b1f,training_style_hvg,0.8839768249511719,PB-Cond trained with globally shuffled pseudo-bulk codes.
leave_one_out,PB-Cond_(global_shuffle),1,1,1,ablation_arms_2026-09,8f3e7fcf-0b16-4a29-a5f1-a7a8b267d689,gene_mean_pearson,0.9770868894454816,PB-Cond trained with globally shuffled pseudo-bulk codes.
leave_one_out,PB-Cond_(global_shuffle),1,1,1,ablation_arms_2026-09,8f3e7fcf-0b16-4a29-a5f1-a7a8b267d689,training_style_hvg,0.9534337890625,PB-Cond trained with globally shuffled pseudo-bulk codes.
leave_one_out,PB-Cond_(global_shuffle),1,1,1,ablation_arms_2026-09,8ff0cef9-393e-43de-9722-a1e12c239727,gene_mean_pearson,0.911249950890186,PB-Cond trained with globally shuffled pseudo-bulk codes.
leave_one_out,PB-Cond_(global_shuffle),1,1,1,ablation_arms_2026-09,8ff0cef9-393e-43de-9722-a1e12c239727,training_style_hvg,0.8071512569304435,PB-Cond trained with globally shuffled pseudo-bulk codes.
leave_one_out,PB-Cond_(global_shuffle),1,1,1,ablation_arms_2026-09,95d3b0fb-b8a7-4bec-a2e8-cded3222ff07,gene_mean_pearson,0.9339141042046908,PB-Cond trained with globally shuffled pseudo-bulk codes.
leave_one_out,PB-Cond_(global_shuffle),1,1,1,ablation_arms_2026-09,95d3b0fb-b8a7-4bec-a2e8-cded3222ff07,training_style_hvg,0.9183047047188926,PB-Cond trained with globally shuffled pseudo-bulk codes.
leave_one_out,PB-Cond_(global_shuffle),1,1,1,ablation_arms_2026-09,963a08cb-d995-4862-9614-f9d38a7d7540,gene_mean_pearson,0.8159587397805504,PB-Cond trained with globally shuffled pseudo-bulk codes.
leave_one_out,PB-Cond_(global_shuffle),1,1,1,ablation_arms_2026-09,963a08cb-d995-4862-9614-f9d38a7d7540,training_style_hvg,0.8864154479980468,PB-Cond trained with globally shuffled pseudo-bulk codes.
leave_one_out,PB-Cond_(global_shuffle),1,1,1,ablation_arms_2026-09,978a566a-dc27-478d-b306-26daba116c1f,gene_mean_pearson,0.7625991497696125,PB-Cond trained with globally shuffled pseudo-bulk codes.
leave_one_out,PB-Cond_(global_shuffle),1,1,1,ablation_arms_2026-09,978a566a-dc27-478d-b306-26daba116c1f,training_style_hvg,0.911049609375,PB-Cond trained with globally shuffled pseudo-bulk codes.
leave_one_out,PB-Cond_(global_shuffle),1,1,1,ablation_arms_2026-09,98219f72-0f9a-4de9-a859-c81834f24ab1,gene_mean_pearson,0.6260257106598589,PB-Cond trained with globally shuffled pseudo-bulk codes.
leave_one_out,PB-Cond_(global_shuffle),1,1,1,ablation_arms_2026-09,98219f72-0f9a-4de9-a859-c81834f24ab1,training_style_hvg,0.4082096038818359,PB-Cond trained with globally shuffled pseudo-bulk codes.
leave_one_out,PB-Cond_(global_shuffle),1,1,1,ablation_arms_2026-09,9f1a899f-05a0-44c5-8aa9-39df61ae4324,gene_mean_pearson,0.8779909544021093,PB-Cond trained with globally shuffled pseudo-bulk codes.
leave_one_out,PB-Cond_(global_shuffle),1,1,1,ablation_arms_2026-09,9f1a899f-05a0-44c5-8aa9-39df61ae4324,training_style_hvg,0.911780108642578,PB-Cond trained with globally shuffled pseudo-bulk codes.
leave_one_out,PB-Cond_(global_shuffle),1,1,1,ablation_arms_2026-09,a24ce10f-5a87-4e1f-a34a-f4fe5fc84052,gene_mean_pearson,0.9345843640473764,PB-Cond trained with globally shuffled pseudo-bulk codes.
leave_one_out,PB-Cond_(global_shuffle),1,1,1,ablation_arms_2026-09,a24ce10f-5a87-4e1f-a34a-f4fe5fc84052,training_style_hvg,0.926380897330617,PB-Cond trained with globally shuffled pseudo-bulk codes.
leave_one_out,PB-Cond_(global_shuffle),1,1,1,ablation_arms_2026-09,a2c833f7-b7f1-4f4d-ad31-cae478b601b7,gene_mean_pearson,0.9422706435658728,PB-Cond trained with globally shuffled pseudo-bulk codes.
leave_one_out,PB-Cond_(global_shuffle),1,1,1,ablation_arms_2026-09,a2c833f7-b7f1-4f4d-ad31-cae478b601b7,training_style_hvg,0.9361184814453124,PB-Cond trained with globally shuffled pseudo-bulk codes.
leave_one_out,PB-Cond_(global_shuffle),1,1,1,ablation_arms_2026-09,aa32098f-f7b0-43f2-a00a-601d190aae94,gene_mean_pearson,0.9770678923664916,PB-Cond trained with globally shuffled pseudo-bulk codes.
leave_one_out,PB-Cond_(global_shuffle),1,1,1,ablation_arms_2026-09,aa32098f-f7b0-43f2-a00a-601d190aae94,training_style_hvg,0.9569794006347656,PB-Cond trained with globally shuffled pseudo-bulk codes.
leave_one_out,PB-Cond_(global_shuffle),1,1,1,ablation_arms_2026-09,aa369999-a034-4ad9-b459-8a93c86ea77b,gene_mean_pearson,0.9216405710239248,PB-Cond trained with globally shuffled pseudo-bulk codes.
leave_one_out,PB-Cond_(global_shuffle),1,1,1,ablation_arms_2026-09,aa369999-a034-4ad9-b459-8a93c86ea77b,training_style_hvg,0.8949487548828124,PB-Cond trained with globally shuffled pseudo-bulk codes.
leave_one_out,PB-Cond_(global_shuffle),1,1,1,ablation_arms_2026-09,acd544d0-4d8b-46c7-98b3-fc48f7e6fdb7,gene_mean_pearson,0.7712379096988896,PB-Cond trained with globally shuffled pseudo-bulk codes.
leave_one_out,PB-Cond_(global_shuffle),1,1,1,ablation_arms_2026-09,acd544d0-4d8b-46c7-98b3-fc48f7e6fdb7,training_style_hvg,0.6970426736959139,PB-Cond trained with globally shuffled pseudo-bulk codes.
leave_one_out,PB-Cond_(global_shuffle),1,1,1,ablation_arms_2026-09,aecc2743-4ff2-4b55-ac8c-a1ff76fc4bb4,gene_mean_pearson,0.955534750517512,PB-Cond trained with globally shuffled pseudo-bulk codes.
leave_one_out,PB-Cond_(global_shuffle),1,1,1,ablation_arms_2026-09,aecc2743-4ff2-4b55-ac8c-a1ff76fc4bb4,training_style_hvg,0.953729052734375,PB-Cond trained with globally shuffled pseudo-bulk codes.
leave_one_out,PB-Cond_(global_shuffle),1,1,1,ablation_arms_2026-09,afae4675-434d-4e89-b5ce-2854c9dc38a3,gene_mean_pearson,0.7893086830660929,PB-Cond trained with globally shuffled pseudo-bulk codes.
leave_one_out,PB-Cond_(global_shuffle),1,1,1,ablation_arms_2026-09,afae4675-434d-4e89-b5ce-2854c9dc38a3,training_style_hvg,0.7311163635253907,PB-Cond trained with globally shuffled pseudo-bulk codes.
leave_one_out,PB-Cond_(global_shuffle),1,1,1,ablation_arms_2026-09,b617ee1b-f8c8-4de9-b82b-e803ab93550d,gene_mean_pearson,0.9504118580905824,PB-Cond trained with globally shuffled pseudo-bulk codes.
leave_one_out,PB-Cond_(global_shuffle),1,1,1,ablation_arms_2026-09,b617ee1b-f8c8-4de9-b82b-e803ab93550d,training_style_hvg,0.8906372680664062,PB-Cond trained with globally shuffled pseudo-bulk codes.
leave_one_out,PB-Cond_(global_shuffle),1,1,1,ablation_arms_2026-09,c838aec3-03ef-4398-b882-0e3912abfff0,gene_mean_pearson,0.9735592478866756,PB-Cond trained with globally shuffled pseudo-bulk codes.
leave_one_out,PB-Cond_(global_shuffle),1,1,1,ablation_arms_2026-09,c838aec3-03ef-4398-b882-0e3912abfff0,training_style_hvg,0.9375008605957031,PB-Cond trained with globally shuffled pseudo-bulk codes.
leave_one_out,PB-Cond_(global_shuffle),1,1,1,ablation_arms_2026-09,cee9b331-3ba0-4461-8bbd-867819d9fc0a,gene_mean_pearson,0.8779552805192059,PB-Cond trained with globally shuffled pseudo-bulk codes.
leave_one_out,PB-Cond_(global_shuffle),1,1,1,ablation_arms_2026-09,cee9b331-3ba0-4461-8bbd-867819d9fc0a,training_style_hvg,0.8902651682207662,PB-Cond trained with globally shuffled pseudo-bulk codes.
leave_one_out,PB-Cond_(global_shuffle),1,1,1,ablation_arms_2026-09,d567b692-c374-4628-a508-8008f6778f22,gene_mean_pearson,0.8910771140156599,PB-Cond trained with globally shuffled pseudo-bulk codes.
leave_one_out,PB-Cond_(global_shuffle),1,1,1,ablation_arms_2026-09,d567b692-c374-4628-a508-8008f6778f22,training_style_hvg,0.8947406188964844,PB-Cond trained with globally shuffled pseudo-bulk codes.
leave_one_out,PB-Cond_(global_shuffle),1,1,1,ablation_arms_2026-09,d68a8b48-abf0-4bd5-8834-155d34ec448a,gene_mean_pearson,0.8540685241528623,PB-Cond trained with globally shuffled pseudo-bulk codes.
leave_one_out,PB-Cond_(global_shuffle),1,1,1,ablation_arms_2026-09,d68a8b48-abf0-4bd5-8834-155d34ec448a,training_style_hvg,0.8807912780761719,PB-Cond trained with globally shuffled pseudo-bulk codes.
leave_one_out,PB-Cond_(global_shuffle),1,1,1,ablation_arms_2026-09,d7cff847-6403-44a6-ad8a-2f5a783639dd,gene_mean_pearson,0.9236562012462756,PB-Cond trained with globally shuffled pseudo-bulk codes.
leave_one_out,PB-Cond_(global_shuffle),1,1,1,ablation_arms_2026-09,d7cff847-6403-44a6-ad8a-2f5a783639dd,training_style_hvg,0.9398141235351564,PB-Cond trained with globally shuffled pseudo-bulk codes.
leave_one_out,PB-Cond_(global_shuffle),1,1,1,ablation_arms_2026-09,de5416ef-bbfa-41f3-99d4-01a3554173f5,gene_mean_pearson,0.9601164032944908,PB-Cond trained with globally shuffled pseudo-bulk codes.
leave_one_out,PB-Cond_(global_shuffle),1,1,1,ablation_arms_2026-09,de5416ef-bbfa-41f3-99d4-01a3554173f5,training_style_hvg,0.8741798400878906,PB-Cond trained with globally shuffled pseudo-bulk codes.
leave_one_out,PB-Cond_(global_shuffle),1,1,1,ablation_arms_2026-09,e3ed2ba4-edf5-40ac-8750-8a417ad1eefe,gene_mean_pearson,0.9137483655613984,PB-Cond trained with globally shuffled pseudo-bulk codes.
leave_one_out,PB-Cond_(global_shuffle),1,1,1,ablation_arms_2026-09,e3ed2ba4-edf5-40ac-8750-8a417ad1eefe,training_style_hvg,0.8551256591796875,PB-Cond trained with globally shuffled pseudo-bulk codes.
leave_one_out,PB-Cond_(global_shuffle),1,1,1,ablation_arms_2026-09,e51bae9a-c747-4b64-904a-4da7cda218ab,gene_mean_pearson,0.9217591147315934,PB-Cond trained with globally shuffled pseudo-bulk codes.
leave_one_out,PB-Cond_(global_shuffle),1,1,1,ablation_arms_2026-09,e51bae9a-c747-4b64-904a-4da7cda218ab,training_style_hvg,0.5664241882324219,PB-Cond trained with globally shuffled pseudo-bulk codes.
leave_one_out,PB-Cond_(global_shuffle),1,1,1,ablation_arms_2026-09,e522d2cd-7927-4e59-a4ed-064009569279,gene_mean_pearson,0.9771818919022706,PB-Cond trained with globally shuffled pseudo-bulk codes.
leave_one_out,PB-Cond_(global_shuffle),1,1,1,ablation_arms_2026-09,e522d2cd-7927-4e59-a4ed-064009569279,training_style_hvg,0.9551854675292968,PB-Cond trained with globally shuffled pseudo-bulk codes.
leave_one_out,PB-Cond_(global_shuffle),1,1,1,ablation_arms_2026-09,e7bd68ab-df49-44df-9b1e-8486114aeeb5,gene_mean_pearson,0.9399634522190524,PB-Cond trained with globally shuffled pseudo-bulk codes.
leave_one_out,PB-Cond_(global_shuffle),1,1,1,ablation_arms_2026-09,e7bd68ab-df49-44df-9b1e-8486114aeeb5,training_style_hvg,0.8884930908203125,PB-Cond trained with globally shuffled pseudo-bulk codes.
leave_one_out,PB-Cond_(global_shuffle),1,1,1,ablation_arms_2026-09,edbfa04a-f1dd-496a-8237-df11d70621ca,gene_mean_pearson,0.9457573516715664,PB-Cond trained with globally shuffled pseudo-bulk codes.
leave_one_out,PB-Cond_(global_shuffle),1,1,1,ablation_arms_2026-09,edbfa04a-f1dd-496a-8237-df11d70621ca,training_style_hvg,0.9353338989257812,PB-Cond trained with globally shuffled pseudo-bulk codes.
leave_one_out,PB-Cond_(global_shuffle),1,1,1,ablation_arms_2026-09,f14bc322-1322-4184-8d16-409557525ea5,gene_mean_pearson,0.9739035396401184,PB-Cond trained with globally shuffled pseudo-bulk codes.
leave_one_out,PB-Cond_(global_shuffle),1,1,1,ablation_arms_2026-09,f14bc322-1322-4184-8d16-409557525ea5,training_style_hvg,0.9111083862304687,PB-Cond trained with globally shuffled pseudo-bulk codes.
leave_one_out,PB-Cond_(global_shuffle),1,1,1,ablation_arms_2026-09,f3c49918-4707-4d92-bb6d-2b5b4eb9d1b4,gene_mean_pearson,0.9293838368286248,PB-Cond trained with globally shuffled pseudo-bulk codes.
leave_one_out,PB-Cond_(global_shuffle),1,1,1,ablation_arms_2026-09,f3c49918-4707-4d92-bb6d-2b5b4eb9d1b4,training_style_hvg,0.8939872782417474,PB-Cond trained with globally shuffled pseudo-bulk codes.
leave_one_out,PB-Cond_(global_shuffle),1,1,1,ablation_arms_2026-09,f641d68a-e877-4bb8-afd7-b8fa3921d461,gene_mean_pearson,0.7305134563045544,PB-Cond trained with globally shuffled pseudo-bulk codes.
leave_one_out,PB-Cond_(global_shuffle),1,1,1,ablation_arms_2026-09,f641d68a-e877-4bb8-afd7-b8fa3921d461,training_style_hvg,0.7286298278808594,PB-Cond trained with globally shuffled pseudo-bulk codes.
leave_one_out,PB-Cond_(global_shuffle),1,1,1,ablation_arms_2026-09,f6cc8a47-2dea-40aa-8608-d771c5ef8a07,gene_mean_pearson,0.9136633769778724,PB-Cond trained with globally shuffled pseudo-bulk codes.
leave_one_out,PB-Cond_(global_shuffle),1,1,1,ablation_arms_2026-09,f6cc8a47-2dea-40aa-8608-d771c5ef8a07,training_style_hvg,0.8091984311995968,PB-Cond trained with globally shuffled pseudo-bulk codes.
leave_one_out,PB-Cond_(global_shuffle),1,1,1,ablation_arms_2026-09,fe7aae33-6f7c-41a5-8d29-9996a9ddf1ab,gene_mean_pearson,0.8945811354383534,PB-Cond trained with globally shuffled pseudo-bulk codes.
leave_one_out,PB-Cond_(global_shuffle),1,1,1,ablation_arms_2026-09,fe7aae33-6f7c-41a5-8d29-9996a9ddf1ab,training_style_hvg,0.950283837890625,PB-Cond trained with globally shuffled pseudo-bulk codes.
leave_one_out,PB-Cond_(global_shuffle),1,1,1,ablation_arms_2026-09,01b84709-139c-4485-98a9-6e14c58fbbf6,pcr,0.3264351953795643,PB-Cond trained with globally shuffled pseudo-bulk codes.
leave_one_out,PB-Cond_(global_shuffle),1,1,1,ablation_arms_2026-09,07dd8c34-4625-480a-8ee4-273a06c3082b,pcr,0.551309708895717,PB-Cond trained with globally shuffled pseudo-bulk codes.
leave_one_out,PB-Cond_(global_shuffle),1,1,1,ablation_arms_2026-09,09b518f9-da64-44cc-aec8-70a89d55611f,pcr,0.4799458932280024,PB-Cond trained with globally shuffled pseudo-bulk codes.
leave_one_out,PB-Cond_(global_shuffle),1,1,1,ablation_arms_2026-09,0a8e3443-c3e2-4918-84db-0495657d9175,pcr,0.2366205095106134,PB-Cond trained with globally shuffled pseudo-bulk codes.
leave_one_out,PB-Cond_(global_shuffle),1,1,1,ablation_arms_2026-09,0bf30b02-db97-4560-b9cd-0fe3588892af,pcr,0.4423395330162523,PB-Cond trained with globally shuffled pseudo-bulk codes.
leave_one_out,PB-Cond_(global_shuffle),1,1,1,ablation_arms_2026-09,0c0c49a2-b96b-432f-98a4-1decf9929149,pcr,0.303105190743443,PB-Cond trained with globally shuffled pseudo-bulk codes.
leave_one_out,PB-Cond_(global_shuffle),1,1,1,ablation_arms_2026-09,16023185-de21-4c0d-a9c8-73abdd52d142,pcr,0.3195546668127215,PB-Cond trained with globally shuffled pseudo-bulk codes.
leave_one_out,PB-Cond_(global_shuffle),1,1,1,ablation_arms_2026-09,19053a82-9c89-4fb8-bd19-d7b1800b0b7b,pcr,0.4009536278511706,PB-Cond trained with globally shuffled pseudo-bulk codes.
leave_one_out,PB-Cond_(global_shuffle),1,1,1,ablation_arms_2026-09,19f1bec6-eeb7-4133-accc-992d745fef89,pcr,0.49770781465706,PB-Cond trained with globally shuffled pseudo-bulk codes.
leave_one_out,PB-Cond_(global_shuffle),1,1,1,ablation_arms_2026-09,1a9f3b38-b86d-416d-bbdc-9058ad3ff42d,pcr,0.4913076062279237,PB-Cond trained with globally shuffled pseudo-bulk codes.
leave_one_out,PB-Cond_(global_shuffle),1,1,1,ablation_arms_2026-09,1ab4ebbc-18d6-4838-89c2-cdc5b10accfb,pcr,0.4634256227843725,PB-Cond trained with globally shuffled pseudo-bulk codes.
leave_one_out,PB-Cond_(global_shuffle),1,1,1,ablation_arms_2026-09,1b350d0a-4535-4879-beb6-1142f3f94947,pcr,0.3803350715229287,PB-Cond trained with globally shuffled pseudo-bulk codes.
leave_one_out,PB-Cond_(global_shuffle),1,1,1,ablation_arms_2026-09,203025fe-fa99-4d57-81da-458ed8f0c334,pcr,0.4337137870718456,PB-Cond trained with globally shuffled pseudo-bulk codes.
leave_one_out,PB-Cond_(global_shuffle),1,1,1,ablation_arms_2026-09,30c2a6fd-d547-460f-a5e7-44c62a2af7ad,pcr,0.5396019379959454,PB-Cond trained with globally shuffled pseudo-bulk codes.
leave_one_out,PB-Cond_(global_shuffle),1,1,1,ablation_arms_2026-09,322c816f-608a-4da1-99c4-36ca4ad45146,pcr,0.4528844918250273,PB-Cond trained with globally shuffled pseudo-bulk codes.
leave_one_out,PB-Cond_(global_shuffle),1,1,1,ablation_arms_2026-09,3a702020-cf66-4ef5-9d11-4a5e835b7efb,pcr,0.4651346962296962,PB-Cond trained with globally shuffled pseudo-bulk codes.
leave_one_out,PB-Cond_(global_shuffle),1,1,1,ablation_arms_2026-09,3c364ffe-d599-44d5-a77f-6c5fd7038cf6,pcr,0.4095933481031492,PB-Cond trained with globally shuffled pseudo-bulk codes.
leave_one_out,PB-Cond_(global_shuffle),1,1,1,ablation_arms_2026-09,3cb646ab-d411-4e5b-89eb-082a786c953b,pcr,0.2609811685242777,PB-Cond trained with globally shuffled pseudo-bulk codes.
leave_one_out,PB-Cond_(global_shuffle),1,1,1,ablation_arms_2026-09,3e55180c-780a-4424-9434-5296640ffc0d,pcr,0.3464039657629262,PB-Cond trained with globally shuffled pseudo-bulk codes.
leave_one_out,PB-Cond_(global_shuffle),1,1,1,ablation_arms_2026-09,420d0f5d-b7ba-4b1e-88d0-44e9f733febd,pcr,0.3208621767922326,PB-Cond trained with globally shuffled pseudo-bulk codes.
leave_one_out,PB-Cond_(global_shuffle),1,1,1,ablation_arms_2026-09,43a1506b-aa9e-46a3-b288-d210f4595ddf,pcr,0.3098312193090761,PB-Cond trained with globally shuffled pseudo-bulk codes.
leave_one_out,PB-Cond_(global_shuffle),1,1,1,ablation_arms_2026-09,43aa19d2-c723-4822-979d-d2f0239835e0,pcr,0.530189256293325,PB-Cond trained with globally shuffled pseudo-bulk codes.
leave_one_out,PB-Cond_(global_shuffle),1,1,1,ablation_arms_2026-09,46104f0b-9af5-466a-ae0f-56b8dc1969a2,pcr,0.2601053946543059,PB-Cond trained with globally shuffled pseudo-bulk codes.
leave_one_out,PB-Cond_(global_shuffle),1,1,1,ablation_arms_2026-09,47e00f43-6176-44a5-b4d1-f88a1920fcab,pcr,0.2644817182791725,PB-Cond trained with globally shuffled pseudo-bulk codes.
leave_one_out,PB-Cond_(global_shuffle),1,1,1,ablation_arms_2026-09,53ce2631-3646-4172-bbd9-38b0a44d8214,pcr,0.3449997148691209,PB-Cond trained with globally shuffled pseudo-bulk codes.
leave_one_out,PB-Cond_(global_shuffle),1,1,1,ablation_arms_2026-09,56a4bc14-9407-45fd-8786-f7f6fc87c9dd,pcr,0.4996229027018824,PB-Cond trained with globally shuffled pseudo-bulk codes.
leave_one_out,PB-Cond_(global_shuffle),1,1,1,ablation_arms_2026-09,589fe605-6d49-4abe-bff8-1675511c689a,pcr,0.2328947443600268,PB-Cond trained with globally shuffled pseudo-bulk codes.
leave_one_out,PB-Cond_(global_shuffle),1,1,1,ablation_arms_2026-09,58f43044-cd3c-42b8-bc0b-3498eb236359,pcr,0.301204133745805,PB-Cond trained with globally shuffled pseudo-bulk codes.
leave_one_out,PB-Cond_(global_shuffle),1,1,1,ablation_arms_2026-09,5a9cfb44-494a-4540-8db8-7143b1bb5a6f,pcr,0.5382467133423379,PB-Cond trained with globally shuffled pseudo-bulk codes.
leave_one_out,PB-Cond_(global_shuffle),1,1,1,ablation_arms_2026-09,5c97eeeb-7e52-44b3-b010-b832b1f5424c,pcr,0.2383980963646162,PB-Cond trained with globally shuffled pseudo-bulk codes.
leave_one_out,PB-Cond_(global_shuffle),1,1,1,ablation_arms_2026-09,5e57cd50-8e42-42d6-940d-5c1660d06864,pcr,0.2297094035805809,PB-Cond trained with globally shuffled pseudo-bulk codes.
leave_one_out,PB-Cond_(global_shuffle),1,1,1,ablation_arms_2026-09,5ed90bc0-12f3-4354-b314-0ce0dbb96458,pcr,0.3095870741595886,PB-Cond trained with globally shuffled pseudo-bulk codes.
leave_one_out,PB-Cond_(global_shuffle),1,1,1,ablation_arms_2026-09,5fde5c9c-5b1e-4df5-982a-3f8e7635161f,pcr,0.3412741543004057,PB-Cond trained with globally shuffled pseudo-bulk codes.
leave_one_out,PB-Cond_(global_shuffle),1,1,1,ablation_arms_2026-09,60a29d0b-1a37-4447-ac32-00d701580b47,pcr,0.2153988371584821,PB-Cond trained with globally shuffled pseudo-bulk codes.
leave_one_out,PB-Cond_(global_shuffle),1,1,1,ablation_arms_2026-09,61af564d-e5ea-4d34-a0f3-2668a00db376,pcr,0.4547850368283386,PB-Cond trained with globally shuffled pseudo-bulk codes.
leave_one_out,PB-Cond_(global_shuffle),1,1,1,ablation_arms_2026-09,61d327d1-2227-4c5f-9367-e3559dc79b07,pcr,0.3655882775591872,PB-Cond trained with globally shuffled pseudo-bulk codes.
leave_one_out,PB-Cond_(global_shuffle),1,1,1,ablation_arms_2026-09,64267fb5-7b70-4705-a13b-cc38966c22a8,pcr,0.5225845798476607,PB-Cond trained with globally shuffled pseudo-bulk codes.
leave_one_out,PB-Cond_(global_shuffle),1,1,1,ablation_arms_2026-09,67b6b9ac-b841-42ce-b2d4-ed2ec12327bd,pcr,0.354016297686416,PB-Cond trained with globally shuffled pseudo-bulk codes.
leave_one_out,PB-Cond_(global_shuffle),1,1,1,ablation_arms_2026-09,75011e96-ba37-4977-a539-fbf9f66a5e37,pcr,0.4610251379866567,PB-Cond trained with globally shuffled pseudo-bulk codes.
leave_one_out,PB-Cond_(global_shuffle),1,1,1,ablation_arms_2026-09,781cc817-3fd0-487c-a55a-b47b2786a05d,pcr,0.156062339121947,PB-Cond trained with globally shuffled pseudo-bulk codes.
leave_one_out,PB-Cond_(global_shuffle),1,1,1,ablation_arms_2026-09,8058d760-09e6-4bdd-86a1-36917ffca3ef,pcr,0.4611421240171104,PB-Cond trained with globally shuffled pseudo-bulk codes.
leave_one_out,PB-Cond_(global_shuffle),1,1,1,ablation_arms_2026-09,829a3cd1-a466-49f1-b2e9-d3f6b7f392e2,pcr,0.3057888872356511,PB-Cond trained with globally shuffled pseudo-bulk codes.
leave_one_out,PB-Cond_(global_shuffle),1,1,1,ablation_arms_2026-09,84cfa5aa-a0d1-415e-ac47-eb66c9cf8170,pcr,0.3317742517897816,PB-Cond trained with globally shuffled pseudo-bulk codes.
leave_one_out,PB-Cond_(global_shuffle),1,1,1,ablation_arms_2026-09,8560f809-5794-484e-9152-b63efa91d134,pcr,0.4057774352117432,PB-Cond trained with globally shuffled pseudo-bulk codes.
leave_one_out,PB-Cond_(global_shuffle),1,1,1,ablation_arms_2026-09,867757c1-3b1a-49d9-a0cd-17767eb160cc,pcr,0.4425997488793324,PB-Cond trained with globally shuffled pseudo-bulk codes.
leave_one_out,PB-Cond_(global_shuffle),1,1,1,ablation_arms_2026-09,881e0e6b-a185-45f1-9b56-81606e91e7ff,pcr,0.2764036752899884,PB-Cond trained with globally shuffled pseudo-bulk codes.
leave_one_out,PB-Cond_(global_shuffle),1,1,1,ablation_arms_2026-09,8ef06ea4-8d0f-4303-a652-7d4604402b1f,pcr,0.389120304324994,PB-Cond trained with globally shuffled pseudo-bulk codes.
leave_one_out,PB-Cond_(global_shuffle),1,1,1,ablation_arms_2026-09,8f3e7fcf-0b16-4a29-a5f1-a7a8b267d689,pcr,0.4048226546421486,PB-Cond trained with globally shuffled pseudo-bulk codes.
leave_one_out,PB-Cond_(global_shuffle),1,1,1,ablation_arms_2026-09,95d3b0fb-b8a7-4bec-a2e8-cded3222ff07,pcr,0.3239338767249021,PB-Cond trained with globally shuffled pseudo-bulk codes.
leave_one_out,PB-Cond_(global_shuffle),1,1,1,ablation_arms_2026-09,963a08cb-d995-4862-9614-f9d38a7d7540,pcr,0.4339356285813681,PB-Cond trained with globally shuffled pseudo-bulk codes.
leave_one_out,PB-Cond_(global_shuffle),1,1,1,ablation_arms_2026-09,978a566a-dc27-478d-b306-26daba116c1f,pcr,0.4180406004161106,PB-Cond trained with globally shuffled pseudo-bulk codes.
leave_one_out,PB-Cond_(global_shuffle),1,1,1,ablation_arms_2026-09,98219f72-0f9a-4de9-a859-c81834f24ab1,pcr,0.796119256073154,PB-Cond trained with globally shuffled pseudo-bulk codes.
leave_one_out,PB-Cond_(global_shuffle),1,1,1,ablation_arms_2026-09,9f1a899f-05a0-44c5-8aa9-39df61ae4324,pcr,0.3868108744783519,PB-Cond trained with globally shuffled pseudo-bulk codes.
leave_one_out,PB-Cond_(global_shuffle),1,1,1,ablation_arms_2026-09,a24ce10f-5a87-4e1f-a34a-f4fe5fc84052,pcr,0.3718919601640133,PB-Cond trained with globally shuffled pseudo-bulk codes.
leave_one_out,PB-Cond_(global_shuffle),1,1,1,ablation_arms_2026-09,a2c833f7-b7f1-4f4d-ad31-cae478b601b7,pcr,0.4190325935022295,PB-Cond trained with globally shuffled pseudo-bulk codes.
leave_one_out,PB-Cond_(global_shuffle),1,1,1,ablation_arms_2026-09,aa32098f-f7b0-43f2-a00a-601d190aae94,pcr,0.196280088123769,PB-Cond trained with globally shuffled pseudo-bulk codes.
leave_one_out,PB-Cond_(global_shuffle),1,1,1,ablation_arms_2026-09,aa369999-a034-4ad9-b459-8a93c86ea77b,pcr,0.4505596522972051,PB-Cond trained with globally shuffled pseudo-bulk codes.
leave_one_out,PB-Cond_(global_shuffle),1,1,1,ablation_arms_2026-09,acd544d0-4d8b-46c7-98b3-fc48f7e6fdb7,pcr,0.4925794083070701,PB-Cond trained with globally shuffled pseudo-bulk codes.
leave_one_out,PB-Cond_(global_shuffle),1,1,1,ablation_arms_2026-09,aecc2743-4ff2-4b55-ac8c-a1ff76fc4bb4,pcr,0.4158582370055412,PB-Cond trained with globally shuffled pseudo-bulk codes.
leave_one_out,PB-Cond_(global_shuffle),1,1,1,ablation_arms_2026-09,afae4675-434d-4e89-b5ce-2854c9dc38a3,pcr,0.4422290747372845,PB-Cond trained with globally shuffled pseudo-bulk codes.
leave_one_out,PB-Cond_(global_shuffle),1,1,1,ablation_arms_2026-09,b617ee1b-f8c8-4de9-b82b-e803ab93550d,pcr,0.4499796773733493,PB-Cond trained with globally shuffled pseudo-bulk codes.
leave_one_out,PB-Cond_(global_shuffle),1,1,1,ablation_arms_2026-09,c838aec3-03ef-4398-b882-0e3912abfff0,pcr,0.215634542209145,PB-Cond trained with globally shuffled pseudo-bulk codes.
leave_one_out,PB-Cond_(global_shuffle),1,1,1,ablation_arms_2026-09,d567b692-c374-4628-a508-8008f6778f22,pcr,0.4265942780391948,PB-Cond trained with globally shuffled pseudo-bulk codes.
leave_one_out,PB-Cond_(global_shuffle),1,1,1,ablation_arms_2026-09,d68a8b48-abf0-4bd5-8834-155d34ec448a,pcr,0.3712188374205873,PB-Cond trained with globally shuffled pseudo-bulk codes.
leave_one_out,PB-Cond_(global_shuffle),1,1,1,ablation_arms_2026-09,d7cff847-6403-44a6-ad8a-2f5a783639dd,pcr,0.3170213437710455,PB-Cond trained with globally shuffled pseudo-bulk codes.
leave_one_out,PB-Cond_(global_shuffle),1,1,1,ablation_arms_2026-09,de5416ef-bbfa-41f3-99d4-01a3554173f5,pcr,0.5670279936313232,PB-Cond trained with globally shuffled pseudo-bulk codes.
leave_one_out,PB-Cond_(global_shuffle),1,1,1,ablation_arms_2026-09,e3ed2ba4-edf5-40ac-8750-8a417ad1eefe,pcr,0.4386973988774459,PB-Cond trained with globally shuffled pseudo-bulk codes.
leave_one_out,PB-Cond_(global_shuffle),1,1,1,ablation_arms_2026-09,e51bae9a-c747-4b64-904a-4da7cda218ab,pcr,0.2182674573280101,PB-Cond trained with globally shuffled pseudo-bulk codes.
leave_one_out,PB-Cond_(global_shuffle),1,1,1,ablation_arms_2026-09,e522d2cd-7927-4e59-a4ed-064009569279,pcr,0.4012185020908152,PB-Cond trained with globally shuffled pseudo-bulk codes.
leave_one_out,PB-Cond_(global_shuffle),1,1,1,ablation_arms_2026-09,e7bd68ab-df49-44df-9b1e-8486114aeeb5,pcr,0.411792609317692,PB-Cond trained with globally shuffled pseudo-bulk codes.
leave_one_out,PB-Cond_(global_shuffle),1,1,1,ablation_arms_2026-09,edbfa04a-f1dd-496a-8237-df11d70621ca,pcr,0.3338530656835351,PB-Cond trained with globally shuffled pseudo-bulk codes.
leave_one_out,PB-Cond_(global_shuffle),1,1,1,ablation_arms_2026-09,f14bc322-1322-4184-8d16-409557525ea5,pcr,0.3516337830302986,PB-Cond trained with globally shuffled pseudo-bulk codes.
leave_one_out,PB-Cond_(global_shuffle),1,1,1,ablation_arms_2026-09,f3c49918-4707-4d92-bb6d-2b5b4eb9d1b4,pcr,0.3859026505058704,PB-Cond trained with globally shuffled pseudo-bulk codes.
leave_one_out,PB-Cond_(global_shuffle),1,1,1,ablation_arms_2026-09,f641d68a-e877-4bb8-afd7-b8fa3921d461,pcr,0.3342534794590542,PB-Cond trained with globally shuffled pseudo-bulk codes.
leave_one_out,PB-Cond_(global_shuffle),1,1,1,ablation_arms_2026-09,fe7aae33-6f7c-41a5-8d29-9996a9ddf1ab,pcr,0.39114767320557,PB-Cond trained with globally shuffled pseudo-bulk codes.
leave_one_out,PB-Cond_(global_shuffle),1,1,1,ablation_arms_2026-09,01b84709-139c-4485-98a9-6e14c58fbbf6,mse,2.2476725578308105,PB-Cond trained with globally shuffled pseudo-bulk codes.
leave_one_out,PB-Cond_(global_shuffle),1,1,1,ablation_arms_2026-09,07dd8c34-4625-480a-8ee4-273a06c3082b,mse,1.482957363128662,PB-Cond trained with globally shuffled pseudo-bulk codes.
leave_one_out,PB-Cond_(global_shuffle),1,1,1,ablation_arms_2026-09,09b518f9-da64-44cc-aec8-70a89d55611f,mse,2.937661409378052,PB-Cond trained with globally shuffled pseudo-bulk codes.
leave_one_out,PB-Cond_(global_shuffle),1,1,1,ablation_arms_2026-09,0a8e3443-c3e2-4918-84db-0495657d9175,mse,2.343284845352173,PB-Cond trained with globally shuffled pseudo-bulk codes.
leave_one_out,PB-Cond_(global_shuffle),1,1,1,ablation_arms_2026-09,0ae6f031-2f9c-4247-8b26-db320d6efd32,mse,2.7027738094329834,PB-Cond trained with globally shuffled pseudo-bulk codes.
leave_one_out,PB-Cond_(global_shuffle),1,1,1,ablation_arms_2026-09,0bf30b02-db97-4560-b9cd-0fe3588892af,mse,2.3936283588409424,PB-Cond trained with globally shuffled pseudo-bulk codes.
leave_one_out,PB-Cond_(global_shuffle),1,1,1,ablation_arms_2026-09,0c0c49a2-b96b-432f-98a4-1decf9929149,mse,2.33797550201416,PB-Cond trained with globally shuffled pseudo-bulk codes.
leave_one_out,PB-Cond_(global_shuffle),1,1,1,ablation_arms_2026-09,145dcf6a-2461-4fa3-a0af-7fc56db0bd33,mse,1.375469207763672,PB-Cond trained with globally shuffled pseudo-bulk codes.
leave_one_out,PB-Cond_(global_shuffle),1,1,1,ablation_arms_2026-09,16023185-de21-4c0d-a9c8-73abdd52d142,mse,2.0167553424835205,PB-Cond trained with globally shuffled pseudo-bulk codes.
leave_one_out,PB-Cond_(global_shuffle),1,1,1,ablation_arms_2026-09,19053a82-9c89-4fb8-bd19-d7b1800b0b7b,mse,2.1157612800598145,PB-Cond trained with globally shuffled pseudo-bulk codes.
leave_one_out,PB-Cond_(global_shuffle),1,1,1,ablation_arms_2026-09,19f1bec6-eeb7-4133-accc-992d745fef89,mse,2.53488826751709,PB-Cond trained with globally shuffled pseudo-bulk codes.
leave_one_out,PB-Cond_(global_shuffle),1,1,1,ablation_arms_2026-09,1a9f3b38-b86d-416d-bbdc-9058ad3ff42d,mse,2.9546990394592285,PB-Cond trained with globally shuffled pseudo-bulk codes.
leave_one_out,PB-Cond_(global_shuffle),1,1,1,ablation_arms_2026-09,1ab4ebbc-18d6-4838-89c2-cdc5b10accfb,mse,1.6844919919967651,PB-Cond trained with globally shuffled pseudo-bulk codes.
leave_one_out,PB-Cond_(global_shuffle),1,1,1,ablation_arms_2026-09,1b350d0a-4535-4879-beb6-1142f3f94947,mse,2.0945186614990234,PB-Cond trained with globally shuffled pseudo-bulk codes.
leave_one_out,PB-Cond_(global_shuffle),1,1,1,ablation_arms_2026-09,203025fe-fa99-4d57-81da-458ed8f0c334,mse,2.556101560592652,PB-Cond trained with globally shuffled pseudo-bulk codes.
leave_one_out,PB-Cond_(global_shuffle),1,1,1,ablation_arms_2026-09,21722308-5091-4b63-9c07-4f116ab9a7b3,mse,1.301283597946167,PB-Cond trained with globally shuffled pseudo-bulk codes.
leave_one_out,PB-Cond_(global_shuffle),1,1,1,ablation_arms_2026-09,27d3952f-fbbc-497d-98d1-f37f3d555235,mse,3.794080018997192,PB-Cond trained with globally shuffled pseudo-bulk codes.
leave_one_out,PB-Cond_(global_shuffle),1,1,1,ablation_arms_2026-09,30c2a6fd-d547-460f-a5e7-44c62a2af7ad,mse,3.414599657058716,PB-Cond trained with globally shuffled pseudo-bulk codes.
leave_one_out,PB-Cond_(global_shuffle),1,1,1,ablation_arms_2026-09,322c816f-608a-4da1-99c4-36ca4ad45146,mse,2.252317190170288,PB-Cond trained with globally shuffled pseudo-bulk codes.
leave_one_out,PB-Cond_(global_shuffle),1,1,1,ablation_arms_2026-09,3a702020-cf66-4ef5-9d11-4a5e835b7efb,mse,2.680261850357056,PB-Cond trained with globally shuffled pseudo-bulk codes.
leave_one_out,PB-Cond_(global_shuffle),1,1,1,ablation_arms_2026-09,3bfd5174-5b49-4e58-b233-ed0f4edd0bec,mse,2.944972276687622,PB-Cond trained with globally shuffled pseudo-bulk codes.
leave_one_out,PB-Cond_(global_shuffle),1,1,1,ablation_arms_2026-09,3c364ffe-d599-44d5-a77f-6c5fd7038cf6,mse,2.334742307662964,PB-Cond trained with globally shuffled pseudo-bulk codes.
leave_one_out,PB-Cond_(global_shuffle),1,1,1,ablation_arms_2026-09,3cb646ab-d411-4e5b-89eb-082a786c953b,mse,2.367085695266724,PB-Cond trained with globally shuffled pseudo-bulk codes.
leave_one_out,PB-Cond_(global_shuffle),1,1,1,ablation_arms_2026-09,3e55180c-780a-4424-9434-5296640ffc0d,mse,1.628206491470337,PB-Cond trained with globally shuffled pseudo-bulk codes.
leave_one_out,PB-Cond_(global_shuffle),1,1,1,ablation_arms_2026-09,420d0f5d-b7ba-4b1e-88d0-44e9f733febd,mse,2.342238664627075,PB-Cond trained with globally shuffled pseudo-bulk codes.
leave_one_out,PB-Cond_(global_shuffle),1,1,1,ablation_arms_2026-09,4319097a-acae-4124-beed-d1173ffe1464,mse,2.8133347034454346,PB-Cond trained with globally shuffled pseudo-bulk codes.
leave_one_out,PB-Cond_(global_shuffle),1,1,1,ablation_arms_2026-09,432f3af5-6a79-401f-b315-fb2df789f32c,mse,2.547872543334961,PB-Cond trained with globally shuffled pseudo-bulk codes.
leave_one_out,PB-Cond_(global_shuffle),1,1,1,ablation_arms_2026-09,43a1506b-aa9e-46a3-b288-d210f4595ddf,mse,1.64042329788208,PB-Cond trained with globally shuffled pseudo-bulk codes.
leave_one_out,PB-Cond_(global_shuffle),1,1,1,ablation_arms_2026-09,43aa19d2-c723-4822-979d-d2f0239835e0,mse,1.0505205392837524,PB-Cond trained with globally shuffled pseudo-bulk codes.
leave_one_out,PB-Cond_(global_shuffle),1,1,1,ablation_arms_2026-09,46104f0b-9af5-466a-ae0f-56b8dc1969a2,mse,2.3461177349090576,PB-Cond trained with globally shuffled pseudo-bulk codes.
leave_one_out,PB-Cond_(global_shuffle),1,1,1,ablation_arms_2026-09,47e00f43-6176-44a5-b4d1-f88a1920fcab,mse,2.345541715621948,PB-Cond trained with globally shuffled pseudo-bulk codes.
leave_one_out,PB-Cond_(global_shuffle),1,1,1,ablation_arms_2026-09,4b83f213-b96b-4c87-a884-9b81faddb194,mse,2.046943664550781,PB-Cond trained with globally shuffled pseudo-bulk codes.
leave_one_out,PB-Cond_(global_shuffle),1,1,1,ablation_arms_2026-09,527641f0-df64-4c80-957c-a65dccd477bc,mse,1.6642112731933594,PB-Cond trained with globally shuffled pseudo-bulk codes.
leave_one_out,PB-Cond_(global_shuffle),1,1,1,ablation_arms_2026-09,53ce2631-3646-4172-bbd9-38b0a44d8214,mse,2.44237756729126,PB-Cond trained with globally shuffled pseudo-bulk codes.
leave_one_out,PB-Cond_(global_shuffle),1,1,1,ablation_arms_2026-09,56a4bc14-9407-45fd-8786-f7f6fc87c9dd,mse,2.177686929702759,PB-Cond trained with globally shuffled pseudo-bulk codes.
leave_one_out,PB-Cond_(global_shuffle),1,1,1,ablation_arms_2026-09,589fe605-6d49-4abe-bff8-1675511c689a,mse,1.7060389518737793,PB-Cond trained with globally shuffled pseudo-bulk codes.
leave_one_out,PB-Cond_(global_shuffle),1,1,1,ablation_arms_2026-09,58f43044-cd3c-42b8-bc0b-3498eb236359,mse,1.6372073888778689,PB-Cond trained with globally shuffled pseudo-bulk codes.
leave_one_out,PB-Cond_(global_shuffle),1,1,1,ablation_arms_2026-09,5a9cfb44-494a-4540-8db8-7143b1bb5a6f,mse,3.314028739929199,PB-Cond trained with globally shuffled pseudo-bulk codes.
leave_one_out,PB-Cond_(global_shuffle),1,1,1,ablation_arms_2026-09,5c97eeeb-7e52-44b3-b010-b832b1f5424c,mse,1.5842053890228271,PB-Cond trained with globally shuffled pseudo-bulk codes.
leave_one_out,PB-Cond_(global_shuffle),1,1,1,ablation_arms_2026-09,5e57cd50-8e42-42d6-940d-5c1660d06864,mse,1.5864496231079102,PB-Cond trained with globally shuffled pseudo-bulk codes.
leave_one_out,PB-Cond_(global_shuffle),1,1,1,ablation_arms_2026-09,5ed90bc0-12f3-4354-b314-0ce0dbb96458,mse,1.6120065450668335,PB-Cond trained with globally shuffled pseudo-bulk codes.
leave_one_out,PB-Cond_(global_shuffle),1,1,1,ablation_arms_2026-09,5fde5c9c-5b1e-4df5-982a-3f8e7635161f,mse,2.316275358200073,PB-Cond trained with globally shuffled pseudo-bulk codes.
leave_one_out,PB-Cond_(global_shuffle),1,1,1,ablation_arms_2026-09,60a29d0b-1a37-4447-ac32-00d701580b47,mse,1.939347267150879,PB-Cond trained with globally shuffled pseudo-bulk codes.
leave_one_out,PB-Cond_(global_shuffle),1,1,1,ablation_arms_2026-09,61af564d-e5ea-4d34-a0f3-2668a00db376,mse,2.9345946311950684,PB-Cond trained with globally shuffled pseudo-bulk codes.
leave_one_out,PB-Cond_(global_shuffle),1,1,1,ablation_arms_2026-09,61d327d1-2227-4c5f-9367-e3559dc79b07,mse,2.538736820220948,PB-Cond trained with globally shuffled pseudo-bulk codes.
leave_one_out,PB-Cond_(global_shuffle),1,1,1,ablation_arms_2026-09,64267fb5-7b70-4705-a13b-cc38966c22a8,mse,2.240368604660034,PB-Cond trained with globally shuffled pseudo-bulk codes.
leave_one_out,PB-Cond_(global_shuffle),1,1,1,ablation_arms_2026-09,67b6b9ac-b841-42ce-b2d4-ed2ec12327bd,mse,2.514148235321045,PB-Cond trained with globally shuffled pseudo-bulk codes.
leave_one_out,PB-Cond_(global_shuffle),1,1,1,ablation_arms_2026-09,6fc37633-13f5-4bf0-af95-52808143bffd,mse,2.0878562927246094,PB-Cond trained with globally shuffled pseudo-bulk codes.
leave_one_out,PB-Cond_(global_shuffle),1,1,1,ablation_arms_2026-09,75011e96-ba37-4977-a539-fbf9f66a5e37,mse,2.610026359558105,PB-Cond trained with globally shuffled pseudo-bulk codes.
leave_one_out,PB-Cond_(global_shuffle),1,1,1,ablation_arms_2026-09,781cc817-3fd0-487c-a55a-b47b2786a05d,mse,1.4360809326171875,PB-Cond trained with globally shuffled pseudo-bulk codes.
leave_one_out,PB-Cond_(global_shuffle),1,1,1,ablation_arms_2026-09,79884ae5-e026-4d4a-858f-e807960bd4f7,mse,4.21150016784668,PB-Cond trained with globally shuffled pseudo-bulk codes.
leave_one_out,PB-Cond_(global_shuffle),1,1,1,ablation_arms_2026-09,8058d760-09e6-4bdd-86a1-36917ffca3ef,mse,3.032423496246338,PB-Cond trained with globally shuffled pseudo-bulk codes.
leave_one_out,PB-Cond_(global_shuffle),1,1,1,ablation_arms_2026-09,829a3cd1-a466-49f1-b2e9-d3f6b7f392e2,mse,1.95643162727356,PB-Cond trained with globally shuffled pseudo-bulk codes.
leave_one_out,PB-Cond_(global_shuffle),1,1,1,ablation_arms_2026-09,84cfa5aa-a0d1-415e-ac47-eb66c9cf8170,mse,1.7644470930099487,PB-Cond trained with globally shuffled pseudo-bulk codes.
leave_one_out,PB-Cond_(global_shuffle),1,1,1,ablation_arms_2026-09,8560f809-5794-484e-9152-b63efa91d134,mse,1.929824590682984,PB-Cond trained with globally shuffled pseudo-bulk codes.
leave_one_out,PB-Cond_(global_shuffle),1,1,1,ablation_arms_2026-09,867757c1-3b1a-49d9-a0cd-17767eb160cc,mse,3.558039426803589,PB-Cond trained with globally shuffled pseudo-bulk codes.
leave_one_out,PB-Cond_(global_shuffle),1,1,1,ablation_arms_2026-09,881e0e6b-a185-45f1-9b56-81606e91e7ff,mse,1.7158814668655396,PB-Cond trained with globally shuffled pseudo-bulk codes.
leave_one_out,PB-Cond_(global_shuffle),1,1,1,ablation_arms_2026-09,8ef06ea4-8d0f-4303-a652-7d4604402b1f,mse,1.894084095954895,PB-Cond trained with globally shuffled pseudo-bulk codes.
leave_one_out,PB-Cond_(global_shuffle),1,1,1,ablation_arms_2026-09,8f3e7fcf-0b16-4a29-a5f1-a7a8b267d689,mse,1.4652729034423828,PB-Cond trained with globally shuffled pseudo-bulk codes.
leave_one_out,PB-Cond_(global_shuffle),1,1,1,ablation_arms_2026-09,8ff0cef9-393e-43de-9722-a1e12c239727,mse,3.3999664783477783,PB-Cond trained with globally shuffled pseudo-bulk codes.
leave_one_out,PB-Cond_(global_shuffle),1,1,1,ablation_arms_2026-09,95d3b0fb-b8a7-4bec-a2e8-cded3222ff07,mse,1.6308331489562988,PB-Cond trained with globally shuffled pseudo-bulk codes.
leave_one_out,PB-Cond_(global_shuffle),1,1,1,ablation_arms_2026-09,963a08cb-d995-4862-9614-f9d38a7d7540,mse,2.125949621200561,PB-Cond trained with globally shuffled pseudo-bulk codes.
leave_one_out,PB-Cond_(global_shuffle),1,1,1,ablation_arms_2026-09,978a566a-dc27-478d-b306-26daba116c1f,mse,2.9561872482299805,PB-Cond trained with globally shuffled pseudo-bulk codes.
leave_one_out,PB-Cond_(global_shuffle),1,1,1,ablation_arms_2026-09,98219f72-0f9a-4de9-a859-c81834f24ab1,mse,5.053567886352539,PB-Cond trained with globally shuffled pseudo-bulk codes.
leave_one_out,PB-Cond_(global_shuffle),1,1,1,ablation_arms_2026-09,9f1a899f-05a0-44c5-8aa9-39df61ae4324,mse,2.4607198238372803,PB-Cond trained with globally shuffled pseudo-bulk codes.
leave_one_out,PB-Cond_(global_shuffle),1,1,1,ablation_arms_2026-09,a24ce10f-5a87-4e1f-a34a-f4fe5fc84052,mse,1.5303491353988647,PB-Cond trained with globally shuffled pseudo-bulk codes.
leave_one_out,PB-Cond_(global_shuffle),1,1,1,ablation_arms_2026-09,a2c833f7-b7f1-4f4d-ad31-cae478b601b7,mse,2.443972110748291,PB-Cond trained with globally shuffled pseudo-bulk codes.
leave_one_out,PB-Cond_(global_shuffle),1,1,1,ablation_arms_2026-09,aa32098f-f7b0-43f2-a00a-601d190aae94,mse,2.327075958251953,PB-Cond trained with globally shuffled pseudo-bulk codes.
leave_one_out,PB-Cond_(global_shuffle),1,1,1,ablation_arms_2026-09,aa369999-a034-4ad9-b459-8a93c86ea77b,mse,1.9891260862350464,PB-Cond trained with globally shuffled pseudo-bulk codes.
leave_one_out,PB-Cond_(global_shuffle),1,1,1,ablation_arms_2026-09,acd544d0-4d8b-46c7-98b3-fc48f7e6fdb7,mse,3.247801780700684,PB-Cond trained with globally shuffled pseudo-bulk codes.
leave_one_out,PB-Cond_(global_shuffle),1,1,1,ablation_arms_2026-09,aecc2743-4ff2-4b55-ac8c-a1ff76fc4bb4,mse,2.7311952114105225,PB-Cond trained with globally shuffled pseudo-bulk codes.
leave_one_out,PB-Cond_(global_shuffle),1,1,1,ablation_arms_2026-09,afae4675-434d-4e89-b5ce-2854c9dc38a3,mse,2.17112398147583,PB-Cond trained with globally shuffled pseudo-bulk codes.
leave_one_out,PB-Cond_(global_shuffle),1,1,1,ablation_arms_2026-09,b617ee1b-f8c8-4de9-b82b-e803ab93550d,mse,2.043013095855713,PB-Cond trained with globally shuffled pseudo-bulk codes.
leave_one_out,PB-Cond_(global_shuffle),1,1,1,ablation_arms_2026-09,c838aec3-03ef-4398-b882-0e3912abfff0,mse,2.03893780708313,PB-Cond trained with globally shuffled pseudo-bulk codes.
leave_one_out,PB-Cond_(global_shuffle),1,1,1,ablation_arms_2026-09,cee9b331-3ba0-4461-8bbd-867819d9fc0a,mse,1.5937047004699707,PB-Cond trained with globally shuffled pseudo-bulk codes.
leave_one_out,PB-Cond_(global_shuffle),1,1,1,ablation_arms_2026-09,d567b692-c374-4628-a508-8008f6778f22,mse,2.331870555877685,PB-Cond trained with globally shuffled pseudo-bulk codes.
leave_one_out,PB-Cond_(global_shuffle),1,1,1,ablation_arms_2026-09,d68a8b48-abf0-4bd5-8834-155d34ec448a,mse,3.0634067058563232,PB-Cond trained with globally shuffled pseudo-bulk codes.
leave_one_out,PB-Cond_(global_shuffle),1,1,1,ablation_arms_2026-09,d7cff847-6403-44a6-ad8a-2f5a783639dd,mse,1.4727084636688232,PB-Cond trained with globally shuffled pseudo-bulk codes.
leave_one_out,PB-Cond_(global_shuffle),1,1,1,ablation_arms_2026-09,de5416ef-bbfa-41f3-99d4-01a3554173f5,mse,1.7430044412612915,PB-Cond trained with globally shuffled pseudo-bulk codes.
leave_one_out,PB-Cond_(global_shuffle),1,1,1,ablation_arms_2026-09,e3ed2ba4-edf5-40ac-8750-8a417ad1eefe,mse,1.7558505535125732,PB-Cond trained with globally shuffled pseudo-bulk codes.
leave_one_out,PB-Cond_(global_shuffle),1,1,1,ablation_arms_2026-09,e51bae9a-c747-4b64-904a-4da7cda218ab,mse,1.3576995134353638,PB-Cond trained with globally shuffled pseudo-bulk codes.
leave_one_out,PB-Cond_(global_shuffle),1,1,1,ablation_arms_2026-09,e522d2cd-7927-4e59-a4ed-064009569279,mse,2.519652366638184,PB-Cond trained with globally shuffled pseudo-bulk codes.
leave_one_out,PB-Cond_(global_shuffle),1,1,1,ablation_arms_2026-09,e7bd68ab-df49-44df-9b1e-8486114aeeb5,mse,2.440986394882202,PB-Cond trained with globally shuffled pseudo-bulk codes.
leave_one_out,PB-Cond_(global_shuffle),1,1,1,ablation_arms_2026-09,edbfa04a-f1dd-496a-8237-df11d70621ca,mse,2.020275831222534,PB-Cond trained with globally shuffled pseudo-bulk codes.
leave_one_out,PB-Cond_(global_shuffle),1,1,1,ablation_arms_2026-09,f14bc322-1322-4184-8d16-409557525ea5,mse,1.60099995136261,PB-Cond trained with globally shuffled pseudo-bulk codes.
leave_one_out,PB-Cond_(global_shuffle),1,1,1,ablation_arms_2026-09,f3c49918-4707-4d92-bb6d-2b5b4eb9d1b4,mse,1.500600814819336,PB-Cond trained with globally shuffled pseudo-bulk codes.
leave_one_out,PB-Cond_(global_shuffle),1,1,1,ablation_arms_2026-09,f641d68a-e877-4bb8-afd7-b8fa3921d461,mse,2.842645168304444,PB-Cond trained with globally shuffled pseudo-bulk codes.
leave_one_out,PB-Cond_(global_shuffle),1,1,1,ablation_arms_2026-09,f6cc8a47-2dea-40aa-8608-d771c5ef8a07,mse,3.4873342514038086,PB-Cond trained with globally shuffled pseudo-bulk codes.
leave_one_out,PB-Cond_(global_shuffle),1,1,1,ablation_arms_2026-09,fe7aae33-6f7c-41a5-8d29-9996a9ddf1ab,mse,2.904106378555298,PB-Cond trained with globally shuffled pseudo-bulk codes.
