model,dataset_prefix,disease_label,dataset_id,contrast_id,cell_type,positive_label,negative_label,positive_n,negative_n,n_genes,metric,value
scVI,203025fe,Alzheimer disease,203025fe-fa99-4d57-81da-458ed8f0c334,203025fe-fa99-4d57-81da-458ed8f0c334::smooth muscle cell::Alzheimer disease_vs_normal,smooth muscle cell,Alzheimer disease,normal,61,59,1248,logfc_spearman,0.2505485890487376
scVI,203025fe,Alzheimer disease,203025fe-fa99-4d57-81da-458ed8f0c334,203025fe-fa99-4d57-81da-458ed8f0c334::smooth muscle cell::Alzheimer disease_vs_normal,smooth muscle cell,Alzheimer disease,normal,61,59,1248,top100_abs_jaccard,0.12994350282485875
scVI,203025fe,Alzheimer disease,203025fe-fa99-4d57-81da-458ed8f0c334,203025fe-fa99-4d57-81da-458ed8f0c334::smooth muscle cell::Alzheimer disease_vs_normal,smooth muscle cell,Alzheimer disease,normal,61,59,1248,top100_sign_concordance,0.82
scPRINT,203025fe,Alzheimer disease,203025fe-fa99-4d57-81da-458ed8f0c334,203025fe-fa99-4d57-81da-458ed8f0c334::smooth muscle cell::Alzheimer disease_vs_normal,smooth muscle cell,Alzheimer disease,normal,61,59,1248,logfc_spearman,0.43641078872724604
scPRINT,203025fe,Alzheimer disease,203025fe-fa99-4d57-81da-458ed8f0c334,203025fe-fa99-4d57-81da-458ed8f0c334::smooth muscle cell::Alzheimer disease_vs_normal,smooth muscle cell,Alzheimer disease,normal,61,59,1248,top100_abs_jaccard,0.19760479041916168
scPRINT,203025fe,Alzheimer disease,203025fe-fa99-4d57-81da-458ed8f0c334,203025fe-fa99-4d57-81da-458ed8f0c334::smooth muscle cell::Alzheimer disease_vs_normal,smooth muscle cell,Alzheimer disease,normal,61,59,1248,top100_sign_concordance,0.8
CellPLM,203025fe,Alzheimer disease,203025fe-fa99-4d57-81da-458ed8f0c334,203025fe-fa99-4d57-81da-458ed8f0c334::smooth muscle cell::Alzheimer disease_vs_normal,smooth muscle cell,Alzheimer disease,normal,61,59,1248,logfc_spearman,0.220048070471824
CellPLM,203025fe,Alzheimer disease,203025fe-fa99-4d57-81da-458ed8f0c334,203025fe-fa99-4d57-81da-458ed8f0c334::smooth muscle cell::Alzheimer disease_vs_normal,smooth muscle cell,Alzheimer disease,normal,61,59,1248,top100_abs_jaccard,0.14942528735632185
CellPLM,203025fe,Alzheimer disease,203025fe-fa99-4d57-81da-458ed8f0c334,203025fe-fa99-4d57-81da-458ed8f0c334::smooth muscle cell::Alzheimer disease_vs_normal,smooth muscle cell,Alzheimer disease,normal,61,59,1248,top100_sign_concordance,0.72
scTrilemma,203025fe,Alzheimer disease,203025fe-fa99-4d57-81da-458ed8f0c334,203025fe-fa99-4d57-81da-458ed8f0c334::smooth muscle cell::Alzheimer disease_vs_normal,smooth muscle cell,Alzheimer disease,normal,61,59,1248,logfc_spearman,0.3750741706654886
scTrilemma,203025fe,Alzheimer disease,203025fe-fa99-4d57-81da-458ed8f0c334,203025fe-fa99-4d57-81da-458ed8f0c334::smooth muscle cell::Alzheimer disease_vs_normal,smooth muscle cell,Alzheimer disease,normal,61,59,1248,top100_abs_jaccard,0.26582278481012656
scTrilemma,203025fe,Alzheimer disease,203025fe-fa99-4d57-81da-458ed8f0c334,203025fe-fa99-4d57-81da-458ed8f0c334::smooth muscle cell::Alzheimer disease_vs_normal,smooth muscle cell,Alzheimer disease,normal,61,59,1248,top100_sign_concordance,0.84
scVI,203025fe,Alzheimer disease,203025fe-fa99-4d57-81da-458ed8f0c334,203025fe-fa99-4d57-81da-458ed8f0c334::microglial cell::Alzheimer disease_vs_normal,microglial cell,Alzheimer disease,normal,60,59,1377,logfc_spearman,0.2386395989303968
scVI,203025fe,Alzheimer disease,203025fe-fa99-4d57-81da-458ed8f0c334,203025fe-fa99-4d57-81da-458ed8f0c334::microglial cell::Alzheimer disease_vs_normal,microglial cell,Alzheimer disease,normal,60,59,1377,top100_abs_jaccard,0.0989010989010989
scVI,203025fe,Alzheimer disease,203025fe-fa99-4d57-81da-458ed8f0c334,203025fe-fa99-4d57-81da-458ed8f0c334::microglial cell::Alzheimer disease_vs_normal,microglial cell,Alzheimer disease,normal,60,59,1377,top100_sign_concordance,0.83
scPRINT,203025fe,Alzheimer disease,203025fe-fa99-4d57-81da-458ed8f0c334,203025fe-fa99-4d57-81da-458ed8f0c334::microglial cell::Alzheimer disease_vs_normal,microglial cell,Alzheimer disease,normal,60,59,1377,logfc_spearman,0.30652992617569735
scPRINT,203025fe,Alzheimer disease,203025fe-fa99-4d57-81da-458ed8f0c334,203025fe-fa99-4d57-81da-458ed8f0c334::microglial cell::Alzheimer disease_vs_normal,microglial cell,Alzheimer disease,normal,60,59,1377,top100_abs_jaccard,0.16279069767441862
scPRINT,203025fe,Alzheimer disease,203025fe-fa99-4d57-81da-458ed8f0c334,203025fe-fa99-4d57-81da-458ed8f0c334::microglial cell::Alzheimer disease_vs_normal,microglial cell,Alzheimer disease,normal,60,59,1377,top100_sign_concordance,0.7
CellPLM,203025fe,Alzheimer disease,203025fe-fa99-4d57-81da-458ed8f0c334,203025fe-fa99-4d57-81da-458ed8f0c334::microglial cell::Alzheimer disease_vs_normal,microglial cell,Alzheimer disease,normal,60,59,1377,logfc_spearman,0.16712426989542012
CellPLM,203025fe,Alzheimer disease,203025fe-fa99-4d57-81da-458ed8f0c334,203025fe-fa99-4d57-81da-458ed8f0c334::microglial cell::Alzheimer disease_vs_normal,microglial cell,Alzheimer disease,normal,60,59,1377,top100_abs_jaccard,0.12994350282485875
CellPLM,203025fe,Alzheimer disease,203025fe-fa99-4d57-81da-458ed8f0c334,203025fe-fa99-4d57-81da-458ed8f0c334::microglial cell::Alzheimer disease_vs_normal,microglial cell,Alzheimer disease,normal,60,59,1377,top100_sign_concordance,0.59
scTrilemma,203025fe,Alzheimer disease,203025fe-fa99-4d57-81da-458ed8f0c334,203025fe-fa99-4d57-81da-458ed8f0c334::microglial cell::Alzheimer disease_vs_normal,microglial cell,Alzheimer disease,normal,60,59,1377,logfc_spearman,0.2647764321104474
scTrilemma,203025fe,Alzheimer disease,203025fe-fa99-4d57-81da-458ed8f0c334,203025fe-fa99-4d57-81da-458ed8f0c334::microglial cell::Alzheimer disease_vs_normal,microglial cell,Alzheimer disease,normal,60,59,1377,top100_abs_jaccard,0.27388535031847133
scTrilemma,203025fe,Alzheimer disease,203025fe-fa99-4d57-81da-458ed8f0c334,203025fe-fa99-4d57-81da-458ed8f0c334::microglial cell::Alzheimer disease_vs_normal,microglial cell,Alzheimer disease,normal,60,59,1377,top100_sign_concordance,0.79
scVI,203025fe,Alzheimer disease,203025fe-fa99-4d57-81da-458ed8f0c334,203025fe-fa99-4d57-81da-458ed8f0c334::endothelial cell of artery::Alzheimer disease_vs_normal,endothelial cell of artery,Alzheimer disease,normal,59,60,1305,logfc_spearman,0.06520753688721048
scVI,203025fe,Alzheimer disease,203025fe-fa99-4d57-81da-458ed8f0c334,203025fe-fa99-4d57-81da-458ed8f0c334::endothelial cell of artery::Alzheimer disease_vs_normal,endothelial cell of artery,Alzheimer disease,normal,59,60,1305,top100_abs_jaccard,0.13636363636363635
scVI,203025fe,Alzheimer disease,203025fe-fa99-4d57-81da-458ed8f0c334,203025fe-fa99-4d57-81da-458ed8f0c334::endothelial cell of artery::Alzheimer disease_vs_normal,endothelial cell of artery,Alzheimer disease,normal,59,60,1305,top100_sign_concordance,0.64
scPRINT,203025fe,Alzheimer disease,203025fe-fa99-4d57-81da-458ed8f0c334,203025fe-fa99-4d57-81da-458ed8f0c334::endothelial cell of artery::Alzheimer disease_vs_normal,endothelial cell of artery,Alzheimer disease,normal,59,60,1305,logfc_spearman,0.2056762537391938
scPRINT,203025fe,Alzheimer disease,203025fe-fa99-4d57-81da-458ed8f0c334,203025fe-fa99-4d57-81da-458ed8f0c334::endothelial cell of artery::Alzheimer disease_vs_normal,endothelial cell of artery,Alzheimer disease,normal,59,60,1305,top100_abs_jaccard,0.16279069767441862
scPRINT,203025fe,Alzheimer disease,203025fe-fa99-4d57-81da-458ed8f0c334,203025fe-fa99-4d57-81da-458ed8f0c334::endothelial cell of artery::Alzheimer disease_vs_normal,endothelial cell of artery,Alzheimer disease,normal,59,60,1305,top100_sign_concordance,0.61
CellPLM,203025fe,Alzheimer disease,203025fe-fa99-4d57-81da-458ed8f0c334,203025fe-fa99-4d57-81da-458ed8f0c334::endothelial cell of artery::Alzheimer disease_vs_normal,endothelial cell of artery,Alzheimer disease,normal,59,60,1305,logfc_spearman,0.07758828859611318
CellPLM,203025fe,Alzheimer disease,203025fe-fa99-4d57-81da-458ed8f0c334,203025fe-fa99-4d57-81da-458ed8f0c334::endothelial cell of artery::Alzheimer disease_vs_normal,endothelial cell of artery,Alzheimer disease,normal,59,60,1305,top100_abs_jaccard,0.10497237569060773
CellPLM,203025fe,Alzheimer disease,203025fe-fa99-4d57-81da-458ed8f0c334,203025fe-fa99-4d57-81da-458ed8f0c334::endothelial cell of artery::Alzheimer disease_vs_normal,endothelial cell of artery,Alzheimer disease,normal,59,60,1305,top100_sign_concordance,0.61
scTrilemma,203025fe,Alzheimer disease,203025fe-fa99-4d57-81da-458ed8f0c334,203025fe-fa99-4d57-81da-458ed8f0c334::endothelial cell of artery::Alzheimer disease_vs_normal,endothelial cell of artery,Alzheimer disease,normal,59,60,1305,logfc_spearman,0.13289474402124973
scTrilemma,203025fe,Alzheimer disease,203025fe-fa99-4d57-81da-458ed8f0c334,203025fe-fa99-4d57-81da-458ed8f0c334::endothelial cell of artery::Alzheimer disease_vs_normal,endothelial cell of artery,Alzheimer disease,normal,59,60,1305,top100_abs_jaccard,0.2578616352201258
scTrilemma,203025fe,Alzheimer disease,203025fe-fa99-4d57-81da-458ed8f0c334,203025fe-fa99-4d57-81da-458ed8f0c334::endothelial cell of artery::Alzheimer disease_vs_normal,endothelial cell of artery,Alzheimer disease,normal,59,60,1305,top100_sign_concordance,0.61
scVI,203025fe,Alzheimer disease,203025fe-fa99-4d57-81da-458ed8f0c334,203025fe-fa99-4d57-81da-458ed8f0c334::T cell::Alzheimer disease_vs_normal,T cell,Alzheimer disease,normal,59,59,1046,logfc_spearman,0.05729527212837499
scVI,203025fe,Alzheimer disease,203025fe-fa99-4d57-81da-458ed8f0c334,203025fe-fa99-4d57-81da-458ed8f0c334::T cell::Alzheimer disease_vs_normal,T cell,Alzheimer disease,normal,59,59,1046,top100_abs_jaccard,0.02040816326530612
scVI,203025fe,Alzheimer disease,203025fe-fa99-4d57-81da-458ed8f0c334,203025fe-fa99-4d57-81da-458ed8f0c334::T cell::Alzheimer disease_vs_normal,T cell,Alzheimer disease,normal,59,59,1046,top100_sign_concordance,0.55
scPRINT,203025fe,Alzheimer disease,203025fe-fa99-4d57-81da-458ed8f0c334,203025fe-fa99-4d57-81da-458ed8f0c334::T cell::Alzheimer disease_vs_normal,T cell,Alzheimer disease,normal,59,59,1046,logfc_spearman,0.4185180549747607
scPRINT,203025fe,Alzheimer disease,203025fe-fa99-4d57-81da-458ed8f0c334,203025fe-fa99-4d57-81da-458ed8f0c334::T cell::Alzheimer disease_vs_normal,T cell,Alzheimer disease,normal,59,59,1046,top100_abs_jaccard,0.1834319526627219
scPRINT,203025fe,Alzheimer disease,203025fe-fa99-4d57-81da-458ed8f0c334,203025fe-fa99-4d57-81da-458ed8f0c334::T cell::Alzheimer disease_vs_normal,T cell,Alzheimer disease,normal,59,59,1046,top100_sign_concordance,0.69
CellPLM,203025fe,Alzheimer disease,203025fe-fa99-4d57-81da-458ed8f0c334,203025fe-fa99-4d57-81da-458ed8f0c334::T cell::Alzheimer disease_vs_normal,T cell,Alzheimer disease,normal,59,59,1046,logfc_spearman,0.14307667535843982
CellPLM,203025fe,Alzheimer disease,203025fe-fa99-4d57-81da-458ed8f0c334,203025fe-fa99-4d57-81da-458ed8f0c334::T cell::Alzheimer disease_vs_normal,T cell,Alzheimer disease,normal,59,59,1046,top100_abs_jaccard,0.14942528735632185
CellPLM,203025fe,Alzheimer disease,203025fe-fa99-4d57-81da-458ed8f0c334,203025fe-fa99-4d57-81da-458ed8f0c334::T cell::Alzheimer disease_vs_normal,T cell,Alzheimer disease,normal,59,59,1046,top100_sign_concordance,0.64
scTrilemma,203025fe,Alzheimer disease,203025fe-fa99-4d57-81da-458ed8f0c334,203025fe-fa99-4d57-81da-458ed8f0c334::T cell::Alzheimer disease_vs_normal,T cell,Alzheimer disease,normal,59,59,1046,logfc_spearman,0.19744467085098405
scTrilemma,203025fe,Alzheimer disease,203025fe-fa99-4d57-81da-458ed8f0c334,203025fe-fa99-4d57-81da-458ed8f0c334::T cell::Alzheimer disease_vs_normal,T cell,Alzheimer disease,normal,59,59,1046,top100_abs_jaccard,0.09289617486338798
scTrilemma,203025fe,Alzheimer disease,203025fe-fa99-4d57-81da-458ed8f0c334,203025fe-fa99-4d57-81da-458ed8f0c334::T cell::Alzheimer disease_vs_normal,T cell,Alzheimer disease,normal,59,59,1046,top100_sign_concordance,0.58
scVI,203025fe,Alzheimer disease,203025fe-fa99-4d57-81da-458ed8f0c334,203025fe-fa99-4d57-81da-458ed8f0c334::oligodendrocyte::Alzheimer disease_vs_normal,oligodendrocyte,Alzheimer disease,normal,59,59,1393,logfc_spearman,0.17438491110036583
scVI,203025fe,Alzheimer disease,203025fe-fa99-4d57-81da-458ed8f0c334,203025fe-fa99-4d57-81da-458ed8f0c334::oligodendrocyte::Alzheimer disease_vs_normal,oligodendrocyte,Alzheimer disease,normal,59,59,1393,top100_abs_jaccard,0.04712041884816754
scVI,203025fe,Alzheimer disease,203025fe-fa99-4d57-81da-458ed8f0c334,203025fe-fa99-4d57-81da-458ed8f0c334::oligodendrocyte::Alzheimer disease_vs_normal,oligodendrocyte,Alzheimer disease,normal,59,59,1393,top100_sign_concordance,0.84
scPRINT,203025fe,Alzheimer disease,203025fe-fa99-4d57-81da-458ed8f0c334,203025fe-fa99-4d57-81da-458ed8f0c334::oligodendrocyte::Alzheimer disease_vs_normal,oligodendrocyte,Alzheimer disease,normal,59,59,1393,logfc_spearman,0.3531120023100623
scPRINT,203025fe,Alzheimer disease,203025fe-fa99-4d57-81da-458ed8f0c334,203025fe-fa99-4d57-81da-458ed8f0c334::oligodendrocyte::Alzheimer disease_vs_normal,oligodendrocyte,Alzheimer disease,normal,59,59,1393,top100_abs_jaccard,0.13636363636363635
scPRINT,203025fe,Alzheimer disease,203025fe-fa99-4d57-81da-458ed8f0c334,203025fe-fa99-4d57-81da-458ed8f0c334::oligodendrocyte::Alzheimer disease_vs_normal,oligodendrocyte,Alzheimer disease,normal,59,59,1393,top100_sign_concordance,0.61
CellPLM,203025fe,Alzheimer disease,203025fe-fa99-4d57-81da-458ed8f0c334,203025fe-fa99-4d57-81da-458ed8f0c334::oligodendrocyte::Alzheimer disease_vs_normal,oligodendrocyte,Alzheimer disease,normal,59,59,1393,logfc_spearman,0.08079079067163919
CellPLM,203025fe,Alzheimer disease,203025fe-fa99-4d57-81da-458ed8f0c334,203025fe-fa99-4d57-81da-458ed8f0c334::oligodendrocyte::Alzheimer disease_vs_normal,oligodendrocyte,Alzheimer disease,normal,59,59,1393,top100_abs_jaccard,0.06382978723404255
CellPLM,203025fe,Alzheimer disease,203025fe-fa99-4d57-81da-458ed8f0c334,203025fe-fa99-4d57-81da-458ed8f0c334::oligodendrocyte::Alzheimer disease_vs_normal,oligodendrocyte,Alzheimer disease,normal,59,59,1393,top100_sign_concordance,0.7
scTrilemma,203025fe,Alzheimer disease,203025fe-fa99-4d57-81da-458ed8f0c334,203025fe-fa99-4d57-81da-458ed8f0c334::oligodendrocyte::Alzheimer disease_vs_normal,oligodendrocyte,Alzheimer disease,normal,59,59,1393,logfc_spearman,0.05698295215221207
scTrilemma,203025fe,Alzheimer disease,203025fe-fa99-4d57-81da-458ed8f0c334,203025fe-fa99-4d57-81da-458ed8f0c334::oligodendrocyte::Alzheimer disease_vs_normal,oligodendrocyte,Alzheimer disease,normal,59,59,1393,top100_abs_jaccard,0.12359550561797752
scTrilemma,203025fe,Alzheimer disease,203025fe-fa99-4d57-81da-458ed8f0c334,203025fe-fa99-4d57-81da-458ed8f0c334::oligodendrocyte::Alzheimer disease_vs_normal,oligodendrocyte,Alzheimer disease,normal,59,59,1393,top100_sign_concordance,0.45
scVI,203025fe,Alzheimer disease,203025fe-fa99-4d57-81da-458ed8f0c334,203025fe-fa99-4d57-81da-458ed8f0c334::perivascular macrophage::Alzheimer disease_vs_normal,perivascular macrophage,Alzheimer disease,normal,59,59,1293,logfc_spearman,0.13671860726833168
scVI,203025fe,Alzheimer disease,203025fe-fa99-4d57-81da-458ed8f0c334,203025fe-fa99-4d57-81da-458ed8f0c334::perivascular macrophage::Alzheimer disease_vs_normal,perivascular macrophage,Alzheimer disease,normal,59,59,1293,top100_abs_jaccard,0.0582010582010582
scVI,203025fe,Alzheimer disease,203025fe-fa99-4d57-81da-458ed8f0c334,203025fe-fa99-4d57-81da-458ed8f0c334::perivascular macrophage::Alzheimer disease_vs_normal,perivascular macrophage,Alzheimer disease,normal,59,59,1293,top100_sign_concordance,0.55
scPRINT,203025fe,Alzheimer disease,203025fe-fa99-4d57-81da-458ed8f0c334,203025fe-fa99-4d57-81da-458ed8f0c334::perivascular macrophage::Alzheimer disease_vs_normal,perivascular macrophage,Alzheimer disease,normal,59,59,1293,logfc_spearman,0.41450766949632367
scPRINT,203025fe,Alzheimer disease,203025fe-fa99-4d57-81da-458ed8f0c334,203025fe-fa99-4d57-81da-458ed8f0c334::perivascular macrophage::Alzheimer disease_vs_normal,perivascular macrophage,Alzheimer disease,normal,59,59,1293,top100_abs_jaccard,0.19047619047619047
scPRINT,203025fe,Alzheimer disease,203025fe-fa99-4d57-81da-458ed8f0c334,203025fe-fa99-4d57-81da-458ed8f0c334::perivascular macrophage::Alzheimer disease_vs_normal,perivascular macrophage,Alzheimer disease,normal,59,59,1293,top100_sign_concordance,0.73
CellPLM,203025fe,Alzheimer disease,203025fe-fa99-4d57-81da-458ed8f0c334,203025fe-fa99-4d57-81da-458ed8f0c334::perivascular macrophage::Alzheimer disease_vs_normal,perivascular macrophage,Alzheimer disease,normal,59,59,1293,logfc_spearman,0.18148300361208167
CellPLM,203025fe,Alzheimer disease,203025fe-fa99-4d57-81da-458ed8f0c334,203025fe-fa99-4d57-81da-458ed8f0c334::perivascular macrophage::Alzheimer disease_vs_normal,perivascular macrophage,Alzheimer disease,normal,59,59,1293,top100_abs_jaccard,0.15606936416184972
CellPLM,203025fe,Alzheimer disease,203025fe-fa99-4d57-81da-458ed8f0c334,203025fe-fa99-4d57-81da-458ed8f0c334::perivascular macrophage::Alzheimer disease_vs_normal,perivascular macrophage,Alzheimer disease,normal,59,59,1293,top100_sign_concordance,0.61
scTrilemma,203025fe,Alzheimer disease,203025fe-fa99-4d57-81da-458ed8f0c334,203025fe-fa99-4d57-81da-458ed8f0c334::perivascular macrophage::Alzheimer disease_vs_normal,perivascular macrophage,Alzheimer disease,normal,59,59,1293,logfc_spearman,0.23722745894464894
scTrilemma,203025fe,Alzheimer disease,203025fe-fa99-4d57-81da-458ed8f0c334,203025fe-fa99-4d57-81da-458ed8f0c334::perivascular macrophage::Alzheimer disease_vs_normal,perivascular macrophage,Alzheimer disease,normal,59,59,1293,top100_abs_jaccard,0.21951219512195122
scTrilemma,203025fe,Alzheimer disease,203025fe-fa99-4d57-81da-458ed8f0c334,203025fe-fa99-4d57-81da-458ed8f0c334::perivascular macrophage::Alzheimer disease_vs_normal,perivascular macrophage,Alzheimer disease,normal,59,59,1293,top100_sign_concordance,0.65
scVI,30c2a6fd,open-angle glaucoma,30c2a6fd-d547-460f-a5e7-44c62a2af7ad,"30c2a6fd-d547-460f-a5e7-44c62a2af7ad::CD4-positive, alpha-beta memory T cell::open-angle glaucoma_vs_normal","CD4-positive, alpha-beta memory T cell",open-angle glaucoma,normal,74,62,1088,logfc_spearman,0.04718494144448297
scVI,30c2a6fd,open-angle glaucoma,30c2a6fd-d547-460f-a5e7-44c62a2af7ad,"30c2a6fd-d547-460f-a5e7-44c62a2af7ad::CD4-positive, alpha-beta memory T cell::open-angle glaucoma_vs_normal","CD4-positive, alpha-beta memory T cell",open-angle glaucoma,normal,74,62,1088,top100_abs_jaccard,0.1111111111111111
scVI,30c2a6fd,open-angle glaucoma,30c2a6fd-d547-460f-a5e7-44c62a2af7ad,"30c2a6fd-d547-460f-a5e7-44c62a2af7ad::CD4-positive, alpha-beta memory T cell::open-angle glaucoma_vs_normal","CD4-positive, alpha-beta memory T cell",open-angle glaucoma,normal,74,62,1088,top100_sign_concordance,0.57
scPRINT,30c2a6fd,open-angle glaucoma,30c2a6fd-d547-460f-a5e7-44c62a2af7ad,"30c2a6fd-d547-460f-a5e7-44c62a2af7ad::CD4-positive, alpha-beta memory T cell::open-angle glaucoma_vs_normal","CD4-positive, alpha-beta memory T cell",open-angle glaucoma,normal,74,62,1088,logfc_spearman,0.5624616302021324
scPRINT,30c2a6fd,open-angle glaucoma,30c2a6fd-d547-460f-a5e7-44c62a2af7ad,"30c2a6fd-d547-460f-a5e7-44c62a2af7ad::CD4-positive, alpha-beta memory T cell::open-angle glaucoma_vs_normal","CD4-positive, alpha-beta memory T cell",open-angle glaucoma,normal,74,62,1088,top100_abs_jaccard,0.2422360248447205
scPRINT,30c2a6fd,open-angle glaucoma,30c2a6fd-d547-460f-a5e7-44c62a2af7ad,"30c2a6fd-d547-460f-a5e7-44c62a2af7ad::CD4-positive, alpha-beta memory T cell::open-angle glaucoma_vs_normal","CD4-positive, alpha-beta memory T cell",open-angle glaucoma,normal,74,62,1088,top100_sign_concordance,0.82
CellPLM,30c2a6fd,open-angle glaucoma,30c2a6fd-d547-460f-a5e7-44c62a2af7ad,"30c2a6fd-d547-460f-a5e7-44c62a2af7ad::CD4-positive, alpha-beta memory T cell::open-angle glaucoma_vs_normal","CD4-positive, alpha-beta memory T cell",open-angle glaucoma,normal,74,62,1088,logfc_spearman,0.27054051250963407
CellPLM,30c2a6fd,open-angle glaucoma,30c2a6fd-d547-460f-a5e7-44c62a2af7ad,"30c2a6fd-d547-460f-a5e7-44c62a2af7ad::CD4-positive, alpha-beta memory T cell::open-angle glaucoma_vs_normal","CD4-positive, alpha-beta memory T cell",open-angle glaucoma,normal,74,62,1088,top100_abs_jaccard,0.13636363636363635
CellPLM,30c2a6fd,open-angle glaucoma,30c2a6fd-d547-460f-a5e7-44c62a2af7ad,"30c2a6fd-d547-460f-a5e7-44c62a2af7ad::CD4-positive, alpha-beta memory T cell::open-angle glaucoma_vs_normal","CD4-positive, alpha-beta memory T cell",open-angle glaucoma,normal,74,62,1088,top100_sign_concordance,0.75
scTrilemma,30c2a6fd,open-angle glaucoma,30c2a6fd-d547-460f-a5e7-44c62a2af7ad,"30c2a6fd-d547-460f-a5e7-44c62a2af7ad::CD4-positive, alpha-beta memory T cell::open-angle glaucoma_vs_normal","CD4-positive, alpha-beta memory T cell",open-angle glaucoma,normal,74,62,1088,logfc_spearman,0.4534064609791485
scTrilemma,30c2a6fd,open-angle glaucoma,30c2a6fd-d547-460f-a5e7-44c62a2af7ad,"30c2a6fd-d547-460f-a5e7-44c62a2af7ad::CD4-positive, alpha-beta memory T cell::open-angle glaucoma_vs_normal","CD4-positive, alpha-beta memory T cell",open-angle glaucoma,normal,74,62,1088,top100_abs_jaccard,0.20481927710843373
scTrilemma,30c2a6fd,open-angle glaucoma,30c2a6fd-d547-460f-a5e7-44c62a2af7ad,"30c2a6fd-d547-460f-a5e7-44c62a2af7ad::CD4-positive, alpha-beta memory T cell::open-angle glaucoma_vs_normal","CD4-positive, alpha-beta memory T cell",open-angle glaucoma,normal,74,62,1088,top100_sign_concordance,0.9
scVI,30c2a6fd,open-angle glaucoma,30c2a6fd-d547-460f-a5e7-44c62a2af7ad,30c2a6fd-d547-460f-a5e7-44c62a2af7ad::natural killer cell::open-angle glaucoma_vs_normal,natural killer cell,open-angle glaucoma,normal,62,60,1055,logfc_spearman,0.18595712039412113
scVI,30c2a6fd,open-angle glaucoma,30c2a6fd-d547-460f-a5e7-44c62a2af7ad,30c2a6fd-d547-460f-a5e7-44c62a2af7ad::natural killer cell::open-angle glaucoma_vs_normal,natural killer cell,open-angle glaucoma,normal,62,60,1055,top100_abs_jaccard,0.13636363636363635
scVI,30c2a6fd,open-angle glaucoma,30c2a6fd-d547-460f-a5e7-44c62a2af7ad,30c2a6fd-d547-460f-a5e7-44c62a2af7ad::natural killer cell::open-angle glaucoma_vs_normal,natural killer cell,open-angle glaucoma,normal,62,60,1055,top100_sign_concordance,0.64
scPRINT,30c2a6fd,open-angle glaucoma,30c2a6fd-d547-460f-a5e7-44c62a2af7ad,30c2a6fd-d547-460f-a5e7-44c62a2af7ad::natural killer cell::open-angle glaucoma_vs_normal,natural killer cell,open-angle glaucoma,normal,62,60,1055,logfc_spearman,0.6141440227860955
scPRINT,30c2a6fd,open-angle glaucoma,30c2a6fd-d547-460f-a5e7-44c62a2af7ad,30c2a6fd-d547-460f-a5e7-44c62a2af7ad::natural killer cell::open-angle glaucoma_vs_normal,natural killer cell,open-angle glaucoma,normal,62,60,1055,top100_abs_jaccard,0.21951219512195122
scPRINT,30c2a6fd,open-angle glaucoma,30c2a6fd-d547-460f-a5e7-44c62a2af7ad,30c2a6fd-d547-460f-a5e7-44c62a2af7ad::natural killer cell::open-angle glaucoma_vs_normal,natural killer cell,open-angle glaucoma,normal,62,60,1055,top100_sign_concordance,0.76
CellPLM,30c2a6fd,open-angle glaucoma,30c2a6fd-d547-460f-a5e7-44c62a2af7ad,30c2a6fd-d547-460f-a5e7-44c62a2af7ad::natural killer cell::open-angle glaucoma_vs_normal,natural killer cell,open-angle glaucoma,normal,62,60,1055,logfc_spearman,0.2299110787557808
CellPLM,30c2a6fd,open-angle glaucoma,30c2a6fd-d547-460f-a5e7-44c62a2af7ad,30c2a6fd-d547-460f-a5e7-44c62a2af7ad::natural killer cell::open-angle glaucoma_vs_normal,natural killer cell,open-angle glaucoma,normal,62,60,1055,top100_abs_jaccard,0.1695906432748538
CellPLM,30c2a6fd,open-angle glaucoma,30c2a6fd-d547-460f-a5e7-44c62a2af7ad,30c2a6fd-d547-460f-a5e7-44c62a2af7ad::natural killer cell::open-angle glaucoma_vs_normal,natural killer cell,open-angle glaucoma,normal,62,60,1055,top100_sign_concordance,0.66
scTrilemma,30c2a6fd,open-angle glaucoma,30c2a6fd-d547-460f-a5e7-44c62a2af7ad,30c2a6fd-d547-460f-a5e7-44c62a2af7ad::natural killer cell::open-angle glaucoma_vs_normal,natural killer cell,open-angle glaucoma,normal,62,60,1055,logfc_spearman,0.4077272982954476
scTrilemma,30c2a6fd,open-angle glaucoma,30c2a6fd-d547-460f-a5e7-44c62a2af7ad,30c2a6fd-d547-460f-a5e7-44c62a2af7ad::natural killer cell::open-angle glaucoma_vs_normal,natural killer cell,open-angle glaucoma,normal,62,60,1055,top100_abs_jaccard,0.25
scTrilemma,30c2a6fd,open-angle glaucoma,30c2a6fd-d547-460f-a5e7-44c62a2af7ad,30c2a6fd-d547-460f-a5e7-44c62a2af7ad::natural killer cell::open-angle glaucoma_vs_normal,natural killer cell,open-angle glaucoma,normal,62,60,1055,top100_sign_concordance,0.87
scVI,30c2a6fd,open-angle glaucoma,30c2a6fd-d547-460f-a5e7-44c62a2af7ad,"30c2a6fd-d547-460f-a5e7-44c62a2af7ad::effector CD4-positive, alpha-beta T cell::open-angle glaucoma_vs_normal","effector CD4-positive, alpha-beta T cell",open-angle glaucoma,normal,80,55,1092,logfc_spearman,0.12922865109475795
scVI,30c2a6fd,open-angle glaucoma,30c2a6fd-d547-460f-a5e7-44c62a2af7ad,"30c2a6fd-d547-460f-a5e7-44c62a2af7ad::effector CD4-positive, alpha-beta T cell::open-angle glaucoma_vs_normal","effector CD4-positive, alpha-beta T cell",open-angle glaucoma,normal,80,55,1092,top100_abs_jaccard,0.13636363636363635
scVI,30c2a6fd,open-angle glaucoma,30c2a6fd-d547-460f-a5e7-44c62a2af7ad,"30c2a6fd-d547-460f-a5e7-44c62a2af7ad::effector CD4-positive, alpha-beta T cell::open-angle glaucoma_vs_normal","effector CD4-positive, alpha-beta T cell",open-angle glaucoma,normal,80,55,1092,top100_sign_concordance,0.54
scPRINT,30c2a6fd,open-angle glaucoma,30c2a6fd-d547-460f-a5e7-44c62a2af7ad,"30c2a6fd-d547-460f-a5e7-44c62a2af7ad::effector CD4-positive, alpha-beta T cell::open-angle glaucoma_vs_normal","effector CD4-positive, alpha-beta T cell",open-angle glaucoma,normal,80,55,1092,logfc_spearman,0.44782736836644904
scPRINT,30c2a6fd,open-angle glaucoma,30c2a6fd-d547-460f-a5e7-44c62a2af7ad,"30c2a6fd-d547-460f-a5e7-44c62a2af7ad::effector CD4-positive, alpha-beta T cell::open-angle glaucoma_vs_normal","effector CD4-positive, alpha-beta T cell",open-angle glaucoma,normal,80,55,1092,top100_abs_jaccard,0.22699386503067484
scPRINT,30c2a6fd,open-angle glaucoma,30c2a6fd-d547-460f-a5e7-44c62a2af7ad,"30c2a6fd-d547-460f-a5e7-44c62a2af7ad::effector CD4-positive, alpha-beta T cell::open-angle glaucoma_vs_normal","effector CD4-positive, alpha-beta T cell",open-angle glaucoma,normal,80,55,1092,top100_sign_concordance,0.76
CellPLM,30c2a6fd,open-angle glaucoma,30c2a6fd-d547-460f-a5e7-44c62a2af7ad,"30c2a6fd-d547-460f-a5e7-44c62a2af7ad::effector CD4-positive, alpha-beta T cell::open-angle glaucoma_vs_normal","effector CD4-positive, alpha-beta T cell",open-angle glaucoma,normal,80,55,1092,logfc_spearman,0.23991051930535168
CellPLM,30c2a6fd,open-angle glaucoma,30c2a6fd-d547-460f-a5e7-44c62a2af7ad,"30c2a6fd-d547-460f-a5e7-44c62a2af7ad::effector CD4-positive, alpha-beta T cell::open-angle glaucoma_vs_normal","effector CD4-positive, alpha-beta T cell",open-angle glaucoma,normal,80,55,1092,top100_abs_jaccard,0.15606936416184972
CellPLM,30c2a6fd,open-angle glaucoma,30c2a6fd-d547-460f-a5e7-44c62a2af7ad,"30c2a6fd-d547-460f-a5e7-44c62a2af7ad::effector CD4-positive, alpha-beta T cell::open-angle glaucoma_vs_normal","effector CD4-positive, alpha-beta T cell",open-angle glaucoma,normal,80,55,1092,top100_sign_concordance,0.74
scTrilemma,30c2a6fd,open-angle glaucoma,30c2a6fd-d547-460f-a5e7-44c62a2af7ad,"30c2a6fd-d547-460f-a5e7-44c62a2af7ad::effector CD4-positive, alpha-beta T cell::open-angle glaucoma_vs_normal","effector CD4-positive, alpha-beta T cell",open-angle glaucoma,normal,80,55,1092,logfc_spearman,0.4291035620217321
scTrilemma,30c2a6fd,open-angle glaucoma,30c2a6fd-d547-460f-a5e7-44c62a2af7ad,"30c2a6fd-d547-460f-a5e7-44c62a2af7ad::effector CD4-positive, alpha-beta T cell::open-angle glaucoma_vs_normal","effector CD4-positive, alpha-beta T cell",open-angle glaucoma,normal,80,55,1092,top100_abs_jaccard,0.2422360248447205
scTrilemma,30c2a6fd,open-angle glaucoma,30c2a6fd-d547-460f-a5e7-44c62a2af7ad,"30c2a6fd-d547-460f-a5e7-44c62a2af7ad::effector CD4-positive, alpha-beta T cell::open-angle glaucoma_vs_normal","effector CD4-positive, alpha-beta T cell",open-angle glaucoma,normal,80,55,1092,top100_sign_concordance,0.82
scVI,30c2a6fd,open-angle glaucoma,30c2a6fd-d547-460f-a5e7-44c62a2af7ad,"30c2a6fd-d547-460f-a5e7-44c62a2af7ad::CD14-positive, CD16-negative classical monocyte::open-angle glaucoma_vs_normal","CD14-positive, CD16-negative classical monocyte",open-angle glaucoma,normal,78,54,1097,logfc_spearman,0.16999794005716093
scVI,30c2a6fd,open-angle glaucoma,30c2a6fd-d547-460f-a5e7-44c62a2af7ad,"30c2a6fd-d547-460f-a5e7-44c62a2af7ad::CD14-positive, CD16-negative classical monocyte::open-angle glaucoma_vs_normal","CD14-positive, CD16-negative classical monocyte",open-angle glaucoma,normal,78,54,1097,top100_abs_jaccard,0.11731843575418995
scVI,30c2a6fd,open-angle glaucoma,30c2a6fd-d547-460f-a5e7-44c62a2af7ad,"30c2a6fd-d547-460f-a5e7-44c62a2af7ad::CD14-positive, CD16-negative classical monocyte::open-angle glaucoma_vs_normal","CD14-positive, CD16-negative classical monocyte",open-angle glaucoma,normal,78,54,1097,top100_sign_concordance,0.71
scPRINT,30c2a6fd,open-angle glaucoma,30c2a6fd-d547-460f-a5e7-44c62a2af7ad,"30c2a6fd-d547-460f-a5e7-44c62a2af7ad::CD14-positive, CD16-negative classical monocyte::open-angle glaucoma_vs_normal","CD14-positive, CD16-negative classical monocyte",open-angle glaucoma,normal,78,54,1097,logfc_spearman,0.5264651422160933
scPRINT,30c2a6fd,open-angle glaucoma,30c2a6fd-d547-460f-a5e7-44c62a2af7ad,"30c2a6fd-d547-460f-a5e7-44c62a2af7ad::CD14-positive, CD16-negative classical monocyte::open-angle glaucoma_vs_normal","CD14-positive, CD16-negative classical monocyte",open-angle glaucoma,normal,78,54,1097,top100_abs_jaccard,0.1695906432748538
scPRINT,30c2a6fd,open-angle glaucoma,30c2a6fd-d547-460f-a5e7-44c62a2af7ad,"30c2a6fd-d547-460f-a5e7-44c62a2af7ad::CD14-positive, CD16-negative classical monocyte::open-angle glaucoma_vs_normal","CD14-positive, CD16-negative classical monocyte",open-angle glaucoma,normal,78,54,1097,top100_sign_concordance,0.57
CellPLM,30c2a6fd,open-angle glaucoma,30c2a6fd-d547-460f-a5e7-44c62a2af7ad,"30c2a6fd-d547-460f-a5e7-44c62a2af7ad::CD14-positive, CD16-negative classical monocyte::open-angle glaucoma_vs_normal","CD14-positive, CD16-negative classical monocyte",open-angle glaucoma,normal,78,54,1097,logfc_spearman,0.19371050937307055
CellPLM,30c2a6fd,open-angle glaucoma,30c2a6fd-d547-460f-a5e7-44c62a2af7ad,"30c2a6fd-d547-460f-a5e7-44c62a2af7ad::CD14-positive, CD16-negative classical monocyte::open-angle glaucoma_vs_normal","CD14-positive, CD16-negative classical monocyte",open-angle glaucoma,normal,78,54,1097,top100_abs_jaccard,0.16279069767441862
CellPLM,30c2a6fd,open-angle glaucoma,30c2a6fd-d547-460f-a5e7-44c62a2af7ad,"30c2a6fd-d547-460f-a5e7-44c62a2af7ad::CD14-positive, CD16-negative classical monocyte::open-angle glaucoma_vs_normal","CD14-positive, CD16-negative classical monocyte",open-angle glaucoma,normal,78,54,1097,top100_sign_concordance,0.7
scTrilemma,30c2a6fd,open-angle glaucoma,30c2a6fd-d547-460f-a5e7-44c62a2af7ad,"30c2a6fd-d547-460f-a5e7-44c62a2af7ad::CD14-positive, CD16-negative classical monocyte::open-angle glaucoma_vs_normal","CD14-positive, CD16-negative classical monocyte",open-angle glaucoma,normal,78,54,1097,logfc_spearman,0.41801972462018266
scTrilemma,30c2a6fd,open-angle glaucoma,30c2a6fd-d547-460f-a5e7-44c62a2af7ad,"30c2a6fd-d547-460f-a5e7-44c62a2af7ad::CD14-positive, CD16-negative classical monocyte::open-angle glaucoma_vs_normal","CD14-positive, CD16-negative classical monocyte",open-angle glaucoma,normal,78,54,1097,top100_abs_jaccard,0.32450331125827814
scTrilemma,30c2a6fd,open-angle glaucoma,30c2a6fd-d547-460f-a5e7-44c62a2af7ad,"30c2a6fd-d547-460f-a5e7-44c62a2af7ad::CD14-positive, CD16-negative classical monocyte::open-angle glaucoma_vs_normal","CD14-positive, CD16-negative classical monocyte",open-angle glaucoma,normal,78,54,1097,top100_sign_concordance,0.84
scVI,30c2a6fd,open-angle glaucoma,30c2a6fd-d547-460f-a5e7-44c62a2af7ad,30c2a6fd-d547-460f-a5e7-44c62a2af7ad::mature B cell::open-angle glaucoma_vs_normal,mature B cell,open-angle glaucoma,normal,52,52,1065,logfc_spearman,0.11717012879382081
scVI,30c2a6fd,open-angle glaucoma,30c2a6fd-d547-460f-a5e7-44c62a2af7ad,30c2a6fd-d547-460f-a5e7-44c62a2af7ad::mature B cell::open-angle glaucoma_vs_normal,mature B cell,open-angle glaucoma,normal,52,52,1065,top100_abs_jaccard,0.14285714285714285
scVI,30c2a6fd,open-angle glaucoma,30c2a6fd-d547-460f-a5e7-44c62a2af7ad,30c2a6fd-d547-460f-a5e7-44c62a2af7ad::mature B cell::open-angle glaucoma_vs_normal,mature B cell,open-angle glaucoma,normal,52,52,1065,top100_sign_concordance,0.63
scPRINT,30c2a6fd,open-angle glaucoma,30c2a6fd-d547-460f-a5e7-44c62a2af7ad,30c2a6fd-d547-460f-a5e7-44c62a2af7ad::mature B cell::open-angle glaucoma_vs_normal,mature B cell,open-angle glaucoma,normal,52,52,1065,logfc_spearman,0.607257757583463
scPRINT,30c2a6fd,open-angle glaucoma,30c2a6fd-d547-460f-a5e7-44c62a2af7ad,30c2a6fd-d547-460f-a5e7-44c62a2af7ad::mature B cell::open-angle glaucoma_vs_normal,mature B cell,open-angle glaucoma,normal,52,52,1065,top100_abs_jaccard,0.20481927710843373
scPRINT,30c2a6fd,open-angle glaucoma,30c2a6fd-d547-460f-a5e7-44c62a2af7ad,30c2a6fd-d547-460f-a5e7-44c62a2af7ad::mature B cell::open-angle glaucoma_vs_normal,mature B cell,open-angle glaucoma,normal,52,52,1065,top100_sign_concordance,0.85
CellPLM,30c2a6fd,open-angle glaucoma,30c2a6fd-d547-460f-a5e7-44c62a2af7ad,30c2a6fd-d547-460f-a5e7-44c62a2af7ad::mature B cell::open-angle glaucoma_vs_normal,mature B cell,open-angle glaucoma,normal,52,52,1065,logfc_spearman,0.22032515081683232
CellPLM,30c2a6fd,open-angle glaucoma,30c2a6fd-d547-460f-a5e7-44c62a2af7ad,30c2a6fd-d547-460f-a5e7-44c62a2af7ad::mature B cell::open-angle glaucoma_vs_normal,mature B cell,open-angle glaucoma,normal,52,52,1065,top100_abs_jaccard,0.21212121212121213
CellPLM,30c2a6fd,open-angle glaucoma,30c2a6fd-d547-460f-a5e7-44c62a2af7ad,30c2a6fd-d547-460f-a5e7-44c62a2af7ad::mature B cell::open-angle glaucoma_vs_normal,mature B cell,open-angle glaucoma,normal,52,52,1065,top100_sign_concordance,0.71
scTrilemma,30c2a6fd,open-angle glaucoma,30c2a6fd-d547-460f-a5e7-44c62a2af7ad,30c2a6fd-d547-460f-a5e7-44c62a2af7ad::mature B cell::open-angle glaucoma_vs_normal,mature B cell,open-angle glaucoma,normal,52,52,1065,logfc_spearman,0.44382403667455533
scTrilemma,30c2a6fd,open-angle glaucoma,30c2a6fd-d547-460f-a5e7-44c62a2af7ad,30c2a6fd-d547-460f-a5e7-44c62a2af7ad::mature B cell::open-angle glaucoma_vs_normal,mature B cell,open-angle glaucoma,normal,52,52,1065,top100_abs_jaccard,0.25
scTrilemma,30c2a6fd,open-angle glaucoma,30c2a6fd-d547-460f-a5e7-44c62a2af7ad,30c2a6fd-d547-460f-a5e7-44c62a2af7ad::mature B cell::open-angle glaucoma_vs_normal,mature B cell,open-angle glaucoma,normal,52,52,1065,top100_sign_concordance,0.93
scVI,30c2a6fd,open-angle glaucoma,30c2a6fd-d547-460f-a5e7-44c62a2af7ad,"30c2a6fd-d547-460f-a5e7-44c62a2af7ad::CD14-low, CD16-positive monocyte::open-angle glaucoma_vs_normal","CD14-low, CD16-positive monocyte",open-angle glaucoma,normal,55,48,1114,logfc_spearman,0.2939744321133328
scVI,30c2a6fd,open-angle glaucoma,30c2a6fd-d547-460f-a5e7-44c62a2af7ad,"30c2a6fd-d547-460f-a5e7-44c62a2af7ad::CD14-low, CD16-positive monocyte::open-angle glaucoma_vs_normal","CD14-low, CD16-positive monocyte",open-angle glaucoma,normal,55,48,1114,top100_abs_jaccard,0.1834319526627219
scVI,30c2a6fd,open-angle glaucoma,30c2a6fd-d547-460f-a5e7-44c62a2af7ad,"30c2a6fd-d547-460f-a5e7-44c62a2af7ad::CD14-low, CD16-positive monocyte::open-angle glaucoma_vs_normal","CD14-low, CD16-positive monocyte",open-angle glaucoma,normal,55,48,1114,top100_sign_concordance,0.73
scPRINT,30c2a6fd,open-angle glaucoma,30c2a6fd-d547-460f-a5e7-44c62a2af7ad,"30c2a6fd-d547-460f-a5e7-44c62a2af7ad::CD14-low, CD16-positive monocyte::open-angle glaucoma_vs_normal","CD14-low, CD16-positive monocyte",open-angle glaucoma,normal,55,48,1114,logfc_spearman,0.5774689216953554
scPRINT,30c2a6fd,open-angle glaucoma,30c2a6fd-d547-460f-a5e7-44c62a2af7ad,"30c2a6fd-d547-460f-a5e7-44c62a2af7ad::CD14-low, CD16-positive monocyte::open-angle glaucoma_vs_normal","CD14-low, CD16-positive monocyte",open-angle glaucoma,normal,55,48,1114,top100_abs_jaccard,0.2345679012345679
scPRINT,30c2a6fd,open-angle glaucoma,30c2a6fd-d547-460f-a5e7-44c62a2af7ad,"30c2a6fd-d547-460f-a5e7-44c62a2af7ad::CD14-low, CD16-positive monocyte::open-angle glaucoma_vs_normal","CD14-low, CD16-positive monocyte",open-angle glaucoma,normal,55,48,1114,top100_sign_concordance,0.77
CellPLM,30c2a6fd,open-angle glaucoma,30c2a6fd-d547-460f-a5e7-44c62a2af7ad,"30c2a6fd-d547-460f-a5e7-44c62a2af7ad::CD14-low, CD16-positive monocyte::open-angle glaucoma_vs_normal","CD14-low, CD16-positive monocyte",open-angle glaucoma,normal,55,48,1114,logfc_spearman,0.16214725298852325
CellPLM,30c2a6fd,open-angle glaucoma,30c2a6fd-d547-460f-a5e7-44c62a2af7ad,"30c2a6fd-d547-460f-a5e7-44c62a2af7ad::CD14-low, CD16-positive monocyte::open-angle glaucoma_vs_normal","CD14-low, CD16-positive monocyte",open-angle glaucoma,normal,55,48,1114,top100_abs_jaccard,0.15606936416184972
CellPLM,30c2a6fd,open-angle glaucoma,30c2a6fd-d547-460f-a5e7-44c62a2af7ad,"30c2a6fd-d547-460f-a5e7-44c62a2af7ad::CD14-low, CD16-positive monocyte::open-angle glaucoma_vs_normal","CD14-low, CD16-positive monocyte",open-angle glaucoma,normal,55,48,1114,top100_sign_concordance,0.64
scTrilemma,30c2a6fd,open-angle glaucoma,30c2a6fd-d547-460f-a5e7-44c62a2af7ad,"30c2a6fd-d547-460f-a5e7-44c62a2af7ad::CD14-low, CD16-positive monocyte::open-angle glaucoma_vs_normal","CD14-low, CD16-positive monocyte",open-angle glaucoma,normal,55,48,1114,logfc_spearman,0.4289844879101443
scTrilemma,30c2a6fd,open-angle glaucoma,30c2a6fd-d547-460f-a5e7-44c62a2af7ad,"30c2a6fd-d547-460f-a5e7-44c62a2af7ad::CD14-low, CD16-positive monocyte::open-angle glaucoma_vs_normal","CD14-low, CD16-positive monocyte",open-angle glaucoma,normal,55,48,1114,top100_abs_jaccard,0.22699386503067484
scTrilemma,30c2a6fd,open-angle glaucoma,30c2a6fd-d547-460f-a5e7-44c62a2af7ad,"30c2a6fd-d547-460f-a5e7-44c62a2af7ad::CD14-low, CD16-positive monocyte::open-angle glaucoma_vs_normal","CD14-low, CD16-positive monocyte",open-angle glaucoma,normal,55,48,1114,top100_sign_concordance,0.85
scVI,829a3cd1,colorectal cancer,829a3cd1-a466-49f1-b2e9-d3f6b7f392e2,829a3cd1-a466-49f1-b2e9-d3f6b7f392e2::secretory cell::colorectal cancer_vs_normal,secretory cell,colorectal cancer,normal,142,158,1679,logfc_spearman,0.33127957997587815
scVI,829a3cd1,colorectal cancer,829a3cd1-a466-49f1-b2e9-d3f6b7f392e2,829a3cd1-a466-49f1-b2e9-d3f6b7f392e2::secretory cell::colorectal cancer_vs_normal,secretory cell,colorectal cancer,normal,142,158,1679,top100_abs_jaccard,0.1834319526627219
scVI,829a3cd1,colorectal cancer,829a3cd1-a466-49f1-b2e9-d3f6b7f392e2,829a3cd1-a466-49f1-b2e9-d3f6b7f392e2::secretory cell::colorectal cancer_vs_normal,secretory cell,colorectal cancer,normal,142,158,1679,top100_sign_concordance,0.78
scPRINT,829a3cd1,colorectal cancer,829a3cd1-a466-49f1-b2e9-d3f6b7f392e2,829a3cd1-a466-49f1-b2e9-d3f6b7f392e2::secretory cell::colorectal cancer_vs_normal,secretory cell,colorectal cancer,normal,142,158,1679,logfc_spearman,0.4229097188890073
scPRINT,829a3cd1,colorectal cancer,829a3cd1-a466-49f1-b2e9-d3f6b7f392e2,829a3cd1-a466-49f1-b2e9-d3f6b7f392e2::secretory cell::colorectal cancer_vs_normal,secretory cell,colorectal cancer,normal,142,158,1679,top100_abs_jaccard,0.3698630136986301
scPRINT,829a3cd1,colorectal cancer,829a3cd1-a466-49f1-b2e9-d3f6b7f392e2,829a3cd1-a466-49f1-b2e9-d3f6b7f392e2::secretory cell::colorectal cancer_vs_normal,secretory cell,colorectal cancer,normal,142,158,1679,top100_sign_concordance,0.93
CellPLM,829a3cd1,colorectal cancer,829a3cd1-a466-49f1-b2e9-d3f6b7f392e2,829a3cd1-a466-49f1-b2e9-d3f6b7f392e2::secretory cell::colorectal cancer_vs_normal,secretory cell,colorectal cancer,normal,142,158,1679,logfc_spearman,0.319701152760037
CellPLM,829a3cd1,colorectal cancer,829a3cd1-a466-49f1-b2e9-d3f6b7f392e2,829a3cd1-a466-49f1-b2e9-d3f6b7f392e2::secretory cell::colorectal cancer_vs_normal,secretory cell,colorectal cancer,normal,142,158,1679,top100_abs_jaccard,0.2578616352201258
CellPLM,829a3cd1,colorectal cancer,829a3cd1-a466-49f1-b2e9-d3f6b7f392e2,829a3cd1-a466-49f1-b2e9-d3f6b7f392e2::secretory cell::colorectal cancer_vs_normal,secretory cell,colorectal cancer,normal,142,158,1679,top100_sign_concordance,0.74
scTrilemma,829a3cd1,colorectal cancer,829a3cd1-a466-49f1-b2e9-d3f6b7f392e2,829a3cd1-a466-49f1-b2e9-d3f6b7f392e2::secretory cell::colorectal cancer_vs_normal,secretory cell,colorectal cancer,normal,142,158,1679,logfc_spearman,0.4759494731925065
scTrilemma,829a3cd1,colorectal cancer,829a3cd1-a466-49f1-b2e9-d3f6b7f392e2,829a3cd1-a466-49f1-b2e9-d3f6b7f392e2::secretory cell::colorectal cancer_vs_normal,secretory cell,colorectal cancer,normal,142,158,1679,top100_abs_jaccard,0.48148148148148145
scTrilemma,829a3cd1,colorectal cancer,829a3cd1-a466-49f1-b2e9-d3f6b7f392e2,829a3cd1-a466-49f1-b2e9-d3f6b7f392e2::secretory cell::colorectal cancer_vs_normal,secretory cell,colorectal cancer,normal,142,158,1679,top100_sign_concordance,0.87
scVI,829a3cd1,colorectal cancer,829a3cd1-a466-49f1-b2e9-d3f6b7f392e2,829a3cd1-a466-49f1-b2e9-d3f6b7f392e2::early colonocyte::colorectal cancer_vs_normal,early colonocyte,colorectal cancer,normal,141,156,1694,logfc_spearman,0.5144552947384065
scVI,829a3cd1,colorectal cancer,829a3cd1-a466-49f1-b2e9-d3f6b7f392e2,829a3cd1-a466-49f1-b2e9-d3f6b7f392e2::early colonocyte::colorectal cancer_vs_normal,early colonocyte,colorectal cancer,normal,141,156,1694,top100_abs_jaccard,0.15606936416184972
scVI,829a3cd1,colorectal cancer,829a3cd1-a466-49f1-b2e9-d3f6b7f392e2,829a3cd1-a466-49f1-b2e9-d3f6b7f392e2::early colonocyte::colorectal cancer_vs_normal,early colonocyte,colorectal cancer,normal,141,156,1694,top100_sign_concordance,0.87
scPRINT,829a3cd1,colorectal cancer,829a3cd1-a466-49f1-b2e9-d3f6b7f392e2,829a3cd1-a466-49f1-b2e9-d3f6b7f392e2::early colonocyte::colorectal cancer_vs_normal,early colonocyte,colorectal cancer,normal,141,156,1694,logfc_spearman,0.40854768400020036
scPRINT,829a3cd1,colorectal cancer,829a3cd1-a466-49f1-b2e9-d3f6b7f392e2,829a3cd1-a466-49f1-b2e9-d3f6b7f392e2::early colonocyte::colorectal cancer_vs_normal,early colonocyte,colorectal cancer,normal,141,156,1694,top100_abs_jaccard,0.30718954248366015
scPRINT,829a3cd1,colorectal cancer,829a3cd1-a466-49f1-b2e9-d3f6b7f392e2,829a3cd1-a466-49f1-b2e9-d3f6b7f392e2::early colonocyte::colorectal cancer_vs_normal,early colonocyte,colorectal cancer,normal,141,156,1694,top100_sign_concordance,0.78
CellPLM,829a3cd1,colorectal cancer,829a3cd1-a466-49f1-b2e9-d3f6b7f392e2,829a3cd1-a466-49f1-b2e9-d3f6b7f392e2::early colonocyte::colorectal cancer_vs_normal,early colonocyte,colorectal cancer,normal,141,156,1694,logfc_spearman,0.40778783106060396
CellPLM,829a3cd1,colorectal cancer,829a3cd1-a466-49f1-b2e9-d3f6b7f392e2,829a3cd1-a466-49f1-b2e9-d3f6b7f392e2::early colonocyte::colorectal cancer_vs_normal,early colonocyte,colorectal cancer,normal,141,156,1694,top100_abs_jaccard,0.1834319526627219
CellPLM,829a3cd1,colorectal cancer,829a3cd1-a466-49f1-b2e9-d3f6b7f392e2,829a3cd1-a466-49f1-b2e9-d3f6b7f392e2::early colonocyte::colorectal cancer_vs_normal,early colonocyte,colorectal cancer,normal,141,156,1694,top100_sign_concordance,0.75
scTrilemma,829a3cd1,colorectal cancer,829a3cd1-a466-49f1-b2e9-d3f6b7f392e2,829a3cd1-a466-49f1-b2e9-d3f6b7f392e2::early colonocyte::colorectal cancer_vs_normal,early colonocyte,colorectal cancer,normal,141,156,1694,logfc_spearman,0.5619789210039368
scTrilemma,829a3cd1,colorectal cancer,829a3cd1-a466-49f1-b2e9-d3f6b7f392e2,829a3cd1-a466-49f1-b2e9-d3f6b7f392e2::early colonocyte::colorectal cancer_vs_normal,early colonocyte,colorectal cancer,normal,141,156,1694,top100_abs_jaccard,0.45985401459854014
scTrilemma,829a3cd1,colorectal cancer,829a3cd1-a466-49f1-b2e9-d3f6b7f392e2,829a3cd1-a466-49f1-b2e9-d3f6b7f392e2::early colonocyte::colorectal cancer_vs_normal,early colonocyte,colorectal cancer,normal,141,156,1694,top100_sign_concordance,0.95
scVI,829a3cd1,colorectal cancer,829a3cd1-a466-49f1-b2e9-d3f6b7f392e2,829a3cd1-a466-49f1-b2e9-d3f6b7f392e2::malignant cell::colorectal cancer_vs_normal,malignant cell,colorectal cancer,normal,248,139,1749,logfc_spearman,0.21433262039486026
scVI,829a3cd1,colorectal cancer,829a3cd1-a466-49f1-b2e9-d3f6b7f392e2,829a3cd1-a466-49f1-b2e9-d3f6b7f392e2::malignant cell::colorectal cancer_vs_normal,malignant cell,colorectal cancer,normal,248,139,1749,top100_abs_jaccard,0.10497237569060773
scVI,829a3cd1,colorectal cancer,829a3cd1-a466-49f1-b2e9-d3f6b7f392e2,829a3cd1-a466-49f1-b2e9-d3f6b7f392e2::malignant cell::colorectal cancer_vs_normal,malignant cell,colorectal cancer,normal,248,139,1749,top100_sign_concordance,0.92
scPRINT,829a3cd1,colorectal cancer,829a3cd1-a466-49f1-b2e9-d3f6b7f392e2,829a3cd1-a466-49f1-b2e9-d3f6b7f392e2::malignant cell::colorectal cancer_vs_normal,malignant cell,colorectal cancer,normal,248,139,1749,logfc_spearman,-0.1515920728811364
scPRINT,829a3cd1,colorectal cancer,829a3cd1-a466-49f1-b2e9-d3f6b7f392e2,829a3cd1-a466-49f1-b2e9-d3f6b7f392e2::malignant cell::colorectal cancer_vs_normal,malignant cell,colorectal cancer,normal,248,139,1749,top100_abs_jaccard,0.06951871657754011
scPRINT,829a3cd1,colorectal cancer,829a3cd1-a466-49f1-b2e9-d3f6b7f392e2,829a3cd1-a466-49f1-b2e9-d3f6b7f392e2::malignant cell::colorectal cancer_vs_normal,malignant cell,colorectal cancer,normal,248,139,1749,top100_sign_concordance,0.32
CellPLM,829a3cd1,colorectal cancer,829a3cd1-a466-49f1-b2e9-d3f6b7f392e2,829a3cd1-a466-49f1-b2e9-d3f6b7f392e2::malignant cell::colorectal cancer_vs_normal,malignant cell,colorectal cancer,normal,248,139,1749,logfc_spearman,0.36860417955172065
CellPLM,829a3cd1,colorectal cancer,829a3cd1-a466-49f1-b2e9-d3f6b7f392e2,829a3cd1-a466-49f1-b2e9-d3f6b7f392e2::malignant cell::colorectal cancer_vs_normal,malignant cell,colorectal cancer,normal,248,139,1749,top100_abs_jaccard,0.2422360248447205
CellPLM,829a3cd1,colorectal cancer,829a3cd1-a466-49f1-b2e9-d3f6b7f392e2,829a3cd1-a466-49f1-b2e9-d3f6b7f392e2::malignant cell::colorectal cancer_vs_normal,malignant cell,colorectal cancer,normal,248,139,1749,top100_sign_concordance,0.86
scTrilemma,829a3cd1,colorectal cancer,829a3cd1-a466-49f1-b2e9-d3f6b7f392e2,829a3cd1-a466-49f1-b2e9-d3f6b7f392e2::malignant cell::colorectal cancer_vs_normal,malignant cell,colorectal cancer,normal,248,139,1749,logfc_spearman,0.20474462612643174
scTrilemma,829a3cd1,colorectal cancer,829a3cd1-a466-49f1-b2e9-d3f6b7f392e2,829a3cd1-a466-49f1-b2e9-d3f6b7f392e2::malignant cell::colorectal cancer_vs_normal,malignant cell,colorectal cancer,normal,248,139,1749,top100_abs_jaccard,0.2578616352201258
scTrilemma,829a3cd1,colorectal cancer,829a3cd1-a466-49f1-b2e9-d3f6b7f392e2,829a3cd1-a466-49f1-b2e9-d3f6b7f392e2::malignant cell::colorectal cancer_vs_normal,malignant cell,colorectal cancer,normal,248,139,1749,top100_sign_concordance,0.8
scVI,829a3cd1,colorectal cancer,829a3cd1-a466-49f1-b2e9-d3f6b7f392e2,829a3cd1-a466-49f1-b2e9-d3f6b7f392e2::colon goblet cell::colorectal cancer_vs_normal,colon goblet cell,colorectal cancer,normal,139,145,1500,logfc_spearman,0.3258150674733633
scVI,829a3cd1,colorectal cancer,829a3cd1-a466-49f1-b2e9-d3f6b7f392e2,829a3cd1-a466-49f1-b2e9-d3f6b7f392e2::colon goblet cell::colorectal cancer_vs_normal,colon goblet cell,colorectal cancer,normal,139,145,1500,top100_abs_jaccard,0.0989010989010989
scVI,829a3cd1,colorectal cancer,829a3cd1-a466-49f1-b2e9-d3f6b7f392e2,829a3cd1-a466-49f1-b2e9-d3f6b7f392e2::colon goblet cell::colorectal cancer_vs_normal,colon goblet cell,colorectal cancer,normal,139,145,1500,top100_sign_concordance,0.87
scPRINT,829a3cd1,colorectal cancer,829a3cd1-a466-49f1-b2e9-d3f6b7f392e2,829a3cd1-a466-49f1-b2e9-d3f6b7f392e2::colon goblet cell::colorectal cancer_vs_normal,colon goblet cell,colorectal cancer,normal,139,145,1500,logfc_spearman,0.3318632340119824
scPRINT,829a3cd1,colorectal cancer,829a3cd1-a466-49f1-b2e9-d3f6b7f392e2,829a3cd1-a466-49f1-b2e9-d3f6b7f392e2::colon goblet cell::colorectal cancer_vs_normal,colon goblet cell,colorectal cancer,normal,139,145,1500,top100_abs_jaccard,0.3333333333333333
scPRINT,829a3cd1,colorectal cancer,829a3cd1-a466-49f1-b2e9-d3f6b7f392e2,829a3cd1-a466-49f1-b2e9-d3f6b7f392e2::colon goblet cell::colorectal cancer_vs_normal,colon goblet cell,colorectal cancer,normal,139,145,1500,top100_sign_concordance,0.92
CellPLM,829a3cd1,colorectal cancer,829a3cd1-a466-49f1-b2e9-d3f6b7f392e2,829a3cd1-a466-49f1-b2e9-d3f6b7f392e2::colon goblet cell::colorectal cancer_vs_normal,colon goblet cell,colorectal cancer,normal,139,145,1500,logfc_spearman,0.4603998636980727
CellPLM,829a3cd1,colorectal cancer,829a3cd1-a466-49f1-b2e9-d3f6b7f392e2,829a3cd1-a466-49f1-b2e9-d3f6b7f392e2::colon goblet cell::colorectal cancer_vs_normal,colon goblet cell,colorectal cancer,normal,139,145,1500,top100_abs_jaccard,0.26582278481012656
CellPLM,829a3cd1,colorectal cancer,829a3cd1-a466-49f1-b2e9-d3f6b7f392e2,829a3cd1-a466-49f1-b2e9-d3f6b7f392e2::colon goblet cell::colorectal cancer_vs_normal,colon goblet cell,colorectal cancer,normal,139,145,1500,top100_sign_concordance,0.92
scTrilemma,829a3cd1,colorectal cancer,829a3cd1-a466-49f1-b2e9-d3f6b7f392e2,829a3cd1-a466-49f1-b2e9-d3f6b7f392e2::colon goblet cell::colorectal cancer_vs_normal,colon goblet cell,colorectal cancer,normal,139,145,1500,logfc_spearman,0.4929618319767803
scTrilemma,829a3cd1,colorectal cancer,829a3cd1-a466-49f1-b2e9-d3f6b7f392e2,829a3cd1-a466-49f1-b2e9-d3f6b7f392e2::colon goblet cell::colorectal cancer_vs_normal,colon goblet cell,colorectal cancer,normal,139,145,1500,top100_abs_jaccard,0.3698630136986301
scTrilemma,829a3cd1,colorectal cancer,829a3cd1-a466-49f1-b2e9-d3f6b7f392e2,829a3cd1-a466-49f1-b2e9-d3f6b7f392e2::colon goblet cell::colorectal cancer_vs_normal,colon goblet cell,colorectal cancer,normal,139,145,1500,top100_sign_concordance,0.96
scVI,829a3cd1,colorectal cancer,829a3cd1-a466-49f1-b2e9-d3f6b7f392e2,829a3cd1-a466-49f1-b2e9-d3f6b7f392e2::intestinal crypt stem cell of colon::colorectal cancer_vs_normal,intestinal crypt stem cell of colon,colorectal cancer,normal,138,147,1756,logfc_spearman,0.10896823950758554
scVI,829a3cd1,colorectal cancer,829a3cd1-a466-49f1-b2e9-d3f6b7f392e2,829a3cd1-a466-49f1-b2e9-d3f6b7f392e2::intestinal crypt stem cell of colon::colorectal cancer_vs_normal,intestinal crypt stem cell of colon,colorectal cancer,normal,138,147,1756,top100_abs_jaccard,0.11731843575418995
scVI,829a3cd1,colorectal cancer,829a3cd1-a466-49f1-b2e9-d3f6b7f392e2,829a3cd1-a466-49f1-b2e9-d3f6b7f392e2::intestinal crypt stem cell of colon::colorectal cancer_vs_normal,intestinal crypt stem cell of colon,colorectal cancer,normal,138,147,1756,top100_sign_concordance,0.6
scPRINT,829a3cd1,colorectal cancer,829a3cd1-a466-49f1-b2e9-d3f6b7f392e2,829a3cd1-a466-49f1-b2e9-d3f6b7f392e2::intestinal crypt stem cell of colon::colorectal cancer_vs_normal,intestinal crypt stem cell of colon,colorectal cancer,normal,138,147,1756,logfc_spearman,0.3578917192018318
scPRINT,829a3cd1,colorectal cancer,829a3cd1-a466-49f1-b2e9-d3f6b7f392e2,829a3cd1-a466-49f1-b2e9-d3f6b7f392e2::intestinal crypt stem cell of colon::colorectal cancer_vs_normal,intestinal crypt stem cell of colon,colorectal cancer,normal,138,147,1756,top100_abs_jaccard,0.1834319526627219
scPRINT,829a3cd1,colorectal cancer,829a3cd1-a466-49f1-b2e9-d3f6b7f392e2,829a3cd1-a466-49f1-b2e9-d3f6b7f392e2::intestinal crypt stem cell of colon::colorectal cancer_vs_normal,intestinal crypt stem cell of colon,colorectal cancer,normal,138,147,1756,top100_sign_concordance,0.78
CellPLM,829a3cd1,colorectal cancer,829a3cd1-a466-49f1-b2e9-d3f6b7f392e2,829a3cd1-a466-49f1-b2e9-d3f6b7f392e2::intestinal crypt stem cell of colon::colorectal cancer_vs_normal,intestinal crypt stem cell of colon,colorectal cancer,normal,138,147,1756,logfc_spearman,0.40443318662015626
CellPLM,829a3cd1,colorectal cancer,829a3cd1-a466-49f1-b2e9-d3f6b7f392e2,829a3cd1-a466-49f1-b2e9-d3f6b7f392e2::intestinal crypt stem cell of colon::colorectal cancer_vs_normal,intestinal crypt stem cell of colon,colorectal cancer,normal,138,147,1756,top100_abs_jaccard,0.19760479041916168
CellPLM,829a3cd1,colorectal cancer,829a3cd1-a466-49f1-b2e9-d3f6b7f392e2,829a3cd1-a466-49f1-b2e9-d3f6b7f392e2::intestinal crypt stem cell of colon::colorectal cancer_vs_normal,intestinal crypt stem cell of colon,colorectal cancer,normal,138,147,1756,top100_sign_concordance,0.88
scTrilemma,829a3cd1,colorectal cancer,829a3cd1-a466-49f1-b2e9-d3f6b7f392e2,829a3cd1-a466-49f1-b2e9-d3f6b7f392e2::intestinal crypt stem cell of colon::colorectal cancer_vs_normal,intestinal crypt stem cell of colon,colorectal cancer,normal,138,147,1756,logfc_spearman,0.4530340363096602
scTrilemma,829a3cd1,colorectal cancer,829a3cd1-a466-49f1-b2e9-d3f6b7f392e2,829a3cd1-a466-49f1-b2e9-d3f6b7f392e2::intestinal crypt stem cell of colon::colorectal cancer_vs_normal,intestinal crypt stem cell of colon,colorectal cancer,normal,138,147,1756,top100_abs_jaccard,0.43884892086330934
scTrilemma,829a3cd1,colorectal cancer,829a3cd1-a466-49f1-b2e9-d3f6b7f392e2,829a3cd1-a466-49f1-b2e9-d3f6b7f392e2::intestinal crypt stem cell of colon::colorectal cancer_vs_normal,intestinal crypt stem cell of colon,colorectal cancer,normal,138,147,1756,top100_sign_concordance,0.95
scVI,829a3cd1,colorectal cancer,829a3cd1-a466-49f1-b2e9-d3f6b7f392e2,829a3cd1-a466-49f1-b2e9-d3f6b7f392e2::colonocyte::colorectal cancer_vs_normal,colonocyte,colorectal cancer,normal,138,143,1539,logfc_spearman,0.49291658234920166
scVI,829a3cd1,colorectal cancer,829a3cd1-a466-49f1-b2e9-d3f6b7f392e2,829a3cd1-a466-49f1-b2e9-d3f6b7f392e2::colonocyte::colorectal cancer_vs_normal,colonocyte,colorectal cancer,normal,138,143,1539,top100_abs_jaccard,0.25
scVI,829a3cd1,colorectal cancer,829a3cd1-a466-49f1-b2e9-d3f6b7f392e2,829a3cd1-a466-49f1-b2e9-d3f6b7f392e2::colonocyte::colorectal cancer_vs_normal,colonocyte,colorectal cancer,normal,138,143,1539,top100_sign_concordance,0.85
scPRINT,829a3cd1,colorectal cancer,829a3cd1-a466-49f1-b2e9-d3f6b7f392e2,829a3cd1-a466-49f1-b2e9-d3f6b7f392e2::colonocyte::colorectal cancer_vs_normal,colonocyte,colorectal cancer,normal,138,143,1539,logfc_spearman,0.22861719126861826
scPRINT,829a3cd1,colorectal cancer,829a3cd1-a466-49f1-b2e9-d3f6b7f392e2,829a3cd1-a466-49f1-b2e9-d3f6b7f392e2::colonocyte::colorectal cancer_vs_normal,colonocyte,colorectal cancer,normal,138,143,1539,top100_abs_jaccard,0.28205128205128205
scPRINT,829a3cd1,colorectal cancer,829a3cd1-a466-49f1-b2e9-d3f6b7f392e2,829a3cd1-a466-49f1-b2e9-d3f6b7f392e2::colonocyte::colorectal cancer_vs_normal,colonocyte,colorectal cancer,normal,138,143,1539,top100_sign_concordance,0.73
CellPLM,829a3cd1,colorectal cancer,829a3cd1-a466-49f1-b2e9-d3f6b7f392e2,829a3cd1-a466-49f1-b2e9-d3f6b7f392e2::colonocyte::colorectal cancer_vs_normal,colonocyte,colorectal cancer,normal,138,143,1539,logfc_spearman,0.549120650729028
CellPLM,829a3cd1,colorectal cancer,829a3cd1-a466-49f1-b2e9-d3f6b7f392e2,829a3cd1-a466-49f1-b2e9-d3f6b7f392e2::colonocyte::colorectal cancer_vs_normal,colonocyte,colorectal cancer,normal,138,143,1539,top100_abs_jaccard,0.3422818791946309
CellPLM,829a3cd1,colorectal cancer,829a3cd1-a466-49f1-b2e9-d3f6b7f392e2,829a3cd1-a466-49f1-b2e9-d3f6b7f392e2::colonocyte::colorectal cancer_vs_normal,colonocyte,colorectal cancer,normal,138,143,1539,top100_sign_concordance,0.86
scTrilemma,829a3cd1,colorectal cancer,829a3cd1-a466-49f1-b2e9-d3f6b7f392e2,829a3cd1-a466-49f1-b2e9-d3f6b7f392e2::colonocyte::colorectal cancer_vs_normal,colonocyte,colorectal cancer,normal,138,143,1539,logfc_spearman,0.5036833687507837
scTrilemma,829a3cd1,colorectal cancer,829a3cd1-a466-49f1-b2e9-d3f6b7f392e2,829a3cd1-a466-49f1-b2e9-d3f6b7f392e2::colonocyte::colorectal cancer_vs_normal,colonocyte,colorectal cancer,normal,138,143,1539,top100_abs_jaccard,0.4492753623188406
scTrilemma,829a3cd1,colorectal cancer,829a3cd1-a466-49f1-b2e9-d3f6b7f392e2,829a3cd1-a466-49f1-b2e9-d3f6b7f392e2::colonocyte::colorectal cancer_vs_normal,colonocyte,colorectal cancer,normal,138,143,1539,top100_sign_concordance,0.97
scVI,84cfa5aa,intestinal failure–associated liver disease,84cfa5aa-a0d1-415e-ac47-eb66c9cf8170,84cfa5aa-a0d1-415e-ac47-eb66c9cf8170::T cell::intestinal failure–associated liver disease_vs_normal,T cell,intestinal failure–associated liver disease,normal,72,92,1538,logfc_spearman,0.20936423395396012
scVI,84cfa5aa,intestinal failure–associated liver disease,84cfa5aa-a0d1-415e-ac47-eb66c9cf8170,84cfa5aa-a0d1-415e-ac47-eb66c9cf8170::T cell::intestinal failure–associated liver disease_vs_normal,T cell,intestinal failure–associated liver disease,normal,72,92,1538,top100_abs_jaccard,0.15606936416184972
scVI,84cfa5aa,intestinal failure–associated liver disease,84cfa5aa-a0d1-415e-ac47-eb66c9cf8170,84cfa5aa-a0d1-415e-ac47-eb66c9cf8170::T cell::intestinal failure–associated liver disease_vs_normal,T cell,intestinal failure–associated liver disease,normal,72,92,1538,top100_sign_concordance,0.75
scPRINT,84cfa5aa,intestinal failure–associated liver disease,84cfa5aa-a0d1-415e-ac47-eb66c9cf8170,84cfa5aa-a0d1-415e-ac47-eb66c9cf8170::T cell::intestinal failure–associated liver disease_vs_normal,T cell,intestinal failure–associated liver disease,normal,72,92,1538,logfc_spearman,0.5203069357132168
scPRINT,84cfa5aa,intestinal failure–associated liver disease,84cfa5aa-a0d1-415e-ac47-eb66c9cf8170,84cfa5aa-a0d1-415e-ac47-eb66c9cf8170::T cell::intestinal failure–associated liver disease_vs_normal,T cell,intestinal failure–associated liver disease,normal,72,92,1538,top100_abs_jaccard,0.2987012987012987
scPRINT,84cfa5aa,intestinal failure–associated liver disease,84cfa5aa-a0d1-415e-ac47-eb66c9cf8170,84cfa5aa-a0d1-415e-ac47-eb66c9cf8170::T cell::intestinal failure–associated liver disease_vs_normal,T cell,intestinal failure–associated liver disease,normal,72,92,1538,top100_sign_concordance,0.8
CellPLM,84cfa5aa,intestinal failure–associated liver disease,84cfa5aa-a0d1-415e-ac47-eb66c9cf8170,84cfa5aa-a0d1-415e-ac47-eb66c9cf8170::T cell::intestinal failure–associated liver disease_vs_normal,T cell,intestinal failure–associated liver disease,normal,72,92,1538,logfc_spearman,0.29508293982892125
CellPLM,84cfa5aa,intestinal failure–associated liver disease,84cfa5aa-a0d1-415e-ac47-eb66c9cf8170,84cfa5aa-a0d1-415e-ac47-eb66c9cf8170::T cell::intestinal failure–associated liver disease_vs_normal,T cell,intestinal failure–associated liver disease,normal,72,92,1538,top100_abs_jaccard,0.19047619047619047
CellPLM,84cfa5aa,intestinal failure–associated liver disease,84cfa5aa-a0d1-415e-ac47-eb66c9cf8170,84cfa5aa-a0d1-415e-ac47-eb66c9cf8170::T cell::intestinal failure–associated liver disease_vs_normal,T cell,intestinal failure–associated liver disease,normal,72,92,1538,top100_sign_concordance,0.8
scTrilemma,84cfa5aa,intestinal failure–associated liver disease,84cfa5aa-a0d1-415e-ac47-eb66c9cf8170,84cfa5aa-a0d1-415e-ac47-eb66c9cf8170::T cell::intestinal failure–associated liver disease_vs_normal,T cell,intestinal failure–associated liver disease,normal,72,92,1538,logfc_spearman,0.3966410923628609
scTrilemma,84cfa5aa,intestinal failure–associated liver disease,84cfa5aa-a0d1-415e-ac47-eb66c9cf8170,84cfa5aa-a0d1-415e-ac47-eb66c9cf8170::T cell::intestinal failure–associated liver disease_vs_normal,T cell,intestinal failure–associated liver disease,normal,72,92,1538,top100_abs_jaccard,0.3888888888888889
scTrilemma,84cfa5aa,intestinal failure–associated liver disease,84cfa5aa-a0d1-415e-ac47-eb66c9cf8170,84cfa5aa-a0d1-415e-ac47-eb66c9cf8170::T cell::intestinal failure–associated liver disease_vs_normal,T cell,intestinal failure–associated liver disease,normal,72,92,1538,top100_sign_concordance,0.95
scVI,84cfa5aa,intestinal failure–associated liver disease,84cfa5aa-a0d1-415e-ac47-eb66c9cf8170,84cfa5aa-a0d1-415e-ac47-eb66c9cf8170::natural killer cell::intestinal failure–associated liver disease_vs_normal,natural killer cell,intestinal failure–associated liver disease,normal,70,83,1429,logfc_spearman,-0.001807762899036013
scVI,84cfa5aa,intestinal failure–associated liver disease,84cfa5aa-a0d1-415e-ac47-eb66c9cf8170,84cfa5aa-a0d1-415e-ac47-eb66c9cf8170::natural killer cell::intestinal failure–associated liver disease_vs_normal,natural killer cell,intestinal failure–associated liver disease,normal,70,83,1429,top100_abs_jaccard,0.12994350282485875
scVI,84cfa5aa,intestinal failure–associated liver disease,84cfa5aa-a0d1-415e-ac47-eb66c9cf8170,84cfa5aa-a0d1-415e-ac47-eb66c9cf8170::natural killer cell::intestinal failure–associated liver disease_vs_normal,natural killer cell,intestinal failure–associated liver disease,normal,70,83,1429,top100_sign_concordance,0.5
scPRINT,84cfa5aa,intestinal failure–associated liver disease,84cfa5aa-a0d1-415e-ac47-eb66c9cf8170,84cfa5aa-a0d1-415e-ac47-eb66c9cf8170::natural killer cell::intestinal failure–associated liver disease_vs_normal,natural killer cell,intestinal failure–associated liver disease,normal,70,83,1429,logfc_spearman,0.5282895458970075
scPRINT,84cfa5aa,intestinal failure–associated liver disease,84cfa5aa-a0d1-415e-ac47-eb66c9cf8170,84cfa5aa-a0d1-415e-ac47-eb66c9cf8170::natural killer cell::intestinal failure–associated liver disease_vs_normal,natural killer cell,intestinal failure–associated liver disease,normal,70,83,1429,top100_abs_jaccard,0.25
scPRINT,84cfa5aa,intestinal failure–associated liver disease,84cfa5aa-a0d1-415e-ac47-eb66c9cf8170,84cfa5aa-a0d1-415e-ac47-eb66c9cf8170::natural killer cell::intestinal failure–associated liver disease_vs_normal,natural killer cell,intestinal failure–associated liver disease,normal,70,83,1429,top100_sign_concordance,0.75
CellPLM,84cfa5aa,intestinal failure–associated liver disease,84cfa5aa-a0d1-415e-ac47-eb66c9cf8170,84cfa5aa-a0d1-415e-ac47-eb66c9cf8170::natural killer cell::intestinal failure–associated liver disease_vs_normal,natural killer cell,intestinal failure–associated liver disease,normal,70,83,1429,logfc_spearman,0.18974536596188027
CellPLM,84cfa5aa,intestinal failure–associated liver disease,84cfa5aa-a0d1-415e-ac47-eb66c9cf8170,84cfa5aa-a0d1-415e-ac47-eb66c9cf8170::natural killer cell::intestinal failure–associated liver disease_vs_normal,natural killer cell,intestinal failure–associated liver disease,normal,70,83,1429,top100_abs_jaccard,0.20481927710843373
CellPLM,84cfa5aa,intestinal failure–associated liver disease,84cfa5aa-a0d1-415e-ac47-eb66c9cf8170,84cfa5aa-a0d1-415e-ac47-eb66c9cf8170::natural killer cell::intestinal failure–associated liver disease_vs_normal,natural killer cell,intestinal failure–associated liver disease,normal,70,83,1429,top100_sign_concordance,0.65
scTrilemma,84cfa5aa,intestinal failure–associated liver disease,84cfa5aa-a0d1-415e-ac47-eb66c9cf8170,84cfa5aa-a0d1-415e-ac47-eb66c9cf8170::natural killer cell::intestinal failure–associated liver disease_vs_normal,natural killer cell,intestinal failure–associated liver disease,normal,70,83,1429,logfc_spearman,0.21542446401296492
scTrilemma,84cfa5aa,intestinal failure–associated liver disease,84cfa5aa-a0d1-415e-ac47-eb66c9cf8170,84cfa5aa-a0d1-415e-ac47-eb66c9cf8170::natural killer cell::intestinal failure–associated liver disease_vs_normal,natural killer cell,intestinal failure–associated liver disease,normal,70,83,1429,top100_abs_jaccard,0.2903225806451613
scTrilemma,84cfa5aa,intestinal failure–associated liver disease,84cfa5aa-a0d1-415e-ac47-eb66c9cf8170,84cfa5aa-a0d1-415e-ac47-eb66c9cf8170::natural killer cell::intestinal failure–associated liver disease_vs_normal,natural killer cell,intestinal failure–associated liver disease,normal,70,83,1429,top100_sign_concordance,0.74
scVI,84cfa5aa,intestinal failure–associated liver disease,84cfa5aa-a0d1-415e-ac47-eb66c9cf8170,84cfa5aa-a0d1-415e-ac47-eb66c9cf8170::endothelial cell of hepatic sinusoid::intestinal failure–associated liver disease_vs_normal,endothelial cell of hepatic sinusoid,intestinal failure–associated liver disease,normal,69,111,1736,logfc_spearman,0.22846125868589612
scVI,84cfa5aa,intestinal failure–associated liver disease,84cfa5aa-a0d1-415e-ac47-eb66c9cf8170,84cfa5aa-a0d1-415e-ac47-eb66c9cf8170::endothelial cell of hepatic sinusoid::intestinal failure–associated liver disease_vs_normal,endothelial cell of hepatic sinusoid,intestinal failure–associated liver disease,normal,69,111,1736,top100_abs_jaccard,0.11731843575418995
scVI,84cfa5aa,intestinal failure–associated liver disease,84cfa5aa-a0d1-415e-ac47-eb66c9cf8170,84cfa5aa-a0d1-415e-ac47-eb66c9cf8170::endothelial cell of hepatic sinusoid::intestinal failure–associated liver disease_vs_normal,endothelial cell of hepatic sinusoid,intestinal failure–associated liver disease,normal,69,111,1736,top100_sign_concordance,0.79
scPRINT,84cfa5aa,intestinal failure–associated liver disease,84cfa5aa-a0d1-415e-ac47-eb66c9cf8170,84cfa5aa-a0d1-415e-ac47-eb66c9cf8170::endothelial cell of hepatic sinusoid::intestinal failure–associated liver disease_vs_normal,endothelial cell of hepatic sinusoid,intestinal failure–associated liver disease,normal,69,111,1736,logfc_spearman,0.252434500560242
scPRINT,84cfa5aa,intestinal failure–associated liver disease,84cfa5aa-a0d1-415e-ac47-eb66c9cf8170,84cfa5aa-a0d1-415e-ac47-eb66c9cf8170::endothelial cell of hepatic sinusoid::intestinal failure–associated liver disease_vs_normal,endothelial cell of hepatic sinusoid,intestinal failure–associated liver disease,normal,69,111,1736,top100_abs_jaccard,0.15606936416184972
scPRINT,84cfa5aa,intestinal failure–associated liver disease,84cfa5aa-a0d1-415e-ac47-eb66c9cf8170,84cfa5aa-a0d1-415e-ac47-eb66c9cf8170::endothelial cell of hepatic sinusoid::intestinal failure–associated liver disease_vs_normal,endothelial cell of hepatic sinusoid,intestinal failure–associated liver disease,normal,69,111,1736,top100_sign_concordance,0.66
CellPLM,84cfa5aa,intestinal failure–associated liver disease,84cfa5aa-a0d1-415e-ac47-eb66c9cf8170,84cfa5aa-a0d1-415e-ac47-eb66c9cf8170::endothelial cell of hepatic sinusoid::intestinal failure–associated liver disease_vs_normal,endothelial cell of hepatic sinusoid,intestinal failure–associated liver disease,normal,69,111,1736,logfc_spearman,0.24477589541346054
CellPLM,84cfa5aa,intestinal failure–associated liver disease,84cfa5aa-a0d1-415e-ac47-eb66c9cf8170,84cfa5aa-a0d1-415e-ac47-eb66c9cf8170::endothelial cell of hepatic sinusoid::intestinal failure–associated liver disease_vs_normal,endothelial cell of hepatic sinusoid,intestinal failure–associated liver disease,normal,69,111,1736,top100_abs_jaccard,0.12994350282485875
CellPLM,84cfa5aa,intestinal failure–associated liver disease,84cfa5aa-a0d1-415e-ac47-eb66c9cf8170,84cfa5aa-a0d1-415e-ac47-eb66c9cf8170::endothelial cell of hepatic sinusoid::intestinal failure–associated liver disease_vs_normal,endothelial cell of hepatic sinusoid,intestinal failure–associated liver disease,normal,69,111,1736,top100_sign_concordance,0.73
scTrilemma,84cfa5aa,intestinal failure–associated liver disease,84cfa5aa-a0d1-415e-ac47-eb66c9cf8170,84cfa5aa-a0d1-415e-ac47-eb66c9cf8170::endothelial cell of hepatic sinusoid::intestinal failure–associated liver disease_vs_normal,endothelial cell of hepatic sinusoid,intestinal failure–associated liver disease,normal,69,111,1736,logfc_spearman,0.46424855495979805
scTrilemma,84cfa5aa,intestinal failure–associated liver disease,84cfa5aa-a0d1-415e-ac47-eb66c9cf8170,84cfa5aa-a0d1-415e-ac47-eb66c9cf8170::endothelial cell of hepatic sinusoid::intestinal failure–associated liver disease_vs_normal,endothelial cell of hepatic sinusoid,intestinal failure–associated liver disease,normal,69,111,1736,top100_abs_jaccard,0.3793103448275862
scTrilemma,84cfa5aa,intestinal failure–associated liver disease,84cfa5aa-a0d1-415e-ac47-eb66c9cf8170,84cfa5aa-a0d1-415e-ac47-eb66c9cf8170::endothelial cell of hepatic sinusoid::intestinal failure–associated liver disease_vs_normal,endothelial cell of hepatic sinusoid,intestinal failure–associated liver disease,normal,69,111,1736,top100_sign_concordance,0.91
scVI,84cfa5aa,intestinal failure–associated liver disease,84cfa5aa-a0d1-415e-ac47-eb66c9cf8170,84cfa5aa-a0d1-415e-ac47-eb66c9cf8170::macrophage::intestinal failure–associated liver disease_vs_normal,macrophage,intestinal failure–associated liver disease,normal,69,81,1784,logfc_spearman,0.24920986203434392
scVI,84cfa5aa,intestinal failure–associated liver disease,84cfa5aa-a0d1-415e-ac47-eb66c9cf8170,84cfa5aa-a0d1-415e-ac47-eb66c9cf8170::macrophage::intestinal failure–associated liver disease_vs_normal,macrophage,intestinal failure–associated liver disease,normal,69,81,1784,top100_abs_jaccard,0.1834319526627219
scVI,84cfa5aa,intestinal failure–associated liver disease,84cfa5aa-a0d1-415e-ac47-eb66c9cf8170,84cfa5aa-a0d1-415e-ac47-eb66c9cf8170::macrophage::intestinal failure–associated liver disease_vs_normal,macrophage,intestinal failure–associated liver disease,normal,69,81,1784,top100_sign_concordance,0.82
scPRINT,84cfa5aa,intestinal failure–associated liver disease,84cfa5aa-a0d1-415e-ac47-eb66c9cf8170,84cfa5aa-a0d1-415e-ac47-eb66c9cf8170::macrophage::intestinal failure–associated liver disease_vs_normal,macrophage,intestinal failure–associated liver disease,normal,69,81,1784,logfc_spearman,0.3809449535015725
scPRINT,84cfa5aa,intestinal failure–associated liver disease,84cfa5aa-a0d1-415e-ac47-eb66c9cf8170,84cfa5aa-a0d1-415e-ac47-eb66c9cf8170::macrophage::intestinal failure–associated liver disease_vs_normal,macrophage,intestinal failure–associated liver disease,normal,69,81,1784,top100_abs_jaccard,0.3157894736842105
scPRINT,84cfa5aa,intestinal failure–associated liver disease,84cfa5aa-a0d1-415e-ac47-eb66c9cf8170,84cfa5aa-a0d1-415e-ac47-eb66c9cf8170::macrophage::intestinal failure–associated liver disease_vs_normal,macrophage,intestinal failure–associated liver disease,normal,69,81,1784,top100_sign_concordance,0.87
CellPLM,84cfa5aa,intestinal failure–associated liver disease,84cfa5aa-a0d1-415e-ac47-eb66c9cf8170,84cfa5aa-a0d1-415e-ac47-eb66c9cf8170::macrophage::intestinal failure–associated liver disease_vs_normal,macrophage,intestinal failure–associated liver disease,normal,69,81,1784,logfc_spearman,0.26036397059219807
CellPLM,84cfa5aa,intestinal failure–associated liver disease,84cfa5aa-a0d1-415e-ac47-eb66c9cf8170,84cfa5aa-a0d1-415e-ac47-eb66c9cf8170::macrophage::intestinal failure–associated liver disease_vs_normal,macrophage,intestinal failure–associated liver disease,normal,69,81,1784,top100_abs_jaccard,0.2578616352201258
CellPLM,84cfa5aa,intestinal failure–associated liver disease,84cfa5aa-a0d1-415e-ac47-eb66c9cf8170,84cfa5aa-a0d1-415e-ac47-eb66c9cf8170::macrophage::intestinal failure–associated liver disease_vs_normal,macrophage,intestinal failure–associated liver disease,normal,69,81,1784,top100_sign_concordance,0.69
scTrilemma,84cfa5aa,intestinal failure–associated liver disease,84cfa5aa-a0d1-415e-ac47-eb66c9cf8170,84cfa5aa-a0d1-415e-ac47-eb66c9cf8170::macrophage::intestinal failure–associated liver disease_vs_normal,macrophage,intestinal failure–associated liver disease,normal,69,81,1784,logfc_spearman,0.4977313826169034
scTrilemma,84cfa5aa,intestinal failure–associated liver disease,84cfa5aa-a0d1-415e-ac47-eb66c9cf8170,84cfa5aa-a0d1-415e-ac47-eb66c9cf8170::macrophage::intestinal failure–associated liver disease_vs_normal,macrophage,intestinal failure–associated liver disease,normal,69,81,1784,top100_abs_jaccard,0.6129032258064516
scTrilemma,84cfa5aa,intestinal failure–associated liver disease,84cfa5aa-a0d1-415e-ac47-eb66c9cf8170,84cfa5aa-a0d1-415e-ac47-eb66c9cf8170::macrophage::intestinal failure–associated liver disease_vs_normal,macrophage,intestinal failure–associated liver disease,normal,69,81,1784,top100_sign_concordance,0.96
scVI,84cfa5aa,intestinal failure–associated liver disease,84cfa5aa-a0d1-415e-ac47-eb66c9cf8170,84cfa5aa-a0d1-415e-ac47-eb66c9cf8170::mature B cell::intestinal failure–associated liver disease_vs_normal,mature B cell,intestinal failure–associated liver disease,normal,71,69,1494,logfc_spearman,0.20948154009921327
scVI,84cfa5aa,intestinal failure–associated liver disease,84cfa5aa-a0d1-415e-ac47-eb66c9cf8170,84cfa5aa-a0d1-415e-ac47-eb66c9cf8170::mature B cell::intestinal failure–associated liver disease_vs_normal,mature B cell,intestinal failure–associated liver disease,normal,71,69,1494,top100_abs_jaccard,0.12359550561797752
scVI,84cfa5aa,intestinal failure–associated liver disease,84cfa5aa-a0d1-415e-ac47-eb66c9cf8170,84cfa5aa-a0d1-415e-ac47-eb66c9cf8170::mature B cell::intestinal failure–associated liver disease_vs_normal,mature B cell,intestinal failure–associated liver disease,normal,71,69,1494,top100_sign_concordance,0.67
scPRINT,84cfa5aa,intestinal failure–associated liver disease,84cfa5aa-a0d1-415e-ac47-eb66c9cf8170,84cfa5aa-a0d1-415e-ac47-eb66c9cf8170::mature B cell::intestinal failure–associated liver disease_vs_normal,mature B cell,intestinal failure–associated liver disease,normal,71,69,1494,logfc_spearman,0.5818820392483356
scPRINT,84cfa5aa,intestinal failure–associated liver disease,84cfa5aa-a0d1-415e-ac47-eb66c9cf8170,84cfa5aa-a0d1-415e-ac47-eb66c9cf8170::mature B cell::intestinal failure–associated liver disease_vs_normal,mature B cell,intestinal failure–associated liver disease,normal,71,69,1494,top100_abs_jaccard,0.3333333333333333
scPRINT,84cfa5aa,intestinal failure–associated liver disease,84cfa5aa-a0d1-415e-ac47-eb66c9cf8170,84cfa5aa-a0d1-415e-ac47-eb66c9cf8170::mature B cell::intestinal failure–associated liver disease_vs_normal,mature B cell,intestinal failure–associated liver disease,normal,71,69,1494,top100_sign_concordance,0.84
CellPLM,84cfa5aa,intestinal failure–associated liver disease,84cfa5aa-a0d1-415e-ac47-eb66c9cf8170,84cfa5aa-a0d1-415e-ac47-eb66c9cf8170::mature B cell::intestinal failure–associated liver disease_vs_normal,mature B cell,intestinal failure–associated liver disease,normal,71,69,1494,logfc_spearman,0.32669946808287886
CellPLM,84cfa5aa,intestinal failure–associated liver disease,84cfa5aa-a0d1-415e-ac47-eb66c9cf8170,84cfa5aa-a0d1-415e-ac47-eb66c9cf8170::mature B cell::intestinal failure–associated liver disease_vs_normal,mature B cell,intestinal failure–associated liver disease,normal,71,69,1494,top100_abs_jaccard,0.2903225806451613
CellPLM,84cfa5aa,intestinal failure–associated liver disease,84cfa5aa-a0d1-415e-ac47-eb66c9cf8170,84cfa5aa-a0d1-415e-ac47-eb66c9cf8170::mature B cell::intestinal failure–associated liver disease_vs_normal,mature B cell,intestinal failure–associated liver disease,normal,71,69,1494,top100_sign_concordance,0.72
scTrilemma,84cfa5aa,intestinal failure–associated liver disease,84cfa5aa-a0d1-415e-ac47-eb66c9cf8170,84cfa5aa-a0d1-415e-ac47-eb66c9cf8170::mature B cell::intestinal failure–associated liver disease_vs_normal,mature B cell,intestinal failure–associated liver disease,normal,71,69,1494,logfc_spearman,0.38374813774583577
scTrilemma,84cfa5aa,intestinal failure–associated liver disease,84cfa5aa-a0d1-415e-ac47-eb66c9cf8170,84cfa5aa-a0d1-415e-ac47-eb66c9cf8170::mature B cell::intestinal failure–associated liver disease_vs_normal,mature B cell,intestinal failure–associated liver disease,normal,71,69,1494,top100_abs_jaccard,0.3157894736842105
scTrilemma,84cfa5aa,intestinal failure–associated liver disease,84cfa5aa-a0d1-415e-ac47-eb66c9cf8170,84cfa5aa-a0d1-415e-ac47-eb66c9cf8170::mature B cell::intestinal failure–associated liver disease_vs_normal,mature B cell,intestinal failure–associated liver disease,normal,71,69,1494,top100_sign_concordance,0.82
scVI,84cfa5aa,intestinal failure–associated liver disease,84cfa5aa-a0d1-415e-ac47-eb66c9cf8170,84cfa5aa-a0d1-415e-ac47-eb66c9cf8170::mononuclear phagocyte::intestinal failure–associated liver disease_vs_normal,mononuclear phagocyte,intestinal failure–associated liver disease,normal,68,90,1601,logfc_spearman,0.2644749026419546
scVI,84cfa5aa,intestinal failure–associated liver disease,84cfa5aa-a0d1-415e-ac47-eb66c9cf8170,84cfa5aa-a0d1-415e-ac47-eb66c9cf8170::mononuclear phagocyte::intestinal failure–associated liver disease_vs_normal,mononuclear phagocyte,intestinal failure–associated liver disease,normal,68,90,1601,top100_abs_jaccard,0.12994350282485875
scVI,84cfa5aa,intestinal failure–associated liver disease,84cfa5aa-a0d1-415e-ac47-eb66c9cf8170,84cfa5aa-a0d1-415e-ac47-eb66c9cf8170::mononuclear phagocyte::intestinal failure–associated liver disease_vs_normal,mononuclear phagocyte,intestinal failure–associated liver disease,normal,68,90,1601,top100_sign_concordance,0.81
scPRINT,84cfa5aa,intestinal failure–associated liver disease,84cfa5aa-a0d1-415e-ac47-eb66c9cf8170,84cfa5aa-a0d1-415e-ac47-eb66c9cf8170::mononuclear phagocyte::intestinal failure–associated liver disease_vs_normal,mononuclear phagocyte,intestinal failure–associated liver disease,normal,68,90,1601,logfc_spearman,0.17339895694682203
scPRINT,84cfa5aa,intestinal failure–associated liver disease,84cfa5aa-a0d1-415e-ac47-eb66c9cf8170,84cfa5aa-a0d1-415e-ac47-eb66c9cf8170::mononuclear phagocyte::intestinal failure–associated liver disease_vs_normal,mononuclear phagocyte,intestinal failure–associated liver disease,normal,68,90,1601,top100_abs_jaccard,0.16279069767441862
scPRINT,84cfa5aa,intestinal failure–associated liver disease,84cfa5aa-a0d1-415e-ac47-eb66c9cf8170,84cfa5aa-a0d1-415e-ac47-eb66c9cf8170::mononuclear phagocyte::intestinal failure–associated liver disease_vs_normal,mononuclear phagocyte,intestinal failure–associated liver disease,normal,68,90,1601,top100_sign_concordance,0.64
CellPLM,84cfa5aa,intestinal failure–associated liver disease,84cfa5aa-a0d1-415e-ac47-eb66c9cf8170,84cfa5aa-a0d1-415e-ac47-eb66c9cf8170::mononuclear phagocyte::intestinal failure–associated liver disease_vs_normal,mononuclear phagocyte,intestinal failure–associated liver disease,normal,68,90,1601,logfc_spearman,0.11340749703588777
CellPLM,84cfa5aa,intestinal failure–associated liver disease,84cfa5aa-a0d1-415e-ac47-eb66c9cf8170,84cfa5aa-a0d1-415e-ac47-eb66c9cf8170::mononuclear phagocyte::intestinal failure–associated liver disease_vs_normal,mononuclear phagocyte,intestinal failure–associated liver disease,normal,68,90,1601,top100_abs_jaccard,0.2345679012345679
CellPLM,84cfa5aa,intestinal failure–associated liver disease,84cfa5aa-a0d1-415e-ac47-eb66c9cf8170,84cfa5aa-a0d1-415e-ac47-eb66c9cf8170::mononuclear phagocyte::intestinal failure–associated liver disease_vs_normal,mononuclear phagocyte,intestinal failure–associated liver disease,normal,68,90,1601,top100_sign_concordance,0.68
scTrilemma,84cfa5aa,intestinal failure–associated liver disease,84cfa5aa-a0d1-415e-ac47-eb66c9cf8170,84cfa5aa-a0d1-415e-ac47-eb66c9cf8170::mononuclear phagocyte::intestinal failure–associated liver disease_vs_normal,mononuclear phagocyte,intestinal failure–associated liver disease,normal,68,90,1601,logfc_spearman,0.358625731897598
scTrilemma,84cfa5aa,intestinal failure–associated liver disease,84cfa5aa-a0d1-415e-ac47-eb66c9cf8170,84cfa5aa-a0d1-415e-ac47-eb66c9cf8170::mononuclear phagocyte::intestinal failure–associated liver disease_vs_normal,mononuclear phagocyte,intestinal failure–associated liver disease,normal,68,90,1601,top100_abs_jaccard,0.5151515151515151
scTrilemma,84cfa5aa,intestinal failure–associated liver disease,84cfa5aa-a0d1-415e-ac47-eb66c9cf8170,84cfa5aa-a0d1-415e-ac47-eb66c9cf8170::mononuclear phagocyte::intestinal failure–associated liver disease_vs_normal,mononuclear phagocyte,intestinal failure–associated liver disease,normal,68,90,1601,top100_sign_concordance,0.89
scVI,867757c1,obstructive nephropathy,867757c1-3b1a-49d9-a0cd-17767eb160cc,867757c1-3b1a-49d9-a0cd-17767eb160cc::kidney loop of Henle ascending limb epithelial cell::obstructive nephropathy_vs_normal,kidney loop of Henle ascending limb epithelial cell,obstructive nephropathy,normal,92,95,1317,logfc_spearman,0.1674927941028469
scVI,867757c1,obstructive nephropathy,867757c1-3b1a-49d9-a0cd-17767eb160cc,867757c1-3b1a-49d9-a0cd-17767eb160cc::kidney loop of Henle ascending limb epithelial cell::obstructive nephropathy_vs_normal,kidney loop of Henle ascending limb epithelial cell,obstructive nephropathy,normal,92,95,1317,top100_abs_jaccard,0.07526881720430108
scVI,867757c1,obstructive nephropathy,867757c1-3b1a-49d9-a0cd-17767eb160cc,867757c1-3b1a-49d9-a0cd-17767eb160cc::kidney loop of Henle ascending limb epithelial cell::obstructive nephropathy_vs_normal,kidney loop of Henle ascending limb epithelial cell,obstructive nephropathy,normal,92,95,1317,top100_sign_concordance,0.69
scPRINT,867757c1,obstructive nephropathy,867757c1-3b1a-49d9-a0cd-17767eb160cc,867757c1-3b1a-49d9-a0cd-17767eb160cc::kidney loop of Henle ascending limb epithelial cell::obstructive nephropathy_vs_normal,kidney loop of Henle ascending limb epithelial cell,obstructive nephropathy,normal,92,95,1317,logfc_spearman,0.5694134619477441
scPRINT,867757c1,obstructive nephropathy,867757c1-3b1a-49d9-a0cd-17767eb160cc,867757c1-3b1a-49d9-a0cd-17767eb160cc::kidney loop of Henle ascending limb epithelial cell::obstructive nephropathy_vs_normal,kidney loop of Henle ascending limb epithelial cell,obstructive nephropathy,normal,92,95,1317,top100_abs_jaccard,0.3157894736842105
scPRINT,867757c1,obstructive nephropathy,867757c1-3b1a-49d9-a0cd-17767eb160cc,867757c1-3b1a-49d9-a0cd-17767eb160cc::kidney loop of Henle ascending limb epithelial cell::obstructive nephropathy_vs_normal,kidney loop of Henle ascending limb epithelial cell,obstructive nephropathy,normal,92,95,1317,top100_sign_concordance,0.77
CellPLM,867757c1,obstructive nephropathy,867757c1-3b1a-49d9-a0cd-17767eb160cc,867757c1-3b1a-49d9-a0cd-17767eb160cc::kidney loop of Henle ascending limb epithelial cell::obstructive nephropathy_vs_normal,kidney loop of Henle ascending limb epithelial cell,obstructive nephropathy,normal,92,95,1317,logfc_spearman,0.3376812955163105
CellPLM,867757c1,obstructive nephropathy,867757c1-3b1a-49d9-a0cd-17767eb160cc,867757c1-3b1a-49d9-a0cd-17767eb160cc::kidney loop of Henle ascending limb epithelial cell::obstructive nephropathy_vs_normal,kidney loop of Henle ascending limb epithelial cell,obstructive nephropathy,normal,92,95,1317,top100_abs_jaccard,0.2345679012345679
CellPLM,867757c1,obstructive nephropathy,867757c1-3b1a-49d9-a0cd-17767eb160cc,867757c1-3b1a-49d9-a0cd-17767eb160cc::kidney loop of Henle ascending limb epithelial cell::obstructive nephropathy_vs_normal,kidney loop of Henle ascending limb epithelial cell,obstructive nephropathy,normal,92,95,1317,top100_sign_concordance,0.81
scTrilemma,867757c1,obstructive nephropathy,867757c1-3b1a-49d9-a0cd-17767eb160cc,867757c1-3b1a-49d9-a0cd-17767eb160cc::kidney loop of Henle ascending limb epithelial cell::obstructive nephropathy_vs_normal,kidney loop of Henle ascending limb epithelial cell,obstructive nephropathy,normal,92,95,1317,logfc_spearman,0.39229607555671175
scTrilemma,867757c1,obstructive nephropathy,867757c1-3b1a-49d9-a0cd-17767eb160cc,867757c1-3b1a-49d9-a0cd-17767eb160cc::kidney loop of Henle ascending limb epithelial cell::obstructive nephropathy_vs_normal,kidney loop of Henle ascending limb epithelial cell,obstructive nephropathy,normal,92,95,1317,top100_abs_jaccard,0.3793103448275862
scTrilemma,867757c1,obstructive nephropathy,867757c1-3b1a-49d9-a0cd-17767eb160cc,867757c1-3b1a-49d9-a0cd-17767eb160cc::kidney loop of Henle ascending limb epithelial cell::obstructive nephropathy_vs_normal,kidney loop of Henle ascending limb epithelial cell,obstructive nephropathy,normal,92,95,1317,top100_sign_concordance,0.87
scVI,867757c1,obstructive nephropathy,867757c1-3b1a-49d9-a0cd-17767eb160cc,867757c1-3b1a-49d9-a0cd-17767eb160cc::kidney proximal convoluted tubule epithelial cell::obstructive nephropathy_vs_normal,kidney proximal convoluted tubule epithelial cell,obstructive nephropathy,normal,91,90,1292,logfc_spearman,0.2522079318877102
scVI,867757c1,obstructive nephropathy,867757c1-3b1a-49d9-a0cd-17767eb160cc,867757c1-3b1a-49d9-a0cd-17767eb160cc::kidney proximal convoluted tubule epithelial cell::obstructive nephropathy_vs_normal,kidney proximal convoluted tubule epithelial cell,obstructive nephropathy,normal,91,90,1292,top100_abs_jaccard,0.09289617486338798
scVI,867757c1,obstructive nephropathy,867757c1-3b1a-49d9-a0cd-17767eb160cc,867757c1-3b1a-49d9-a0cd-17767eb160cc::kidney proximal convoluted tubule epithelial cell::obstructive nephropathy_vs_normal,kidney proximal convoluted tubule epithelial cell,obstructive nephropathy,normal,91,90,1292,top100_sign_concordance,0.69
scPRINT,867757c1,obstructive nephropathy,867757c1-3b1a-49d9-a0cd-17767eb160cc,867757c1-3b1a-49d9-a0cd-17767eb160cc::kidney proximal convoluted tubule epithelial cell::obstructive nephropathy_vs_normal,kidney proximal convoluted tubule epithelial cell,obstructive nephropathy,normal,91,90,1292,logfc_spearman,0.40332197122979685
scPRINT,867757c1,obstructive nephropathy,867757c1-3b1a-49d9-a0cd-17767eb160cc,867757c1-3b1a-49d9-a0cd-17767eb160cc::kidney proximal convoluted tubule epithelial cell::obstructive nephropathy_vs_normal,kidney proximal convoluted tubule epithelial cell,obstructive nephropathy,normal,91,90,1292,top100_abs_jaccard,0.36054421768707484
scPRINT,867757c1,obstructive nephropathy,867757c1-3b1a-49d9-a0cd-17767eb160cc,867757c1-3b1a-49d9-a0cd-17767eb160cc::kidney proximal convoluted tubule epithelial cell::obstructive nephropathy_vs_normal,kidney proximal convoluted tubule epithelial cell,obstructive nephropathy,normal,91,90,1292,top100_sign_concordance,0.8
CellPLM,867757c1,obstructive nephropathy,867757c1-3b1a-49d9-a0cd-17767eb160cc,867757c1-3b1a-49d9-a0cd-17767eb160cc::kidney proximal convoluted tubule epithelial cell::obstructive nephropathy_vs_normal,kidney proximal convoluted tubule epithelial cell,obstructive nephropathy,normal,91,90,1292,logfc_spearman,0.31610922555075643
CellPLM,867757c1,obstructive nephropathy,867757c1-3b1a-49d9-a0cd-17767eb160cc,867757c1-3b1a-49d9-a0cd-17767eb160cc::kidney proximal convoluted tubule epithelial cell::obstructive nephropathy_vs_normal,kidney proximal convoluted tubule epithelial cell,obstructive nephropathy,normal,91,90,1292,top100_abs_jaccard,0.22699386503067484
CellPLM,867757c1,obstructive nephropathy,867757c1-3b1a-49d9-a0cd-17767eb160cc,867757c1-3b1a-49d9-a0cd-17767eb160cc::kidney proximal convoluted tubule epithelial cell::obstructive nephropathy_vs_normal,kidney proximal convoluted tubule epithelial cell,obstructive nephropathy,normal,91,90,1292,top100_sign_concordance,0.81
scTrilemma,867757c1,obstructive nephropathy,867757c1-3b1a-49d9-a0cd-17767eb160cc,867757c1-3b1a-49d9-a0cd-17767eb160cc::kidney proximal convoluted tubule epithelial cell::obstructive nephropathy_vs_normal,kidney proximal convoluted tubule epithelial cell,obstructive nephropathy,normal,91,90,1292,logfc_spearman,0.37784645911426085
scTrilemma,867757c1,obstructive nephropathy,867757c1-3b1a-49d9-a0cd-17767eb160cc,867757c1-3b1a-49d9-a0cd-17767eb160cc::kidney proximal convoluted tubule epithelial cell::obstructive nephropathy_vs_normal,kidney proximal convoluted tubule epithelial cell,obstructive nephropathy,normal,91,90,1292,top100_abs_jaccard,0.3422818791946309
scTrilemma,867757c1,obstructive nephropathy,867757c1-3b1a-49d9-a0cd-17767eb160cc,867757c1-3b1a-49d9-a0cd-17767eb160cc::kidney proximal convoluted tubule epithelial cell::obstructive nephropathy_vs_normal,kidney proximal convoluted tubule epithelial cell,obstructive nephropathy,normal,91,90,1292,top100_sign_concordance,0.86
scVI,867757c1,obstructive nephropathy,867757c1-3b1a-49d9-a0cd-17767eb160cc,867757c1-3b1a-49d9-a0cd-17767eb160cc::kidney distal convoluted tubule epithelial cell::obstructive nephropathy_vs_normal,kidney distal convoluted tubule epithelial cell,obstructive nephropathy,normal,89,86,1283,logfc_spearman,0.13432655976985475
scVI,867757c1,obstructive nephropathy,867757c1-3b1a-49d9-a0cd-17767eb160cc,867757c1-3b1a-49d9-a0cd-17767eb160cc::kidney distal convoluted tubule epithelial cell::obstructive nephropathy_vs_normal,kidney distal convoluted tubule epithelial cell,obstructive nephropathy,normal,89,86,1283,top100_abs_jaccard,0.08108108108108109
scVI,867757c1,obstructive nephropathy,867757c1-3b1a-49d9-a0cd-17767eb160cc,867757c1-3b1a-49d9-a0cd-17767eb160cc::kidney distal convoluted tubule epithelial cell::obstructive nephropathy_vs_normal,kidney distal convoluted tubule epithelial cell,obstructive nephropathy,normal,89,86,1283,top100_sign_concordance,0.68
scPRINT,867757c1,obstructive nephropathy,867757c1-3b1a-49d9-a0cd-17767eb160cc,867757c1-3b1a-49d9-a0cd-17767eb160cc::kidney distal convoluted tubule epithelial cell::obstructive nephropathy_vs_normal,kidney distal convoluted tubule epithelial cell,obstructive nephropathy,normal,89,86,1283,logfc_spearman,0.544781943902409
scPRINT,867757c1,obstructive nephropathy,867757c1-3b1a-49d9-a0cd-17767eb160cc,867757c1-3b1a-49d9-a0cd-17767eb160cc::kidney distal convoluted tubule epithelial cell::obstructive nephropathy_vs_normal,kidney distal convoluted tubule epithelial cell,obstructive nephropathy,normal,89,86,1283,top100_abs_jaccard,0.3157894736842105
scPRINT,867757c1,obstructive nephropathy,867757c1-3b1a-49d9-a0cd-17767eb160cc,867757c1-3b1a-49d9-a0cd-17767eb160cc::kidney distal convoluted tubule epithelial cell::obstructive nephropathy_vs_normal,kidney distal convoluted tubule epithelial cell,obstructive nephropathy,normal,89,86,1283,top100_sign_concordance,0.83
CellPLM,867757c1,obstructive nephropathy,867757c1-3b1a-49d9-a0cd-17767eb160cc,867757c1-3b1a-49d9-a0cd-17767eb160cc::kidney distal convoluted tubule epithelial cell::obstructive nephropathy_vs_normal,kidney distal convoluted tubule epithelial cell,obstructive nephropathy,normal,89,86,1283,logfc_spearman,0.2896588437525668
CellPLM,867757c1,obstructive nephropathy,867757c1-3b1a-49d9-a0cd-17767eb160cc,867757c1-3b1a-49d9-a0cd-17767eb160cc::kidney distal convoluted tubule epithelial cell::obstructive nephropathy_vs_normal,kidney distal convoluted tubule epithelial cell,obstructive nephropathy,normal,89,86,1283,top100_abs_jaccard,0.2422360248447205
CellPLM,867757c1,obstructive nephropathy,867757c1-3b1a-49d9-a0cd-17767eb160cc,867757c1-3b1a-49d9-a0cd-17767eb160cc::kidney distal convoluted tubule epithelial cell::obstructive nephropathy_vs_normal,kidney distal convoluted tubule epithelial cell,obstructive nephropathy,normal,89,86,1283,top100_sign_concordance,0.75
scTrilemma,867757c1,obstructive nephropathy,867757c1-3b1a-49d9-a0cd-17767eb160cc,867757c1-3b1a-49d9-a0cd-17767eb160cc::kidney distal convoluted tubule epithelial cell::obstructive nephropathy_vs_normal,kidney distal convoluted tubule epithelial cell,obstructive nephropathy,normal,89,86,1283,logfc_spearman,0.3370628758244425
scTrilemma,867757c1,obstructive nephropathy,867757c1-3b1a-49d9-a0cd-17767eb160cc,867757c1-3b1a-49d9-a0cd-17767eb160cc::kidney distal convoluted tubule epithelial cell::obstructive nephropathy_vs_normal,kidney distal convoluted tubule epithelial cell,obstructive nephropathy,normal,89,86,1283,top100_abs_jaccard,0.35135135135135137
scTrilemma,867757c1,obstructive nephropathy,867757c1-3b1a-49d9-a0cd-17767eb160cc,867757c1-3b1a-49d9-a0cd-17767eb160cc::kidney distal convoluted tubule epithelial cell::obstructive nephropathy_vs_normal,kidney distal convoluted tubule epithelial cell,obstructive nephropathy,normal,89,86,1283,top100_sign_concordance,0.85
scVI,867757c1,obstructive nephropathy,867757c1-3b1a-49d9-a0cd-17767eb160cc,867757c1-3b1a-49d9-a0cd-17767eb160cc::T cell::obstructive nephropathy_vs_normal,T cell,obstructive nephropathy,normal,106,84,993,logfc_spearman,0.12789441997403003
scVI,867757c1,obstructive nephropathy,867757c1-3b1a-49d9-a0cd-17767eb160cc,867757c1-3b1a-49d9-a0cd-17767eb160cc::T cell::obstructive nephropathy_vs_normal,T cell,obstructive nephropathy,normal,106,84,993,top100_abs_jaccard,0.12359550561797752
scVI,867757c1,obstructive nephropathy,867757c1-3b1a-49d9-a0cd-17767eb160cc,867757c1-3b1a-49d9-a0cd-17767eb160cc::T cell::obstructive nephropathy_vs_normal,T cell,obstructive nephropathy,normal,106,84,993,top100_sign_concordance,0.72
scPRINT,867757c1,obstructive nephropathy,867757c1-3b1a-49d9-a0cd-17767eb160cc,867757c1-3b1a-49d9-a0cd-17767eb160cc::T cell::obstructive nephropathy_vs_normal,T cell,obstructive nephropathy,normal,106,84,993,logfc_spearman,0.6116933952639761
scPRINT,867757c1,obstructive nephropathy,867757c1-3b1a-49d9-a0cd-17767eb160cc,867757c1-3b1a-49d9-a0cd-17767eb160cc::T cell::obstructive nephropathy_vs_normal,T cell,obstructive nephropathy,normal,106,84,993,top100_abs_jaccard,0.19760479041916168
scPRINT,867757c1,obstructive nephropathy,867757c1-3b1a-49d9-a0cd-17767eb160cc,867757c1-3b1a-49d9-a0cd-17767eb160cc::T cell::obstructive nephropathy_vs_normal,T cell,obstructive nephropathy,normal,106,84,993,top100_sign_concordance,0.9
CellPLM,867757c1,obstructive nephropathy,867757c1-3b1a-49d9-a0cd-17767eb160cc,867757c1-3b1a-49d9-a0cd-17767eb160cc::T cell::obstructive nephropathy_vs_normal,T cell,obstructive nephropathy,normal,106,84,993,logfc_spearman,0.2652697950277792
CellPLM,867757c1,obstructive nephropathy,867757c1-3b1a-49d9-a0cd-17767eb160cc,867757c1-3b1a-49d9-a0cd-17767eb160cc::T cell::obstructive nephropathy_vs_normal,T cell,obstructive nephropathy,normal,106,84,993,top100_abs_jaccard,0.1695906432748538
CellPLM,867757c1,obstructive nephropathy,867757c1-3b1a-49d9-a0cd-17767eb160cc,867757c1-3b1a-49d9-a0cd-17767eb160cc::T cell::obstructive nephropathy_vs_normal,T cell,obstructive nephropathy,normal,106,84,993,top100_sign_concordance,0.71
scTrilemma,867757c1,obstructive nephropathy,867757c1-3b1a-49d9-a0cd-17767eb160cc,867757c1-3b1a-49d9-a0cd-17767eb160cc::T cell::obstructive nephropathy_vs_normal,T cell,obstructive nephropathy,normal,106,84,993,logfc_spearman,0.3360349906183213
scTrilemma,867757c1,obstructive nephropathy,867757c1-3b1a-49d9-a0cd-17767eb160cc,867757c1-3b1a-49d9-a0cd-17767eb160cc::T cell::obstructive nephropathy_vs_normal,T cell,obstructive nephropathy,normal,106,84,993,top100_abs_jaccard,0.21212121212121213
scTrilemma,867757c1,obstructive nephropathy,867757c1-3b1a-49d9-a0cd-17767eb160cc,867757c1-3b1a-49d9-a0cd-17767eb160cc::T cell::obstructive nephropathy_vs_normal,T cell,obstructive nephropathy,normal,106,84,993,top100_sign_concordance,0.8
scVI,867757c1,obstructive nephropathy,867757c1-3b1a-49d9-a0cd-17767eb160cc,867757c1-3b1a-49d9-a0cd-17767eb160cc::parietal epithelial cell::obstructive nephropathy_vs_normal,parietal epithelial cell,obstructive nephropathy,normal,84,84,1333,logfc_spearman,0.12279778903101037
scVI,867757c1,obstructive nephropathy,867757c1-3b1a-49d9-a0cd-17767eb160cc,867757c1-3b1a-49d9-a0cd-17767eb160cc::parietal epithelial cell::obstructive nephropathy_vs_normal,parietal epithelial cell,obstructive nephropathy,normal,84,84,1333,top100_abs_jaccard,0.06382978723404255
scVI,867757c1,obstructive nephropathy,867757c1-3b1a-49d9-a0cd-17767eb160cc,867757c1-3b1a-49d9-a0cd-17767eb160cc::parietal epithelial cell::obstructive nephropathy_vs_normal,parietal epithelial cell,obstructive nephropathy,normal,84,84,1333,top100_sign_concordance,0.72
scPRINT,867757c1,obstructive nephropathy,867757c1-3b1a-49d9-a0cd-17767eb160cc,867757c1-3b1a-49d9-a0cd-17767eb160cc::parietal epithelial cell::obstructive nephropathy_vs_normal,parietal epithelial cell,obstructive nephropathy,normal,84,84,1333,logfc_spearman,0.38850615140274863
scPRINT,867757c1,obstructive nephropathy,867757c1-3b1a-49d9-a0cd-17767eb160cc,867757c1-3b1a-49d9-a0cd-17767eb160cc::parietal epithelial cell::obstructive nephropathy_vs_normal,parietal epithelial cell,obstructive nephropathy,normal,84,84,1333,top100_abs_jaccard,0.21951219512195122
scPRINT,867757c1,obstructive nephropathy,867757c1-3b1a-49d9-a0cd-17767eb160cc,867757c1-3b1a-49d9-a0cd-17767eb160cc::parietal epithelial cell::obstructive nephropathy_vs_normal,parietal epithelial cell,obstructive nephropathy,normal,84,84,1333,top100_sign_concordance,0.78
CellPLM,867757c1,obstructive nephropathy,867757c1-3b1a-49d9-a0cd-17767eb160cc,867757c1-3b1a-49d9-a0cd-17767eb160cc::parietal epithelial cell::obstructive nephropathy_vs_normal,parietal epithelial cell,obstructive nephropathy,normal,84,84,1333,logfc_spearman,0.20213945180921666
CellPLM,867757c1,obstructive nephropathy,867757c1-3b1a-49d9-a0cd-17767eb160cc,867757c1-3b1a-49d9-a0cd-17767eb160cc::parietal epithelial cell::obstructive nephropathy_vs_normal,parietal epithelial cell,obstructive nephropathy,normal,84,84,1333,top100_abs_jaccard,0.10497237569060773
CellPLM,867757c1,obstructive nephropathy,867757c1-3b1a-49d9-a0cd-17767eb160cc,867757c1-3b1a-49d9-a0cd-17767eb160cc::parietal epithelial cell::obstructive nephropathy_vs_normal,parietal epithelial cell,obstructive nephropathy,normal,84,84,1333,top100_sign_concordance,0.62
scTrilemma,867757c1,obstructive nephropathy,867757c1-3b1a-49d9-a0cd-17767eb160cc,867757c1-3b1a-49d9-a0cd-17767eb160cc::parietal epithelial cell::obstructive nephropathy_vs_normal,parietal epithelial cell,obstructive nephropathy,normal,84,84,1333,logfc_spearman,0.3219753727963654
scTrilemma,867757c1,obstructive nephropathy,867757c1-3b1a-49d9-a0cd-17767eb160cc,867757c1-3b1a-49d9-a0cd-17767eb160cc::parietal epithelial cell::obstructive nephropathy_vs_normal,parietal epithelial cell,obstructive nephropathy,normal,84,84,1333,top100_abs_jaccard,0.25
scTrilemma,867757c1,obstructive nephropathy,867757c1-3b1a-49d9-a0cd-17767eb160cc,867757c1-3b1a-49d9-a0cd-17767eb160cc::parietal epithelial cell::obstructive nephropathy_vs_normal,parietal epithelial cell,obstructive nephropathy,normal,84,84,1333,top100_sign_concordance,0.81
scVI,867757c1,obstructive nephropathy,867757c1-3b1a-49d9-a0cd-17767eb160cc,867757c1-3b1a-49d9-a0cd-17767eb160cc::renal principal cell::obstructive nephropathy_vs_normal,renal principal cell,obstructive nephropathy,normal,84,84,1256,logfc_spearman,0.1757362687038205
scVI,867757c1,obstructive nephropathy,867757c1-3b1a-49d9-a0cd-17767eb160cc,867757c1-3b1a-49d9-a0cd-17767eb160cc::renal principal cell::obstructive nephropathy_vs_normal,renal principal cell,obstructive nephropathy,normal,84,84,1256,top100_abs_jaccard,0.0989010989010989
scVI,867757c1,obstructive nephropathy,867757c1-3b1a-49d9-a0cd-17767eb160cc,867757c1-3b1a-49d9-a0cd-17767eb160cc::renal principal cell::obstructive nephropathy_vs_normal,renal principal cell,obstructive nephropathy,normal,84,84,1256,top100_sign_concordance,0.66
scPRINT,867757c1,obstructive nephropathy,867757c1-3b1a-49d9-a0cd-17767eb160cc,867757c1-3b1a-49d9-a0cd-17767eb160cc::renal principal cell::obstructive nephropathy_vs_normal,renal principal cell,obstructive nephropathy,normal,84,84,1256,logfc_spearman,0.4507523620005483
scPRINT,867757c1,obstructive nephropathy,867757c1-3b1a-49d9-a0cd-17767eb160cc,867757c1-3b1a-49d9-a0cd-17767eb160cc::renal principal cell::obstructive nephropathy_vs_normal,renal principal cell,obstructive nephropathy,normal,84,84,1256,top100_abs_jaccard,0.21951219512195122
scPRINT,867757c1,obstructive nephropathy,867757c1-3b1a-49d9-a0cd-17767eb160cc,867757c1-3b1a-49d9-a0cd-17767eb160cc::renal principal cell::obstructive nephropathy_vs_normal,renal principal cell,obstructive nephropathy,normal,84,84,1256,top100_sign_concordance,0.86
CellPLM,867757c1,obstructive nephropathy,867757c1-3b1a-49d9-a0cd-17767eb160cc,867757c1-3b1a-49d9-a0cd-17767eb160cc::renal principal cell::obstructive nephropathy_vs_normal,renal principal cell,obstructive nephropathy,normal,84,84,1256,logfc_spearman,0.1531523814293924
CellPLM,867757c1,obstructive nephropathy,867757c1-3b1a-49d9-a0cd-17767eb160cc,867757c1-3b1a-49d9-a0cd-17767eb160cc::renal principal cell::obstructive nephropathy_vs_normal,renal principal cell,obstructive nephropathy,normal,84,84,1256,top100_abs_jaccard,0.16279069767441862
CellPLM,867757c1,obstructive nephropathy,867757c1-3b1a-49d9-a0cd-17767eb160cc,867757c1-3b1a-49d9-a0cd-17767eb160cc::renal principal cell::obstructive nephropathy_vs_normal,renal principal cell,obstructive nephropathy,normal,84,84,1256,top100_sign_concordance,0.65
scTrilemma,867757c1,obstructive nephropathy,867757c1-3b1a-49d9-a0cd-17767eb160cc,867757c1-3b1a-49d9-a0cd-17767eb160cc::renal principal cell::obstructive nephropathy_vs_normal,renal principal cell,obstructive nephropathy,normal,84,84,1256,logfc_spearman,0.2374196084639748
scTrilemma,867757c1,obstructive nephropathy,867757c1-3b1a-49d9-a0cd-17767eb160cc,867757c1-3b1a-49d9-a0cd-17767eb160cc::renal principal cell::obstructive nephropathy_vs_normal,renal principal cell,obstructive nephropathy,normal,84,84,1256,top100_abs_jaccard,0.2345679012345679
scTrilemma,867757c1,obstructive nephropathy,867757c1-3b1a-49d9-a0cd-17767eb160cc,867757c1-3b1a-49d9-a0cd-17767eb160cc::renal principal cell::obstructive nephropathy_vs_normal,renal principal cell,obstructive nephropathy,normal,84,84,1256,top100_sign_concordance,0.7
scVI,e3ed2ba4,colorectal carcinoma || metastatic malignant neoplasm,e3ed2ba4-edf5-40ac-8750-8a417ad1eefe,e3ed2ba4-edf5-40ac-8750-8a417ad1eefe::T cell::colorectal carcinoma || metastatic malignant neoplasm_vs_normal,T cell,colorectal carcinoma || metastatic malignant neoplasm,normal,115,122,1444,logfc_spearman,0.2775634291296544
scVI,e3ed2ba4,colorectal carcinoma || metastatic malignant neoplasm,e3ed2ba4-edf5-40ac-8750-8a417ad1eefe,e3ed2ba4-edf5-40ac-8750-8a417ad1eefe::T cell::colorectal carcinoma || metastatic malignant neoplasm_vs_normal,T cell,colorectal carcinoma || metastatic malignant neoplasm,normal,115,122,1444,top100_abs_jaccard,0.1834319526627219
scVI,e3ed2ba4,colorectal carcinoma || metastatic malignant neoplasm,e3ed2ba4-edf5-40ac-8750-8a417ad1eefe,e3ed2ba4-edf5-40ac-8750-8a417ad1eefe::T cell::colorectal carcinoma || metastatic malignant neoplasm_vs_normal,T cell,colorectal carcinoma || metastatic malignant neoplasm,normal,115,122,1444,top100_sign_concordance,0.84
scPRINT,e3ed2ba4,colorectal carcinoma || metastatic malignant neoplasm,e3ed2ba4-edf5-40ac-8750-8a417ad1eefe,e3ed2ba4-edf5-40ac-8750-8a417ad1eefe::T cell::colorectal carcinoma || metastatic malignant neoplasm_vs_normal,T cell,colorectal carcinoma || metastatic malignant neoplasm,normal,115,122,1444,logfc_spearman,0.5279318868311382
scPRINT,e3ed2ba4,colorectal carcinoma || metastatic malignant neoplasm,e3ed2ba4-edf5-40ac-8750-8a417ad1eefe,e3ed2ba4-edf5-40ac-8750-8a417ad1eefe::T cell::colorectal carcinoma || metastatic malignant neoplasm_vs_normal,T cell,colorectal carcinoma || metastatic malignant neoplasm,normal,115,122,1444,top100_abs_jaccard,0.20481927710843373
scPRINT,e3ed2ba4,colorectal carcinoma || metastatic malignant neoplasm,e3ed2ba4-edf5-40ac-8750-8a417ad1eefe,e3ed2ba4-edf5-40ac-8750-8a417ad1eefe::T cell::colorectal carcinoma || metastatic malignant neoplasm_vs_normal,T cell,colorectal carcinoma || metastatic malignant neoplasm,normal,115,122,1444,top100_sign_concordance,0.84
CellPLM,e3ed2ba4,colorectal carcinoma || metastatic malignant neoplasm,e3ed2ba4-edf5-40ac-8750-8a417ad1eefe,e3ed2ba4-edf5-40ac-8750-8a417ad1eefe::T cell::colorectal carcinoma || metastatic malignant neoplasm_vs_normal,T cell,colorectal carcinoma || metastatic malignant neoplasm,normal,115,122,1444,logfc_spearman,0.34701710593622176
CellPLM,e3ed2ba4,colorectal carcinoma || metastatic malignant neoplasm,e3ed2ba4-edf5-40ac-8750-8a417ad1eefe,e3ed2ba4-edf5-40ac-8750-8a417ad1eefe::T cell::colorectal carcinoma || metastatic malignant neoplasm_vs_normal,T cell,colorectal carcinoma || metastatic malignant neoplasm,normal,115,122,1444,top100_abs_jaccard,0.2422360248447205
CellPLM,e3ed2ba4,colorectal carcinoma || metastatic malignant neoplasm,e3ed2ba4-edf5-40ac-8750-8a417ad1eefe,e3ed2ba4-edf5-40ac-8750-8a417ad1eefe::T cell::colorectal carcinoma || metastatic malignant neoplasm_vs_normal,T cell,colorectal carcinoma || metastatic malignant neoplasm,normal,115,122,1444,top100_sign_concordance,0.85
scTrilemma,e3ed2ba4,colorectal carcinoma || metastatic malignant neoplasm,e3ed2ba4-edf5-40ac-8750-8a417ad1eefe,e3ed2ba4-edf5-40ac-8750-8a417ad1eefe::T cell::colorectal carcinoma || metastatic malignant neoplasm_vs_normal,T cell,colorectal carcinoma || metastatic malignant neoplasm,normal,115,122,1444,logfc_spearman,0.35677015826529634
scTrilemma,e3ed2ba4,colorectal carcinoma || metastatic malignant neoplasm,e3ed2ba4-edf5-40ac-8750-8a417ad1eefe,e3ed2ba4-edf5-40ac-8750-8a417ad1eefe::T cell::colorectal carcinoma || metastatic malignant neoplasm_vs_normal,T cell,colorectal carcinoma || metastatic malignant neoplasm,normal,115,122,1444,top100_abs_jaccard,0.3793103448275862
scTrilemma,e3ed2ba4,colorectal carcinoma || metastatic malignant neoplasm,e3ed2ba4-edf5-40ac-8750-8a417ad1eefe,e3ed2ba4-edf5-40ac-8750-8a417ad1eefe::T cell::colorectal carcinoma || metastatic malignant neoplasm_vs_normal,T cell,colorectal carcinoma || metastatic malignant neoplasm,normal,115,122,1444,top100_sign_concordance,0.89
scVI,e3ed2ba4,colorectal carcinoma || metastatic malignant neoplasm,e3ed2ba4-edf5-40ac-8750-8a417ad1eefe,e3ed2ba4-edf5-40ac-8750-8a417ad1eefe::mononuclear phagocyte::colorectal carcinoma || metastatic malignant neoplasm_vs_normal,mononuclear phagocyte,colorectal carcinoma || metastatic malignant neoplasm,normal,104,101,1831,logfc_spearman,0.33620295682432877
scVI,e3ed2ba4,colorectal carcinoma || metastatic malignant neoplasm,e3ed2ba4-edf5-40ac-8750-8a417ad1eefe,e3ed2ba4-edf5-40ac-8750-8a417ad1eefe::mononuclear phagocyte::colorectal carcinoma || metastatic malignant neoplasm_vs_normal,mononuclear phagocyte,colorectal carcinoma || metastatic malignant neoplasm,normal,104,101,1831,top100_abs_jaccard,0.26582278481012656
scVI,e3ed2ba4,colorectal carcinoma || metastatic malignant neoplasm,e3ed2ba4-edf5-40ac-8750-8a417ad1eefe,e3ed2ba4-edf5-40ac-8750-8a417ad1eefe::mononuclear phagocyte::colorectal carcinoma || metastatic malignant neoplasm_vs_normal,mononuclear phagocyte,colorectal carcinoma || metastatic malignant neoplasm,normal,104,101,1831,top100_sign_concordance,0.88
scPRINT,e3ed2ba4,colorectal carcinoma || metastatic malignant neoplasm,e3ed2ba4-edf5-40ac-8750-8a417ad1eefe,e3ed2ba4-edf5-40ac-8750-8a417ad1eefe::mononuclear phagocyte::colorectal carcinoma || metastatic malignant neoplasm_vs_normal,mononuclear phagocyte,colorectal carcinoma || metastatic malignant neoplasm,normal,104,101,1831,logfc_spearman,0.42665392265365315
scPRINT,e3ed2ba4,colorectal carcinoma || metastatic malignant neoplasm,e3ed2ba4-edf5-40ac-8750-8a417ad1eefe,e3ed2ba4-edf5-40ac-8750-8a417ad1eefe::mononuclear phagocyte::colorectal carcinoma || metastatic malignant neoplasm_vs_normal,mononuclear phagocyte,colorectal carcinoma || metastatic malignant neoplasm,normal,104,101,1831,top100_abs_jaccard,0.3793103448275862
scPRINT,e3ed2ba4,colorectal carcinoma || metastatic malignant neoplasm,e3ed2ba4-edf5-40ac-8750-8a417ad1eefe,e3ed2ba4-edf5-40ac-8750-8a417ad1eefe::mononuclear phagocyte::colorectal carcinoma || metastatic malignant neoplasm_vs_normal,mononuclear phagocyte,colorectal carcinoma || metastatic malignant neoplasm,normal,104,101,1831,top100_sign_concordance,0.8
CellPLM,e3ed2ba4,colorectal carcinoma || metastatic malignant neoplasm,e3ed2ba4-edf5-40ac-8750-8a417ad1eefe,e3ed2ba4-edf5-40ac-8750-8a417ad1eefe::mononuclear phagocyte::colorectal carcinoma || metastatic malignant neoplasm_vs_normal,mononuclear phagocyte,colorectal carcinoma || metastatic malignant neoplasm,normal,104,101,1831,logfc_spearman,0.38134410656157225
CellPLM,e3ed2ba4,colorectal carcinoma || metastatic malignant neoplasm,e3ed2ba4-edf5-40ac-8750-8a417ad1eefe,e3ed2ba4-edf5-40ac-8750-8a417ad1eefe::mononuclear phagocyte::colorectal carcinoma || metastatic malignant neoplasm_vs_normal,mononuclear phagocyte,colorectal carcinoma || metastatic malignant neoplasm,normal,104,101,1831,top100_abs_jaccard,0.3698630136986301
CellPLM,e3ed2ba4,colorectal carcinoma || metastatic malignant neoplasm,e3ed2ba4-edf5-40ac-8750-8a417ad1eefe,e3ed2ba4-edf5-40ac-8750-8a417ad1eefe::mononuclear phagocyte::colorectal carcinoma || metastatic malignant neoplasm_vs_normal,mononuclear phagocyte,colorectal carcinoma || metastatic malignant neoplasm,normal,104,101,1831,top100_sign_concordance,0.9
scTrilemma,e3ed2ba4,colorectal carcinoma || metastatic malignant neoplasm,e3ed2ba4-edf5-40ac-8750-8a417ad1eefe,e3ed2ba4-edf5-40ac-8750-8a417ad1eefe::mononuclear phagocyte::colorectal carcinoma || metastatic malignant neoplasm_vs_normal,mononuclear phagocyte,colorectal carcinoma || metastatic malignant neoplasm,normal,104,101,1831,logfc_spearman,0.42669196233416756
scTrilemma,e3ed2ba4,colorectal carcinoma || metastatic malignant neoplasm,e3ed2ba4-edf5-40ac-8750-8a417ad1eefe,e3ed2ba4-edf5-40ac-8750-8a417ad1eefe::mononuclear phagocyte::colorectal carcinoma || metastatic malignant neoplasm_vs_normal,mononuclear phagocyte,colorectal carcinoma || metastatic malignant neoplasm,normal,104,101,1831,top100_abs_jaccard,0.5873015873015873
scTrilemma,e3ed2ba4,colorectal carcinoma || metastatic malignant neoplasm,e3ed2ba4-edf5-40ac-8750-8a417ad1eefe,e3ed2ba4-edf5-40ac-8750-8a417ad1eefe::mononuclear phagocyte::colorectal carcinoma || metastatic malignant neoplasm_vs_normal,mononuclear phagocyte,colorectal carcinoma || metastatic malignant neoplasm,normal,104,101,1831,top100_sign_concordance,0.99
scVI,e3ed2ba4,colorectal carcinoma || metastatic malignant neoplasm,e3ed2ba4-edf5-40ac-8750-8a417ad1eefe,e3ed2ba4-edf5-40ac-8750-8a417ad1eefe::neutrophil::colorectal carcinoma || metastatic malignant neoplasm_vs_normal,neutrophil,colorectal carcinoma || metastatic malignant neoplasm,normal,100,119,1301,logfc_spearman,0.32763573190093725
scVI,e3ed2ba4,colorectal carcinoma || metastatic malignant neoplasm,e3ed2ba4-edf5-40ac-8750-8a417ad1eefe,e3ed2ba4-edf5-40ac-8750-8a417ad1eefe::neutrophil::colorectal carcinoma || metastatic malignant neoplasm_vs_normal,neutrophil,colorectal carcinoma || metastatic malignant neoplasm,normal,100,119,1301,top100_abs_jaccard,0.19047619047619047
scVI,e3ed2ba4,colorectal carcinoma || metastatic malignant neoplasm,e3ed2ba4-edf5-40ac-8750-8a417ad1eefe,e3ed2ba4-edf5-40ac-8750-8a417ad1eefe::neutrophil::colorectal carcinoma || metastatic malignant neoplasm_vs_normal,neutrophil,colorectal carcinoma || metastatic malignant neoplasm,normal,100,119,1301,top100_sign_concordance,0.83
scPRINT,e3ed2ba4,colorectal carcinoma || metastatic malignant neoplasm,e3ed2ba4-edf5-40ac-8750-8a417ad1eefe,e3ed2ba4-edf5-40ac-8750-8a417ad1eefe::neutrophil::colorectal carcinoma || metastatic malignant neoplasm_vs_normal,neutrophil,colorectal carcinoma || metastatic malignant neoplasm,normal,100,119,1301,logfc_spearman,0.4664710237073927
scPRINT,e3ed2ba4,colorectal carcinoma || metastatic malignant neoplasm,e3ed2ba4-edf5-40ac-8750-8a417ad1eefe,e3ed2ba4-edf5-40ac-8750-8a417ad1eefe::neutrophil::colorectal carcinoma || metastatic malignant neoplasm_vs_normal,neutrophil,colorectal carcinoma || metastatic malignant neoplasm,normal,100,119,1301,top100_abs_jaccard,0.3698630136986301
scPRINT,e3ed2ba4,colorectal carcinoma || metastatic malignant neoplasm,e3ed2ba4-edf5-40ac-8750-8a417ad1eefe,e3ed2ba4-edf5-40ac-8750-8a417ad1eefe::neutrophil::colorectal carcinoma || metastatic malignant neoplasm_vs_normal,neutrophil,colorectal carcinoma || metastatic malignant neoplasm,normal,100,119,1301,top100_sign_concordance,0.74
CellPLM,e3ed2ba4,colorectal carcinoma || metastatic malignant neoplasm,e3ed2ba4-edf5-40ac-8750-8a417ad1eefe,e3ed2ba4-edf5-40ac-8750-8a417ad1eefe::neutrophil::colorectal carcinoma || metastatic malignant neoplasm_vs_normal,neutrophil,colorectal carcinoma || metastatic malignant neoplasm,normal,100,119,1301,logfc_spearman,0.39737482769641647
CellPLM,e3ed2ba4,colorectal carcinoma || metastatic malignant neoplasm,e3ed2ba4-edf5-40ac-8750-8a417ad1eefe,e3ed2ba4-edf5-40ac-8750-8a417ad1eefe::neutrophil::colorectal carcinoma || metastatic malignant neoplasm_vs_normal,neutrophil,colorectal carcinoma || metastatic malignant neoplasm,normal,100,119,1301,top100_abs_jaccard,0.26582278481012656
CellPLM,e3ed2ba4,colorectal carcinoma || metastatic malignant neoplasm,e3ed2ba4-edf5-40ac-8750-8a417ad1eefe,e3ed2ba4-edf5-40ac-8750-8a417ad1eefe::neutrophil::colorectal carcinoma || metastatic malignant neoplasm_vs_normal,neutrophil,colorectal carcinoma || metastatic malignant neoplasm,normal,100,119,1301,top100_sign_concordance,0.88
scTrilemma,e3ed2ba4,colorectal carcinoma || metastatic malignant neoplasm,e3ed2ba4-edf5-40ac-8750-8a417ad1eefe,e3ed2ba4-edf5-40ac-8750-8a417ad1eefe::neutrophil::colorectal carcinoma || metastatic malignant neoplasm_vs_normal,neutrophil,colorectal carcinoma || metastatic malignant neoplasm,normal,100,119,1301,logfc_spearman,0.47889472101722896
scTrilemma,e3ed2ba4,colorectal carcinoma || metastatic malignant neoplasm,e3ed2ba4-edf5-40ac-8750-8a417ad1eefe,e3ed2ba4-edf5-40ac-8750-8a417ad1eefe::neutrophil::colorectal carcinoma || metastatic malignant neoplasm_vs_normal,neutrophil,colorectal carcinoma || metastatic malignant neoplasm,normal,100,119,1301,top100_abs_jaccard,0.41843971631205673
scTrilemma,e3ed2ba4,colorectal carcinoma || metastatic malignant neoplasm,e3ed2ba4-edf5-40ac-8750-8a417ad1eefe,e3ed2ba4-edf5-40ac-8750-8a417ad1eefe::neutrophil::colorectal carcinoma || metastatic malignant neoplasm_vs_normal,neutrophil,colorectal carcinoma || metastatic malignant neoplasm,normal,100,119,1301,top100_sign_concordance,0.98
scVI,e3ed2ba4,colorectal carcinoma || metastatic malignant neoplasm,e3ed2ba4-edf5-40ac-8750-8a417ad1eefe,e3ed2ba4-edf5-40ac-8750-8a417ad1eefe::natural killer cell::colorectal carcinoma || metastatic malignant neoplasm_vs_normal,natural killer cell,colorectal carcinoma || metastatic malignant neoplasm,normal,91,111,1338,logfc_spearman,0.1699428189832741
scVI,e3ed2ba4,colorectal carcinoma || metastatic malignant neoplasm,e3ed2ba4-edf5-40ac-8750-8a417ad1eefe,e3ed2ba4-edf5-40ac-8750-8a417ad1eefe::natural killer cell::colorectal carcinoma || metastatic malignant neoplasm_vs_normal,natural killer cell,colorectal carcinoma || metastatic malignant neoplasm,normal,91,111,1338,top100_abs_jaccard,0.14285714285714285
scVI,e3ed2ba4,colorectal carcinoma || metastatic malignant neoplasm,e3ed2ba4-edf5-40ac-8750-8a417ad1eefe,e3ed2ba4-edf5-40ac-8750-8a417ad1eefe::natural killer cell::colorectal carcinoma || metastatic malignant neoplasm_vs_normal,natural killer cell,colorectal carcinoma || metastatic malignant neoplasm,normal,91,111,1338,top100_sign_concordance,0.71
scPRINT,e3ed2ba4,colorectal carcinoma || metastatic malignant neoplasm,e3ed2ba4-edf5-40ac-8750-8a417ad1eefe,e3ed2ba4-edf5-40ac-8750-8a417ad1eefe::natural killer cell::colorectal carcinoma || metastatic malignant neoplasm_vs_normal,natural killer cell,colorectal carcinoma || metastatic malignant neoplasm,normal,91,111,1338,logfc_spearman,0.6745553720375339
scPRINT,e3ed2ba4,colorectal carcinoma || metastatic malignant neoplasm,e3ed2ba4-edf5-40ac-8750-8a417ad1eefe,e3ed2ba4-edf5-40ac-8750-8a417ad1eefe::natural killer cell::colorectal carcinoma || metastatic malignant neoplasm_vs_normal,natural killer cell,colorectal carcinoma || metastatic malignant neoplasm,normal,91,111,1338,top100_abs_jaccard,0.2345679012345679
scPRINT,e3ed2ba4,colorectal carcinoma || metastatic malignant neoplasm,e3ed2ba4-edf5-40ac-8750-8a417ad1eefe,e3ed2ba4-edf5-40ac-8750-8a417ad1eefe::natural killer cell::colorectal carcinoma || metastatic malignant neoplasm_vs_normal,natural killer cell,colorectal carcinoma || metastatic malignant neoplasm,normal,91,111,1338,top100_sign_concordance,0.88
CellPLM,e3ed2ba4,colorectal carcinoma || metastatic malignant neoplasm,e3ed2ba4-edf5-40ac-8750-8a417ad1eefe,e3ed2ba4-edf5-40ac-8750-8a417ad1eefe::natural killer cell::colorectal carcinoma || metastatic malignant neoplasm_vs_normal,natural killer cell,colorectal carcinoma || metastatic malignant neoplasm,normal,91,111,1338,logfc_spearman,0.18449536656769985
CellPLM,e3ed2ba4,colorectal carcinoma || metastatic malignant neoplasm,e3ed2ba4-edf5-40ac-8750-8a417ad1eefe,e3ed2ba4-edf5-40ac-8750-8a417ad1eefe::natural killer cell::colorectal carcinoma || metastatic malignant neoplasm_vs_normal,natural killer cell,colorectal carcinoma || metastatic malignant neoplasm,normal,91,111,1338,top100_abs_jaccard,0.19760479041916168
CellPLM,e3ed2ba4,colorectal carcinoma || metastatic malignant neoplasm,e3ed2ba4-edf5-40ac-8750-8a417ad1eefe,e3ed2ba4-edf5-40ac-8750-8a417ad1eefe::natural killer cell::colorectal carcinoma || metastatic malignant neoplasm_vs_normal,natural killer cell,colorectal carcinoma || metastatic malignant neoplasm,normal,91,111,1338,top100_sign_concordance,0.72
scTrilemma,e3ed2ba4,colorectal carcinoma || metastatic malignant neoplasm,e3ed2ba4-edf5-40ac-8750-8a417ad1eefe,e3ed2ba4-edf5-40ac-8750-8a417ad1eefe::natural killer cell::colorectal carcinoma || metastatic malignant neoplasm_vs_normal,natural killer cell,colorectal carcinoma || metastatic malignant neoplasm,normal,91,111,1338,logfc_spearman,0.33545571434095545
scTrilemma,e3ed2ba4,colorectal carcinoma || metastatic malignant neoplasm,e3ed2ba4-edf5-40ac-8750-8a417ad1eefe,e3ed2ba4-edf5-40ac-8750-8a417ad1eefe::natural killer cell::colorectal carcinoma || metastatic malignant neoplasm_vs_normal,natural killer cell,colorectal carcinoma || metastatic malignant neoplasm,normal,91,111,1338,top100_abs_jaccard,0.22699386503067484
scTrilemma,e3ed2ba4,colorectal carcinoma || metastatic malignant neoplasm,e3ed2ba4-edf5-40ac-8750-8a417ad1eefe,e3ed2ba4-edf5-40ac-8750-8a417ad1eefe::natural killer cell::colorectal carcinoma || metastatic malignant neoplasm_vs_normal,natural killer cell,colorectal carcinoma || metastatic malignant neoplasm,normal,91,111,1338,top100_sign_concordance,0.83
scVI,e3ed2ba4,colorectal carcinoma || metastatic malignant neoplasm,e3ed2ba4-edf5-40ac-8750-8a417ad1eefe,e3ed2ba4-edf5-40ac-8750-8a417ad1eefe::B cell::colorectal carcinoma || metastatic malignant neoplasm_vs_normal,B cell,colorectal carcinoma || metastatic malignant neoplasm,normal,92,91,1629,logfc_spearman,0.09815259190806493
scVI,e3ed2ba4,colorectal carcinoma || metastatic malignant neoplasm,e3ed2ba4-edf5-40ac-8750-8a417ad1eefe,e3ed2ba4-edf5-40ac-8750-8a417ad1eefe::B cell::colorectal carcinoma || metastatic malignant neoplasm_vs_normal,B cell,colorectal carcinoma || metastatic malignant neoplasm,normal,92,91,1629,top100_abs_jaccard,0.14285714285714285
scVI,e3ed2ba4,colorectal carcinoma || metastatic malignant neoplasm,e3ed2ba4-edf5-40ac-8750-8a417ad1eefe,e3ed2ba4-edf5-40ac-8750-8a417ad1eefe::B cell::colorectal carcinoma || metastatic malignant neoplasm_vs_normal,B cell,colorectal carcinoma || metastatic malignant neoplasm,normal,92,91,1629,top100_sign_concordance,0.63
scPRINT,e3ed2ba4,colorectal carcinoma || metastatic malignant neoplasm,e3ed2ba4-edf5-40ac-8750-8a417ad1eefe,e3ed2ba4-edf5-40ac-8750-8a417ad1eefe::B cell::colorectal carcinoma || metastatic malignant neoplasm_vs_normal,B cell,colorectal carcinoma || metastatic malignant neoplasm,normal,92,91,1629,logfc_spearman,0.6138220888982516
scPRINT,e3ed2ba4,colorectal carcinoma || metastatic malignant neoplasm,e3ed2ba4-edf5-40ac-8750-8a417ad1eefe,e3ed2ba4-edf5-40ac-8750-8a417ad1eefe::B cell::colorectal carcinoma || metastatic malignant neoplasm_vs_normal,B cell,colorectal carcinoma || metastatic malignant neoplasm,normal,92,91,1629,top100_abs_jaccard,0.21212121212121213
scPRINT,e3ed2ba4,colorectal carcinoma || metastatic malignant neoplasm,e3ed2ba4-edf5-40ac-8750-8a417ad1eefe,e3ed2ba4-edf5-40ac-8750-8a417ad1eefe::B cell::colorectal carcinoma || metastatic malignant neoplasm_vs_normal,B cell,colorectal carcinoma || metastatic malignant neoplasm,normal,92,91,1629,top100_sign_concordance,0.79
CellPLM,e3ed2ba4,colorectal carcinoma || metastatic malignant neoplasm,e3ed2ba4-edf5-40ac-8750-8a417ad1eefe,e3ed2ba4-edf5-40ac-8750-8a417ad1eefe::B cell::colorectal carcinoma || metastatic malignant neoplasm_vs_normal,B cell,colorectal carcinoma || metastatic malignant neoplasm,normal,92,91,1629,logfc_spearman,0.15736920063729332
CellPLM,e3ed2ba4,colorectal carcinoma || metastatic malignant neoplasm,e3ed2ba4-edf5-40ac-8750-8a417ad1eefe,e3ed2ba4-edf5-40ac-8750-8a417ad1eefe::B cell::colorectal carcinoma || metastatic malignant neoplasm_vs_normal,B cell,colorectal carcinoma || metastatic malignant neoplasm,normal,92,91,1629,top100_abs_jaccard,0.20481927710843373
CellPLM,e3ed2ba4,colorectal carcinoma || metastatic malignant neoplasm,e3ed2ba4-edf5-40ac-8750-8a417ad1eefe,e3ed2ba4-edf5-40ac-8750-8a417ad1eefe::B cell::colorectal carcinoma || metastatic malignant neoplasm_vs_normal,B cell,colorectal carcinoma || metastatic malignant neoplasm,normal,92,91,1629,top100_sign_concordance,0.71
scTrilemma,e3ed2ba4,colorectal carcinoma || metastatic malignant neoplasm,e3ed2ba4-edf5-40ac-8750-8a417ad1eefe,e3ed2ba4-edf5-40ac-8750-8a417ad1eefe::B cell::colorectal carcinoma || metastatic malignant neoplasm_vs_normal,B cell,colorectal carcinoma || metastatic malignant neoplasm,normal,92,91,1629,logfc_spearman,0.26709881334031726
scTrilemma,e3ed2ba4,colorectal carcinoma || metastatic malignant neoplasm,e3ed2ba4-edf5-40ac-8750-8a417ad1eefe,e3ed2ba4-edf5-40ac-8750-8a417ad1eefe::B cell::colorectal carcinoma || metastatic malignant neoplasm_vs_normal,B cell,colorectal carcinoma || metastatic malignant neoplasm,normal,92,91,1629,top100_abs_jaccard,0.2345679012345679
scTrilemma,e3ed2ba4,colorectal carcinoma || metastatic malignant neoplasm,e3ed2ba4-edf5-40ac-8750-8a417ad1eefe,e3ed2ba4-edf5-40ac-8750-8a417ad1eefe::B cell::colorectal carcinoma || metastatic malignant neoplasm_vs_normal,B cell,colorectal carcinoma || metastatic malignant neoplasm,normal,92,91,1629,top100_sign_concordance,0.82
scVI,e3ed2ba4,colorectal carcinoma || metastatic malignant neoplasm,e3ed2ba4-edf5-40ac-8750-8a417ad1eefe,e3ed2ba4-edf5-40ac-8750-8a417ad1eefe::endothelial cell::colorectal carcinoma || metastatic malignant neoplasm_vs_normal,endothelial cell,colorectal carcinoma || metastatic malignant neoplasm,normal,90,89,2010,logfc_spearman,0.35340707239881375
scVI,e3ed2ba4,colorectal carcinoma || metastatic malignant neoplasm,e3ed2ba4-edf5-40ac-8750-8a417ad1eefe,e3ed2ba4-edf5-40ac-8750-8a417ad1eefe::endothelial cell::colorectal carcinoma || metastatic malignant neoplasm_vs_normal,endothelial cell,colorectal carcinoma || metastatic malignant neoplasm,normal,90,89,2010,top100_abs_jaccard,0.13636363636363635
scVI,e3ed2ba4,colorectal carcinoma || metastatic malignant neoplasm,e3ed2ba4-edf5-40ac-8750-8a417ad1eefe,e3ed2ba4-edf5-40ac-8750-8a417ad1eefe::endothelial cell::colorectal carcinoma || metastatic malignant neoplasm_vs_normal,endothelial cell,colorectal carcinoma || metastatic malignant neoplasm,normal,90,89,2010,top100_sign_concordance,0.87
scPRINT,e3ed2ba4,colorectal carcinoma || metastatic malignant neoplasm,e3ed2ba4-edf5-40ac-8750-8a417ad1eefe,e3ed2ba4-edf5-40ac-8750-8a417ad1eefe::endothelial cell::colorectal carcinoma || metastatic malignant neoplasm_vs_normal,endothelial cell,colorectal carcinoma || metastatic malignant neoplasm,normal,90,89,2010,logfc_spearman,0.43030092101393186
scPRINT,e3ed2ba4,colorectal carcinoma || metastatic malignant neoplasm,e3ed2ba4-edf5-40ac-8750-8a417ad1eefe,e3ed2ba4-edf5-40ac-8750-8a417ad1eefe::endothelial cell::colorectal carcinoma || metastatic malignant neoplasm_vs_normal,endothelial cell,colorectal carcinoma || metastatic malignant neoplasm,normal,90,89,2010,top100_abs_jaccard,0.3698630136986301
scPRINT,e3ed2ba4,colorectal carcinoma || metastatic malignant neoplasm,e3ed2ba4-edf5-40ac-8750-8a417ad1eefe,e3ed2ba4-edf5-40ac-8750-8a417ad1eefe::endothelial cell::colorectal carcinoma || metastatic malignant neoplasm_vs_normal,endothelial cell,colorectal carcinoma || metastatic malignant neoplasm,normal,90,89,2010,top100_sign_concordance,0.85
CellPLM,e3ed2ba4,colorectal carcinoma || metastatic malignant neoplasm,e3ed2ba4-edf5-40ac-8750-8a417ad1eefe,e3ed2ba4-edf5-40ac-8750-8a417ad1eefe::endothelial cell::colorectal carcinoma || metastatic malignant neoplasm_vs_normal,endothelial cell,colorectal carcinoma || metastatic malignant neoplasm,normal,90,89,2010,logfc_spearman,0.22406452351421766
CellPLM,e3ed2ba4,colorectal carcinoma || metastatic malignant neoplasm,e3ed2ba4-edf5-40ac-8750-8a417ad1eefe,e3ed2ba4-edf5-40ac-8750-8a417ad1eefe::endothelial cell::colorectal carcinoma || metastatic malignant neoplasm_vs_normal,endothelial cell,colorectal carcinoma || metastatic malignant neoplasm,normal,90,89,2010,top100_abs_jaccard,0.19760479041916168
CellPLM,e3ed2ba4,colorectal carcinoma || metastatic malignant neoplasm,e3ed2ba4-edf5-40ac-8750-8a417ad1eefe,e3ed2ba4-edf5-40ac-8750-8a417ad1eefe::endothelial cell::colorectal carcinoma || metastatic malignant neoplasm_vs_normal,endothelial cell,colorectal carcinoma || metastatic malignant neoplasm,normal,90,89,2010,top100_sign_concordance,0.8
scTrilemma,e3ed2ba4,colorectal carcinoma || metastatic malignant neoplasm,e3ed2ba4-edf5-40ac-8750-8a417ad1eefe,e3ed2ba4-edf5-40ac-8750-8a417ad1eefe::endothelial cell::colorectal carcinoma || metastatic malignant neoplasm_vs_normal,endothelial cell,colorectal carcinoma || metastatic malignant neoplasm,normal,90,89,2010,logfc_spearman,0.4867536661653385
scTrilemma,e3ed2ba4,colorectal carcinoma || metastatic malignant neoplasm,e3ed2ba4-edf5-40ac-8750-8a417ad1eefe,e3ed2ba4-edf5-40ac-8750-8a417ad1eefe::endothelial cell::colorectal carcinoma || metastatic malignant neoplasm_vs_normal,endothelial cell,colorectal carcinoma || metastatic malignant neoplasm,normal,90,89,2010,top100_abs_jaccard,0.4925373134328358
scTrilemma,e3ed2ba4,colorectal carcinoma || metastatic malignant neoplasm,e3ed2ba4-edf5-40ac-8750-8a417ad1eefe,e3ed2ba4-edf5-40ac-8750-8a417ad1eefe::endothelial cell::colorectal carcinoma || metastatic malignant neoplasm_vs_normal,endothelial cell,colorectal carcinoma || metastatic malignant neoplasm,normal,90,89,2010,top100_sign_concordance,0.98
scVI,e51bae9a,type 2 diabetes mellitus,e51bae9a-c747-4b64-904a-4da7cda218ab,e51bae9a-c747-4b64-904a-4da7cda218ab::pancreatic A cell::type 2 diabetes mellitus_vs_normal,pancreatic A cell,type 2 diabetes mellitus,normal,78,75,1679,logfc_spearman,0.10963034753637213
scVI,e51bae9a,type 2 diabetes mellitus,e51bae9a-c747-4b64-904a-4da7cda218ab,e51bae9a-c747-4b64-904a-4da7cda218ab::pancreatic A cell::type 2 diabetes mellitus_vs_normal,pancreatic A cell,type 2 diabetes mellitus,normal,78,75,1679,top100_abs_jaccard,0.11731843575418995
scVI,e51bae9a,type 2 diabetes mellitus,e51bae9a-c747-4b64-904a-4da7cda218ab,e51bae9a-c747-4b64-904a-4da7cda218ab::pancreatic A cell::type 2 diabetes mellitus_vs_normal,pancreatic A cell,type 2 diabetes mellitus,normal,78,75,1679,top100_sign_concordance,0.64
scPRINT,e51bae9a,type 2 diabetes mellitus,e51bae9a-c747-4b64-904a-4da7cda218ab,e51bae9a-c747-4b64-904a-4da7cda218ab::pancreatic A cell::type 2 diabetes mellitus_vs_normal,pancreatic A cell,type 2 diabetes mellitus,normal,78,75,1679,logfc_spearman,0.5520832193834943
scPRINT,e51bae9a,type 2 diabetes mellitus,e51bae9a-c747-4b64-904a-4da7cda218ab,e51bae9a-c747-4b64-904a-4da7cda218ab::pancreatic A cell::type 2 diabetes mellitus_vs_normal,pancreatic A cell,type 2 diabetes mellitus,normal,78,75,1679,top100_abs_jaccard,0.27388535031847133
scPRINT,e51bae9a,type 2 diabetes mellitus,e51bae9a-c747-4b64-904a-4da7cda218ab,e51bae9a-c747-4b64-904a-4da7cda218ab::pancreatic A cell::type 2 diabetes mellitus_vs_normal,pancreatic A cell,type 2 diabetes mellitus,normal,78,75,1679,top100_sign_concordance,0.91
CellPLM,e51bae9a,type 2 diabetes mellitus,e51bae9a-c747-4b64-904a-4da7cda218ab,e51bae9a-c747-4b64-904a-4da7cda218ab::pancreatic A cell::type 2 diabetes mellitus_vs_normal,pancreatic A cell,type 2 diabetes mellitus,normal,78,75,1679,logfc_spearman,0.14665632139297116
CellPLM,e51bae9a,type 2 diabetes mellitus,e51bae9a-c747-4b64-904a-4da7cda218ab,e51bae9a-c747-4b64-904a-4da7cda218ab::pancreatic A cell::type 2 diabetes mellitus_vs_normal,pancreatic A cell,type 2 diabetes mellitus,normal,78,75,1679,top100_abs_jaccard,0.16279069767441862
CellPLM,e51bae9a,type 2 diabetes mellitus,e51bae9a-c747-4b64-904a-4da7cda218ab,e51bae9a-c747-4b64-904a-4da7cda218ab::pancreatic A cell::type 2 diabetes mellitus_vs_normal,pancreatic A cell,type 2 diabetes mellitus,normal,78,75,1679,top100_sign_concordance,0.65
scTrilemma,e51bae9a,type 2 diabetes mellitus,e51bae9a-c747-4b64-904a-4da7cda218ab,e51bae9a-c747-4b64-904a-4da7cda218ab::pancreatic A cell::type 2 diabetes mellitus_vs_normal,pancreatic A cell,type 2 diabetes mellitus,normal,78,75,1679,logfc_spearman,0.32613555102525943
scTrilemma,e51bae9a,type 2 diabetes mellitus,e51bae9a-c747-4b64-904a-4da7cda218ab,e51bae9a-c747-4b64-904a-4da7cda218ab::pancreatic A cell::type 2 diabetes mellitus_vs_normal,pancreatic A cell,type 2 diabetes mellitus,normal,78,75,1679,top100_abs_jaccard,0.26582278481012656
scTrilemma,e51bae9a,type 2 diabetes mellitus,e51bae9a-c747-4b64-904a-4da7cda218ab,e51bae9a-c747-4b64-904a-4da7cda218ab::pancreatic A cell::type 2 diabetes mellitus_vs_normal,pancreatic A cell,type 2 diabetes mellitus,normal,78,75,1679,top100_sign_concordance,0.82
scVI,e51bae9a,type 2 diabetes mellitus,e51bae9a-c747-4b64-904a-4da7cda218ab,e51bae9a-c747-4b64-904a-4da7cda218ab::pancreatic ductal cell::type 2 diabetes mellitus_vs_normal,pancreatic ductal cell,type 2 diabetes mellitus,normal,74,72,1880,logfc_spearman,0.13263389274169113
scVI,e51bae9a,type 2 diabetes mellitus,e51bae9a-c747-4b64-904a-4da7cda218ab,e51bae9a-c747-4b64-904a-4da7cda218ab::pancreatic ductal cell::type 2 diabetes mellitus_vs_normal,pancreatic ductal cell,type 2 diabetes mellitus,normal,74,72,1880,top100_abs_jaccard,0.0989010989010989
scVI,e51bae9a,type 2 diabetes mellitus,e51bae9a-c747-4b64-904a-4da7cda218ab,e51bae9a-c747-4b64-904a-4da7cda218ab::pancreatic ductal cell::type 2 diabetes mellitus_vs_normal,pancreatic ductal cell,type 2 diabetes mellitus,normal,74,72,1880,top100_sign_concordance,0.62
scPRINT,e51bae9a,type 2 diabetes mellitus,e51bae9a-c747-4b64-904a-4da7cda218ab,e51bae9a-c747-4b64-904a-4da7cda218ab::pancreatic ductal cell::type 2 diabetes mellitus_vs_normal,pancreatic ductal cell,type 2 diabetes mellitus,normal,74,72,1880,logfc_spearman,0.3336208997535607
scPRINT,e51bae9a,type 2 diabetes mellitus,e51bae9a-c747-4b64-904a-4da7cda218ab,e51bae9a-c747-4b64-904a-4da7cda218ab::pancreatic ductal cell::type 2 diabetes mellitus_vs_normal,pancreatic ductal cell,type 2 diabetes mellitus,normal,74,72,1880,top100_abs_jaccard,0.19047619047619047
scPRINT,e51bae9a,type 2 diabetes mellitus,e51bae9a-c747-4b64-904a-4da7cda218ab,e51bae9a-c747-4b64-904a-4da7cda218ab::pancreatic ductal cell::type 2 diabetes mellitus_vs_normal,pancreatic ductal cell,type 2 diabetes mellitus,normal,74,72,1880,top100_sign_concordance,0.86
CellPLM,e51bae9a,type 2 diabetes mellitus,e51bae9a-c747-4b64-904a-4da7cda218ab,e51bae9a-c747-4b64-904a-4da7cda218ab::pancreatic ductal cell::type 2 diabetes mellitus_vs_normal,pancreatic ductal cell,type 2 diabetes mellitus,normal,74,72,1880,logfc_spearman,0.12915526773923064
CellPLM,e51bae9a,type 2 diabetes mellitus,e51bae9a-c747-4b64-904a-4da7cda218ab,e51bae9a-c747-4b64-904a-4da7cda218ab::pancreatic ductal cell::type 2 diabetes mellitus_vs_normal,pancreatic ductal cell,type 2 diabetes mellitus,normal,74,72,1880,top100_abs_jaccard,0.12359550561797752
CellPLM,e51bae9a,type 2 diabetes mellitus,e51bae9a-c747-4b64-904a-4da7cda218ab,e51bae9a-c747-4b64-904a-4da7cda218ab::pancreatic ductal cell::type 2 diabetes mellitus_vs_normal,pancreatic ductal cell,type 2 diabetes mellitus,normal,74,72,1880,top100_sign_concordance,0.67
scTrilemma,e51bae9a,type 2 diabetes mellitus,e51bae9a-c747-4b64-904a-4da7cda218ab,e51bae9a-c747-4b64-904a-4da7cda218ab::pancreatic ductal cell::type 2 diabetes mellitus_vs_normal,pancreatic ductal cell,type 2 diabetes mellitus,normal,74,72,1880,logfc_spearman,0.26091349033456035
scTrilemma,e51bae9a,type 2 diabetes mellitus,e51bae9a-c747-4b64-904a-4da7cda218ab,e51bae9a-c747-4b64-904a-4da7cda218ab::pancreatic ductal cell::type 2 diabetes mellitus_vs_normal,pancreatic ductal cell,type 2 diabetes mellitus,normal,74,72,1880,top100_abs_jaccard,0.2987012987012987
scTrilemma,e51bae9a,type 2 diabetes mellitus,e51bae9a-c747-4b64-904a-4da7cda218ab,e51bae9a-c747-4b64-904a-4da7cda218ab::pancreatic ductal cell::type 2 diabetes mellitus_vs_normal,pancreatic ductal cell,type 2 diabetes mellitus,normal,74,72,1880,top100_sign_concordance,0.81
scVI,e51bae9a,type 2 diabetes mellitus,e51bae9a-c747-4b64-904a-4da7cda218ab,e51bae9a-c747-4b64-904a-4da7cda218ab::pancreatic PP cell::type 2 diabetes mellitus_vs_normal,pancreatic PP cell,type 2 diabetes mellitus,normal,70,70,1693,logfc_spearman,0.2019521513118427
scVI,e51bae9a,type 2 diabetes mellitus,e51bae9a-c747-4b64-904a-4da7cda218ab,e51bae9a-c747-4b64-904a-4da7cda218ab::pancreatic PP cell::type 2 diabetes mellitus_vs_normal,pancreatic PP cell,type 2 diabetes mellitus,normal,70,70,1693,top100_abs_jaccard,0.08108108108108109
scVI,e51bae9a,type 2 diabetes mellitus,e51bae9a-c747-4b64-904a-4da7cda218ab,e51bae9a-c747-4b64-904a-4da7cda218ab::pancreatic PP cell::type 2 diabetes mellitus_vs_normal,pancreatic PP cell,type 2 diabetes mellitus,normal,70,70,1693,top100_sign_concordance,0.63
scPRINT,e51bae9a,type 2 diabetes mellitus,e51bae9a-c747-4b64-904a-4da7cda218ab,e51bae9a-c747-4b64-904a-4da7cda218ab::pancreatic PP cell::type 2 diabetes mellitus_vs_normal,pancreatic PP cell,type 2 diabetes mellitus,normal,70,70,1693,logfc_spearman,0.6380224720003601
scPRINT,e51bae9a,type 2 diabetes mellitus,e51bae9a-c747-4b64-904a-4da7cda218ab,e51bae9a-c747-4b64-904a-4da7cda218ab::pancreatic PP cell::type 2 diabetes mellitus_vs_normal,pancreatic PP cell,type 2 diabetes mellitus,normal,70,70,1693,top100_abs_jaccard,0.2987012987012987
scPRINT,e51bae9a,type 2 diabetes mellitus,e51bae9a-c747-4b64-904a-4da7cda218ab,e51bae9a-c747-4b64-904a-4da7cda218ab::pancreatic PP cell::type 2 diabetes mellitus_vs_normal,pancreatic PP cell,type 2 diabetes mellitus,normal,70,70,1693,top100_sign_concordance,0.89
CellPLM,e51bae9a,type 2 diabetes mellitus,e51bae9a-c747-4b64-904a-4da7cda218ab,e51bae9a-c747-4b64-904a-4da7cda218ab::pancreatic PP cell::type 2 diabetes mellitus_vs_normal,pancreatic PP cell,type 2 diabetes mellitus,normal,70,70,1693,logfc_spearman,0.28664006138268694
CellPLM,e51bae9a,type 2 diabetes mellitus,e51bae9a-c747-4b64-904a-4da7cda218ab,e51bae9a-c747-4b64-904a-4da7cda218ab::pancreatic PP cell::type 2 diabetes mellitus_vs_normal,pancreatic PP cell,type 2 diabetes mellitus,normal,70,70,1693,top100_abs_jaccard,0.1834319526627219
CellPLM,e51bae9a,type 2 diabetes mellitus,e51bae9a-c747-4b64-904a-4da7cda218ab,e51bae9a-c747-4b64-904a-4da7cda218ab::pancreatic PP cell::type 2 diabetes mellitus_vs_normal,pancreatic PP cell,type 2 diabetes mellitus,normal,70,70,1693,top100_sign_concordance,0.74
scTrilemma,e51bae9a,type 2 diabetes mellitus,e51bae9a-c747-4b64-904a-4da7cda218ab,e51bae9a-c747-4b64-904a-4da7cda218ab::pancreatic PP cell::type 2 diabetes mellitus_vs_normal,pancreatic PP cell,type 2 diabetes mellitus,normal,70,70,1693,logfc_spearman,0.3436223409928342
scTrilemma,e51bae9a,type 2 diabetes mellitus,e51bae9a-c747-4b64-904a-4da7cda218ab,e51bae9a-c747-4b64-904a-4da7cda218ab::pancreatic PP cell::type 2 diabetes mellitus_vs_normal,pancreatic PP cell,type 2 diabetes mellitus,normal,70,70,1693,top100_abs_jaccard,0.2578616352201258
scTrilemma,e51bae9a,type 2 diabetes mellitus,e51bae9a-c747-4b64-904a-4da7cda218ab,e51bae9a-c747-4b64-904a-4da7cda218ab::pancreatic PP cell::type 2 diabetes mellitus_vs_normal,pancreatic PP cell,type 2 diabetes mellitus,normal,70,70,1693,top100_sign_concordance,0.68
scVI,e51bae9a,type 2 diabetes mellitus,e51bae9a-c747-4b64-904a-4da7cda218ab,e51bae9a-c747-4b64-904a-4da7cda218ab::pancreatic acinar cell::type 2 diabetes mellitus_vs_normal,pancreatic acinar cell,type 2 diabetes mellitus,normal,69,70,1770,logfc_spearman,0.06612648554846969
scVI,e51bae9a,type 2 diabetes mellitus,e51bae9a-c747-4b64-904a-4da7cda218ab,e51bae9a-c747-4b64-904a-4da7cda218ab::pancreatic acinar cell::type 2 diabetes mellitus_vs_normal,pancreatic acinar cell,type 2 diabetes mellitus,normal,69,70,1770,top100_abs_jaccard,0.05263157894736842
scVI,e51bae9a,type 2 diabetes mellitus,e51bae9a-c747-4b64-904a-4da7cda218ab,e51bae9a-c747-4b64-904a-4da7cda218ab::pancreatic acinar cell::type 2 diabetes mellitus_vs_normal,pancreatic acinar cell,type 2 diabetes mellitus,normal,69,70,1770,top100_sign_concordance,0.47
scPRINT,e51bae9a,type 2 diabetes mellitus,e51bae9a-c747-4b64-904a-4da7cda218ab,e51bae9a-c747-4b64-904a-4da7cda218ab::pancreatic acinar cell::type 2 diabetes mellitus_vs_normal,pancreatic acinar cell,type 2 diabetes mellitus,normal,69,70,1770,logfc_spearman,0.1548251344001169
scPRINT,e51bae9a,type 2 diabetes mellitus,e51bae9a-c747-4b64-904a-4da7cda218ab,e51bae9a-c747-4b64-904a-4da7cda218ab::pancreatic acinar cell::type 2 diabetes mellitus_vs_normal,pancreatic acinar cell,type 2 diabetes mellitus,normal,69,70,1770,top100_abs_jaccard,0.26582278481012656
scPRINT,e51bae9a,type 2 diabetes mellitus,e51bae9a-c747-4b64-904a-4da7cda218ab,e51bae9a-c747-4b64-904a-4da7cda218ab::pancreatic acinar cell::type 2 diabetes mellitus_vs_normal,pancreatic acinar cell,type 2 diabetes mellitus,normal,69,70,1770,top100_sign_concordance,0.61
CellPLM,e51bae9a,type 2 diabetes mellitus,e51bae9a-c747-4b64-904a-4da7cda218ab,e51bae9a-c747-4b64-904a-4da7cda218ab::pancreatic acinar cell::type 2 diabetes mellitus_vs_normal,pancreatic acinar cell,type 2 diabetes mellitus,normal,69,70,1770,logfc_spearman,-0.01152249732867632
CellPLM,e51bae9a,type 2 diabetes mellitus,e51bae9a-c747-4b64-904a-4da7cda218ab,e51bae9a-c747-4b64-904a-4da7cda218ab::pancreatic acinar cell::type 2 diabetes mellitus_vs_normal,pancreatic acinar cell,type 2 diabetes mellitus,normal,69,70,1770,top100_abs_jaccard,0.16279069767441862
CellPLM,e51bae9a,type 2 diabetes mellitus,e51bae9a-c747-4b64-904a-4da7cda218ab,e51bae9a-c747-4b64-904a-4da7cda218ab::pancreatic acinar cell::type 2 diabetes mellitus_vs_normal,pancreatic acinar cell,type 2 diabetes mellitus,normal,69,70,1770,top100_sign_concordance,0.46
scTrilemma,e51bae9a,type 2 diabetes mellitus,e51bae9a-c747-4b64-904a-4da7cda218ab,e51bae9a-c747-4b64-904a-4da7cda218ab::pancreatic acinar cell::type 2 diabetes mellitus_vs_normal,pancreatic acinar cell,type 2 diabetes mellitus,normal,69,70,1770,logfc_spearman,0.28064493501917936
scTrilemma,e51bae9a,type 2 diabetes mellitus,e51bae9a-c747-4b64-904a-4da7cda218ab,e51bae9a-c747-4b64-904a-4da7cda218ab::pancreatic acinar cell::type 2 diabetes mellitus_vs_normal,pancreatic acinar cell,type 2 diabetes mellitus,normal,69,70,1770,top100_abs_jaccard,0.3793103448275862
scTrilemma,e51bae9a,type 2 diabetes mellitus,e51bae9a-c747-4b64-904a-4da7cda218ab,e51bae9a-c747-4b64-904a-4da7cda218ab::pancreatic acinar cell::type 2 diabetes mellitus_vs_normal,pancreatic acinar cell,type 2 diabetes mellitus,normal,69,70,1770,top100_sign_concordance,0.8
scVI,e51bae9a,type 2 diabetes mellitus,e51bae9a-c747-4b64-904a-4da7cda218ab,e51bae9a-c747-4b64-904a-4da7cda218ab::mast cell::type 2 diabetes mellitus_vs_normal,mast cell,type 2 diabetes mellitus,normal,69,69,1721,logfc_spearman,0.1495349930712739
scVI,e51bae9a,type 2 diabetes mellitus,e51bae9a-c747-4b64-904a-4da7cda218ab,e51bae9a-c747-4b64-904a-4da7cda218ab::mast cell::type 2 diabetes mellitus_vs_normal,mast cell,type 2 diabetes mellitus,normal,69,69,1721,top100_abs_jaccard,0.09289617486338798
scVI,e51bae9a,type 2 diabetes mellitus,e51bae9a-c747-4b64-904a-4da7cda218ab,e51bae9a-c747-4b64-904a-4da7cda218ab::mast cell::type 2 diabetes mellitus_vs_normal,mast cell,type 2 diabetes mellitus,normal,69,69,1721,top100_sign_concordance,0.73
scPRINT,e51bae9a,type 2 diabetes mellitus,e51bae9a-c747-4b64-904a-4da7cda218ab,e51bae9a-c747-4b64-904a-4da7cda218ab::mast cell::type 2 diabetes mellitus_vs_normal,mast cell,type 2 diabetes mellitus,normal,69,69,1721,logfc_spearman,0.20768009912527813
scPRINT,e51bae9a,type 2 diabetes mellitus,e51bae9a-c747-4b64-904a-4da7cda218ab,e51bae9a-c747-4b64-904a-4da7cda218ab::mast cell::type 2 diabetes mellitus_vs_normal,mast cell,type 2 diabetes mellitus,normal,69,69,1721,top100_abs_jaccard,0.15606936416184972
scPRINT,e51bae9a,type 2 diabetes mellitus,e51bae9a-c747-4b64-904a-4da7cda218ab,e51bae9a-c747-4b64-904a-4da7cda218ab::mast cell::type 2 diabetes mellitus_vs_normal,mast cell,type 2 diabetes mellitus,normal,69,69,1721,top100_sign_concordance,0.59
CellPLM,e51bae9a,type 2 diabetes mellitus,e51bae9a-c747-4b64-904a-4da7cda218ab,e51bae9a-c747-4b64-904a-4da7cda218ab::mast cell::type 2 diabetes mellitus_vs_normal,mast cell,type 2 diabetes mellitus,normal,69,69,1721,logfc_spearman,0.1951318920688565
CellPLM,e51bae9a,type 2 diabetes mellitus,e51bae9a-c747-4b64-904a-4da7cda218ab,e51bae9a-c747-4b64-904a-4da7cda218ab::mast cell::type 2 diabetes mellitus_vs_normal,mast cell,type 2 diabetes mellitus,normal,69,69,1721,top100_abs_jaccard,0.11731843575418995
CellPLM,e51bae9a,type 2 diabetes mellitus,e51bae9a-c747-4b64-904a-4da7cda218ab,e51bae9a-c747-4b64-904a-4da7cda218ab::mast cell::type 2 diabetes mellitus_vs_normal,mast cell,type 2 diabetes mellitus,normal,69,69,1721,top100_sign_concordance,0.7
scTrilemma,e51bae9a,type 2 diabetes mellitus,e51bae9a-c747-4b64-904a-4da7cda218ab,e51bae9a-c747-4b64-904a-4da7cda218ab::mast cell::type 2 diabetes mellitus_vs_normal,mast cell,type 2 diabetes mellitus,normal,69,69,1721,logfc_spearman,0.2387028091549427
scTrilemma,e51bae9a,type 2 diabetes mellitus,e51bae9a-c747-4b64-904a-4da7cda218ab,e51bae9a-c747-4b64-904a-4da7cda218ab::mast cell::type 2 diabetes mellitus_vs_normal,mast cell,type 2 diabetes mellitus,normal,69,69,1721,top100_abs_jaccard,0.3888888888888889
scTrilemma,e51bae9a,type 2 diabetes mellitus,e51bae9a-c747-4b64-904a-4da7cda218ab,e51bae9a-c747-4b64-904a-4da7cda218ab::mast cell::type 2 diabetes mellitus_vs_normal,mast cell,type 2 diabetes mellitus,normal,69,69,1721,top100_sign_concordance,0.84
